@id	@sens-resultat	absence	abus	abus de droit	abus de procédure	abusif	abusif ainsi	abusif en application	abusif pouvoir	accord	affaire	agir	ainsi	ajouter	allocation	allouer	alléguer	alors	amende	amende civil	an	août	appel	appelant	appeler	application	application du disposition	appréciation	après	arrêt	article	assignation	attendre	attendu	aucun	autre	avant	bien	blâmable	cadre	caractère	caractère abusif	caractériser	cas	cause	cause de appel	causer	celui	celui qui agir	cesser	charge	chef	circonstance	civil	civil ainsi	civil devoir	civil dit	civil outre	code	code civil	code de procédure	coder	coder de procédure	commander	comme	commerce	complémentaire	compte	compter	conclusion	condamnation	condamnation de monsieur	condamne	condamner	condamner monsieur	confirmation	confirme	confirmer	confirmer le décision	confirmer le jugement	considérant	considérer	constituer	conséquence	contractuel	contraindre	contraindre de exposer	convenir	convenir convier	convier	cour	cour de appel	demande	demande de dommage	demande de dommages	demande en dommages	demande reconventionnel	depuis	dernier	dette	deux	deux an	devant	devant le cour	devoir	dilatoire	dilatoire ou abusif	disposer	disposition	dit	dol	dommage	dommage et intérêt	dommages	dommages intérêts	donc	donner	dont	droit	dès	dès lors	débat	déboute	déboute madame	débouter	décision	déclarer	défendre	déférer	dégénérer	dégénérer en abus	démontrer	dépens	dépens de appel	encontre	engager	entier	entier dépens	entre	entreprendre	erreur	espèce	euro	euro au titre	euro en application	euro par application	euro à titre	exercice	exigence	exposer	faire	faire valoir	fait	faute	financier	fixer	foi	foi fois	fois	fond	fondement	fonder	former	frai	frai frais	frai frais irrépétibles	frais	frais irrépétibles	février	grossier	ii	infirmer	instance	intention	interjeter	interjeter appel	intervenir	intérêt	intérêt pour procédure	intérêts	intérêts pour procédure	invoquer	irrecevable	irrépétibles	janvier	jour	juge	jugement	jugement entreprendre	justifier	lieu	litige	lors	légal	légal à compter	légèreté blâmable	madame	mensuel	mois	monsieur	montant	moyen	nature	ni	non	nouveau	obligation	organisme	outre	paiement	part	partie	payer	payer le somme	payer payer	payer un amende	payer à monsieur	penser	percevoir	permettre	pierre	pièce	plus	porter	pouvoir	pouvoir donner	pouvoir être reprocher	premier	premier instance	premier juge	prendre en charge	preuve	priver	procédure	procédure abusif	procédure civil	procédure civil ainsi	procédure civil dit	procédure civil outre	produire	prononcer	prononcer un amende	préjudice subir	présenter	prétention	période	raison	rejeter	relatif	relation	rupture	réclame	réclamer	référer	régler	régulier	réparation	réparation du préjudice	résulter	sarl	savoir	selon	seulement	si	solliciter	somme	somme suivant	sommer	sorte	statuer	subir	succomber	suivant	suivant du code	suivre	supporter	supporter le dépens	tant	tau	tau taux	tau taux légal	taux	taux légal	tel	terme	texte	titre	titre de dommage	titre de dommages	tort	tout	tout son disposition	toutefois	tribunal	valoir	verser	verser le somme	verser à madame	viser	vocation	voir
CAPAR1415151_acpa-accepte	acpa-accepte	0.0	0.0	0.0	0.0	0.04517691203620547	0.0	0.0	0.0	0.0	0.0	0.035699697567150225	0.0	0.0	0.0	0.0	0.0	0.0	0.04517691203620547	0.04517691203620547	0.0	0.0	0.0	0.0	0.0	0.0	0.0	0.0	0.0	0.02224151070721719	0.04375417739023122	0.0	0.0	0.0	0.0	0.0	0.0	0.0	0.0	0.0	0.0	0.0	0.0	0.0	0.0	0.0	0.0	0.0	0.0	0.0	0.0	0.0	0.0	0.04614928271780282	0.0	0.0	0.0	0.0	0.04375417739023122	0.0	0.04014611340520997	0.0	0.0	0.06102903608887537	0.02532933852172514	0.0	0.0	0.0	0.0	0.0	0.0	0.0	0.03949336670054932	0.04917008155606777	0.03949336670054932	0.0	0.0	0.0	0.0	0.0	0.020435247227046274	0.0	0.0	0.0	0.0	0.0	0.0	0.0	0.0	0.0	0.0	0.0	0.04923711053231075	0.0	0.0	0.0	0.0	0.0	0.0	0.0	0.0	0.0	0.0	0.0	0.11439704344478659	0.0	0.0	0.0	0.0	0.07460143119650982	0.0	0.0	0.0	0.053368007355911184	0.053368007355911184	0.0	0.04497629984262887	0.0	0.03628605641847155	0.0	0.0	0.0	0.0	0.0	0.0	0.0	0.0	0.0	0.0	0.0	0.0	0.0	0.0	0.0	0.0	0.0	0.0	0.0	0.0	0.0	0.0	0.0	0.0	0.0	0.0	0.0	0.0	0.0	0.0	0.0	0.035699697567150225	0.0	0.0	0.0	0.0	0.0	0.0	0.0	0.0	0.0	0.06934873041341796	0.0	0.0	0.0	0.0	0.0	0.0	0.0	0.02532933852172514	0.0	0.0	0.0	0.0	0.0	0.0	0.0	0.0	0.0	0.0	0.053368007355911184	0.0863583746106005	0.0	0.0	0.0	0.0	0.0	0.0	0.0	0.0	0.0	0.0	0.04497629984262887	0.0	0.0	0.0	0.0	0.0	0.0	0.0	0.04014266165623349	0.04497629984262887	0.0	0.0	0.0	0.0	0.0	0.0	0.0	0.0	0.0	0.0	0.0	0.08650540526850248	0.06102903608887537	0.10045122435664454	0.0	0.0	0.0	0.0	0.0	0.0	0.0	0.0	0.0	0.02532933852172514	0.0	0.0	0.0	0.0	0.0	0.0	0.0	0.0	0.04014266165623349	0.04917008155606777	0.05599644993855282	0.0	0.0	0.0	0.0	0.0	0.0	0.0	0.0	0.0	0.0	0.0	0.0	0.04497629984262887	0.0	0.0	0.0	0.0	0.0	0.02532933852172514	0.0	0.0	0.0	0.02532933852172514	0.0	0.0	0.0	0.0	0.0	0.0	0.07084101539667123	0.0	0.0	0.0	0.0	0.0	0.0	0.0	0.0	0.0	0.0	0.0	0.0	0.0	0.0	0.0	0.0	0.0	0.0	0.0	0.0	0.0	0.0	0.0	0.0	0.0	0.0	0.0	0.0	0.0	0.0	0.0	0.0	0.0	0.0	0.0
CABAS1400506_acpa-accepte	acpa-accepte	0.0	0.0	0.0	0.0	0.03885227814055927	0.0	0.0	0.0	0.0	0.0	0.0	0.0	0.021973349381268853	0.0	0.0	0.0	0.0	0.04244147515675134	0.04244147515675134	0.0	0.0	0.05654277712710645	0.0	0.0	0.05159732553477644	0.0	0.0	0.0	0.0	0.0423440608713077	0.0	0.0	0.0	0.0	0.0	0.0	0.0	0.0	0.0	0.0	0.0	0.0	0.0	0.06471717809044285	0.0	0.0	0.0	0.0	0.0	0.06471717809044285	0.0	0.0	0.03741581347894277	0.0	0.0	0.0	0.021973349381268853	0.0423440608713077	0.0	0.03885227814055927	0.0	0.0	0.0	0.0	0.0	0.0	0.0	0.0	0.0	0.04629705866214204	0.0	0.039017203290608524	0.04857724798281663	0.0	0.0	0.0	0.0	0.0	0.0	0.0	0.0	0.0	0.0	0.0	0.0	0.0	0.0	0.0	0.0	0.039017203290608524	0.021973349381268853	0.04625583089372228	0.021973349381268853	0.0	0.0	0.0	0.0	0.0	0.0	0.039017203290608524	0.0	0.021973349381268853	0.021973349381268853	0.0	0.0	0.0	0.0	0.0	0.0	0.0	0.08670512653383382	0.0803447867919659	0.0	0.0	0.0	0.0	0.0	0.039017203290608524	0.0	0.0	0.0	0.0	0.0	0.0	0.0	0.0	0.0	0.0	0.0	0.0	0.0	0.05654277712710645	0.0	0.0	0.0	0.0	0.0	0.0	0.0	0.0	0.0	0.019234386467697547	0.021973349381268853	0.021973349381268853	0.0	0.05294304591621013	0.0	0.0	0.0	0.027057926512526705	0.0	0.0	0.0	0.0	0.0	0.05294304591621013	0.0	0.0	0.0	0.0	0.0	0.05294304591621013	0.0	0.0	0.0	0.0	0.0	0.0	0.0	0.0	0.0	0.05294304591621013	0.0	0.0	0.0	0.0	0.09251166178744458	0.04625583089372228	0.0	0.0	0.0	0.0	0.0	0.0	0.0	0.0	0.0	0.0	0.0	0.0	0.0	0.0	0.0	0.0	0.0	0.0	0.0	0.0	0.035656845848819854	0.0	0.0	0.0	0.0	0.0	0.0	0.0	0.0	0.01919790438119558	0.0	0.0	0.0	0.0	0.0	0.0	0.0	0.0	0.0	0.0	0.039017203290608524	0.0	0.0	0.0	0.0	0.021973349381268853	0.0	0.0	0.06471717809044285	0.021973349381268853	0.0	0.0	0.0	0.0	0.035656845848819854	0.04244147515675134	0.03885227814055927	0.0	0.0	0.021973349381268853	0.0	0.0	0.0	0.0	0.021973349381268853	0.0	0.0	0.0	0.0	0.0	0.0	0.0	0.0	0.0	0.0	0.0	0.0	0.0	0.0	0.0	0.0	0.0	0.0	0.0	0.0	0.0	0.0	0.0	0.0	0.0	0.0	0.0	0.0	0.0	0.0	0.0	0.0	0.0	0.0	0.0	0.0	0.0	0.0	0.0	0.0	0.0	0.0	0.06114688241077029	0.06471717809044285	0.0	0.0	0.0	0.0	0.0	0.0	0.0	0.0	0.0	0.0	0.0	0.0	0.0
CAMET1502360_acpa-accepte	acpa-accepte	0.0	0.0	0.0	0.0	0.029464799195822313	0.01752152045297416	0.0	0.01752152045297416	0.0	0.0	0.024695196068831728	0.05973823697478004	0.0	0.0	0.0	0.0	0.0	0.027972560153527188	0.03138862992161566	0.01752152045297416	0.0	0.05160539432996473	0.0	0.0	0.04145649587135745	0.01752152045297416	0.0	0.03111226757523896	0.01752152045297416	0.03211289814705312	0.0	0.01752152045297416	0.01542478869726165	0.0	0.0	0.0	0.0	0.0	0.0	0.01752152045297416	0.0	0.0	0.0	0.0	0.0	0.0	0.06691191259063763	0.01752152045297416	0.0	0.0	0.0	0.0	0.02803421439883676	0.0	0.0	0.0	0.01752152045297416	0.03420962990276563	0.0	0.03410011703851396	0.03111226757523896	0.01752152045297416	0.0	0.0	0.0	0.0	0.0	0.0	0.0	0.03691721485813938	0.0	0.03111226757523896	0.03410011703851396	0.0	0.0	0.0	0.0	0.0	0.0	0.0	0.0	0.0	0.0	0.01752152045297416	0.0	0.0	0.0	0.0	0.0	0.03111226757523896	0.01752152045297416	0.042216716521805885	0.0	0.0	0.0	0.0	0.0	0.0	0.0	0.0	0.0	0.0	0.0	0.0	0.01752152045297416	0.01752152045297416	0.01752152045297416	0.06691191259063763	0.0	0.0	0.0	0.0	0.03691721485813938	0.03691721485813938	0.0	0.0	0.0	0.0	0.03111226757523896	0.01752152045297416	0.0	0.0	0.0	0.0	0.05160539432996473	0.0	0.0	0.0	0.0	0.0	0.0	0.05160539432996473	0.0	0.0	0.0	0.0	0.0	0.0	0.0	0.0	0.042216716521805885	0.017833486564874296	0.01542478869726165	0.01752152045297416	0.0	0.0	0.0	0.0	0.0	0.0	0.0	0.0	0.0	0.0	0.0	0.0	0.0	0.0	0.0	0.0	0.0	0.0	0.0	0.0	0.0	0.0	0.0	0.0	0.0	0.0	0.0	0.0	0.0	0.0	0.0	0.0	0.0	0.0	0.03691721485813938	0.0	0.0	0.0	0.0	0.0	0.0	0.0	0.06691191259063763	0.0	0.0	0.0	0.0	0.042216716521805885	0.01752152045297416	0.0	0.0	0.05160539432996473	0.0	0.0	0.0	0.0	0.0	0.0	0.0	0.03111226757523896	0.0	0.0	0.0	0.01752152045297416	0.048407909148864225	0.0	0.042216716521805885	0.0	0.0	0.0	0.0	0.0	0.0	0.0	0.0	0.0	0.0	0.0	0.0	0.01542478869726165	0.0	0.0	0.0	0.0	0.0	0.0	0.0	0.0	0.02915772071538924	0.03410011703851396	0.03138862992161566	0.0	0.0	0.01752152045297416	0.0	0.0	0.0	0.0	0.0	0.0	0.0	0.0	0.0	0.0	0.0	0.0	0.0	0.01752152045297416	0.0	0.0	0.0	0.0	0.0	0.0	0.0	0.0	0.0	0.0	0.0	0.0	0.04912920295645826	0.0	0.0	0.0	0.0	0.0	0.05160539432996473	0.0	0.0	0.0	0.0	0.0	0.0	0.0	0.0	0.0	0.0	0.0	0.0	0.0	0.0	0.04912920295645826	0.0	0.0	0.0	0.05160539432996473	0.0	0.0	0.03111226757523896	0.0	0.058904825971597366	0.0	0.01752152045297416	0.0	0.0	0.0
CANAN1101988_acpa-accepte	acpa-accepte	0.0	0.0	0.0	0.0	0.016627749199008016	0.0	0.0	0.0	0.008439033637037158	0.0	0.0	0.03190092661360057	0.0	0.0	0.0	0.0	0.014984856667925452	0.017469742446210284	0.017469742446210284	0.009356699602048947	0.0	0.0	0.0	0.0	0.02268120296482159	0.009356699602048947	0.0	0.0	0.009356699602048947	0.019039805976683654	0.0	0.0	0.0	0.019039805976683654	0.022544227011551624	0.0	0.0	0.0	0.016614319654585975	0.009356699602048947	0.0	0.0	0.009356699602048947	0.024855129426237417	0.0	0.009356699602048947	0.03222733338618634	0.0	0.0	0.0	0.016614319654585975	0.0	0.016828762476743774	0.0	0.0	0.0	0.0	0.019039805976683654	0.009356699602048947	0.018656465275664433	0.0	0.0	0.022544227011551624	0.009356699602048947	0.0	0.009356699602048947	0.0	0.0	0.009356699602048947	0.019714230308892793	0.0	0.016614319654585975	0.017469742446210284	0.016614319654585975	0.009356699602048947	0.0	0.027557892243809144	0.0	0.0	0.0	0.0	0.0	0.014031681924415949	0.0	0.0	0.0	0.0	0.0	0.0	0.014984856667925452	0.0	0.01553538494181568	0.0	0.0	0.0	0.0	0.009356699602048947	0.0	0.0	0.016614319654585975	0.0	0.0	0.0	0.03568952831440869	0.0	0.0	0.0	0.03222733338618634	0.0	0.0	0.03154499555540216	0.02923098141449921	0.0	0.0	0.0	0.0	0.023274114529614504	0.01335539368126493	0.016614319654585975	0.009356699602048947	0.0	0.0	0.0	0.025893600779855502	0.027557892243809144	0.0	0.0	0.0	0.0	0.0	0.0	0.027557892243809144	0.0	0.0	0.0	0.022544227011551624	0.022544227011551624	0.0	0.0	0.0	0.0	0.013187527409502678	0.0	0.0	0.0	0.0	0.0	0.0	0.0	0.011137572517366487	0.0	0.0	0.0	0.016614319654585975	0.014031681924415949	0.0	0.0	0.0	0.0	0.0	0.020333183511611744	0.0	0.022544227011551624	0.022544227011551624	0.0	0.03915854666613761	0.0	0.007225945216166147	0.0	0.0	0.0	0.020333183511611744	0.0	0.0	0.0	0.0	0.03365752495348755	0.022544227011551624	0.0	0.0	0.0	0.0	0.0	0.0	0.008439033637037158	0.027557892243809144	0.03573175442105431	0.0	0.018122140011671863	0.0287722171486489	0.0	0.022544227011551624	0.009356699602048947	0.0	0.0	0.027557892243809144	0.0	0.0	0.019039805976683654	0.016614319654585975	0.0	0.0	0.0	0.014984856667925452	0.014984856667925452	0.0	0.0	0.0	0.03190092661360057	0.009356699602048947	0.022544227011551624	0.0381139245614379	0.0	0.04225845732044443	0.0	0.0	0.0	0.0	0.016614319654585975	0.0	0.019039805976683654	0.009356699602048947	0.009356699602048947	0.008439033637037158	0.0	0.0	0.027557892243809144	0.0	0.016614319654585975	0.0	0.0	0.0	0.016828762476743774	0.018656465275664433	0.018656465275664433	0.0	0.0	0.0	0.008439033637037158	0.0	0.0	0.009356699602048947	0.0	0.020333183511611744	0.0	0.0	0.024855129426237417	0.014984856667925452	0.0	0.0	0.0	0.0	0.0	0.0	0.008439033637037158	0.009356699602048947	0.009356699602048947	0.009356699602048947	0.0	0.0	0.0	0.0	0.0	0.019039805976683654	0.02980184706408865	0.0	0.0	0.0	0.014984856667925452	0.009356699602048947	0.0	0.016614319654585975	0.0	0.0	0.0	0.0	0.0	0.0	0.0	0.0	0.0	0.0	0.016614319654585975	0.0	0.0	0.026879006542500042	0.0	0.0	0.0	0.01997027774474488	0.0	0.0	0.014984856667925452	0.0	0.0	0.0	0.0	0.0	0.0	0.016614319654585975
CADIJ1501045_acpa-rejette	acpa-rejette	0.006806544114318893	0.017761586234993503	0.0	0.013463974449951073	0.012328507197086938	0.0	0.0	0.007582517189807478	0.0	0.007582517189807478	0.009593285120739946	0.0	0.006806544114318893	0.0	0.0	0.013463974449951073	0.0	0.01404397787303817	0.01404397787303817	0.0	0.0	0.016424689108477553	0.007582517189807478	0.0	0.014988121804355778	0.006806544114318893	0.013463974449951073	0.0	0.0	0.012342838288760039	0.007582517189807478	0.007582517189807478	0.006806544114318893	0.01826947493415083	0.016399829235058838	0.007582517189807478	0.0	0.0	0.0	0.0	0.0	0.022332467701302174	0.0	0.022332467701302174	0.0	0.0	0.028956432678494185	0.007582517189807478	0.0	0.022332467701302174	0.013463974449951073	0.007582517189807478	0.011801563487062763	0.0	0.0	0.007582517189807478	0.0	0.012660537836874859	0.0	0.011616522537653948	0.0	0.0	0.0	0.0	0.0	0.0	0.0	0.0	0.0	0.012706196779856566	0.0	0.0	0.015047463889556415	0.0	0.007582517189807478	0.007582517189807478	0.022332467701302174	0.0	0.007582517189807478	0.0	0.0	0.013463974449951073	0.0	0.0	0.0	0.0	0.0	0.0	0.0	0.013463974449951073	0.0	0.011801563487062763	0.006806544114318893	0.006352628963588803	0.0	0.007582517189807478	0.0	0.0	0.007582517189807478	0.0	0.0	0.007582517189807478	0.007582517189807478	0.028690917882161184	0.007582517189807478	0.007582517189807478	0.007582517189807478	0.023029796033103393	0.020047026968147842	0.0	0.02723638031582342	0.02523842887889469	0.011749813845405065	0.011749813845405065	0.022332467701302174	0.0	0.020047026968147842	0.011280110801562257	0.013463974449951073	0.007582517189807478	0.0	0.016399829235058838	0.0	0.02425968425932207	0.020047026968147842	0.0	0.0	0.007582517189807478	0.013463974449951073	0.007582517189807478	0.0	0.020047026968147842	0.01826947493415083	0.013463974449951073	0.013463974449951073	0.01826947493415083	0.01826947493415083	0.0	0.01453018353596685	0.0	0.0	0.007616630521350678	0.0	0.007582517189807478	0.007582517189807478	0.016399829235058838	0.0	0.0	0.025851992123958306	0.00895352764786663	0.0	0.0	0.015306156611455434	0.013463974449951073	0.0	0.0	0.0	0.0	0.0	0.02425968425932207	0.01826947493415083	0.01826947493415083	0.0	0.0	0.0	0.031733449384101914	0.0	0.0	0.007582517189807478	0.007582517189807478	0.0	0.01826947493415083	0.0	0.0	0.0	0.0	0.02785658411588763	0.01453018353596685	0.011749813845405065	0.025851992123958306	0.0	0.013463974449951073	0.0	0.0	0.0	0.020047026968147842	0.021296365936626673	0.010708245342927834	0.0	0.025851992123958306	0.0	0.01826947493415083	0.0	0.0	0.0	0.022332467701302174	0.0	0.0	0.01826947493415083	0.0	0.013463974449951073	0.0	0.007582517189807478	0.013463974449951073	0.013463974449951073	0.0	0.0	0.0	0.02320637334937773	0.0	0.016399829235058838	0.02723638031582342	0.01826947493415083	0.030740973440216094	0.0	0.0	0.007582517189807478	0.0	0.0	0.0	0.0	0.007582517189807478	0.0	0.006352628963588803	0.0	0.0	0.017761586234993503	0.007582517189807478	0.012086109896439453	0.007582517189807478	0.007582517189807478	0.0	0.01115107017920911	0.012779735007061067	0.011616522537653948	0.0	0.007582517189807478	0.0	0.0	0.0	0.0	0.0	0.0	0.0	0.0	0.01826947493415083	0.0	0.0	0.0	0.0	0.0	0.007582517189807478	0.0	0.0	0.007582517189807478	0.0	0.0	0.0	0.005404085356950422	0.013463974449951073	0.007582517189807478	0.007582517189807478	0.0	0.015306156611455434	0.020233638449428885	0.0	0.0	0.007582517189807478	0.012086109896439453	0.0	0.0	0.0	0.0	0.0	0.0	0.0	0.007582517189807478	0.0	0.0	0.0	0.0	0.0	0.013463974449951073	0.0	0.013463974449951073	0.018412200585192443	0.022332467701302174	0.028956432678494185	0.0	0.022332467701302174	0.0	0.0	0.0	0.0	0.028956432678494185	0.0	0.0	0.0	0.0	0.011280110801562257
CAPAR1507861_acpa-rejette	acpa-rejette	0.0	0.0	0.0	0.0	0.018551382034047947	0.011260572644338203	0.0	0.0	0.0	0.0	0.0	0.03839203104003552	0.0	0.0	0.0	0.0	0.0	0.024894139727229474	0.024894139727229474	0.0	0.0	0.0	0.0	0.0	0.0	0.0	0.0	0.01999495135718077	0.0	0.023675057243615894	0.0	0.0	0.0	0.0	0.0	0.0	0.01999495135718077	0.0	0.0	0.011260572644338203	0.011260572644338203	0.0	0.0	0.0	0.0	0.0	0.043002344147056434	0.0	0.0	0.0	0.0	0.0	0.02165319218219886	0.0	0.0	0.0	0.0	0.023675057243615894	0.0	0.021722760880638712	0.0	0.0	0.0	0.0	0.0	0.0	0.0	0.0	0.0	0.0	0.0	0.01999495135718077	0.024894139727229474	0.0	0.0	0.0	0.0	0.0	0.0	0.008986886734704025	0.011260572644338203	0.0	0.0	0.0	0.008986886734704025	0.011260572644338203	0.02713145839569732	0.02713145839569732	0.02713145839569732	0.0	0.0	0.02713145839569732	0.0	0.0	0.0	0.0	0.0	0.01999495135718077	0.0	0.01999495135718077	0.0	0.0	0.0	0.05085708088676124	0.0	0.0	0.0	0.0	0.0	0.0	0.05085708088676124	0.0	0.023725622491063914	0.023725622491063914	0.03316528912270554	0.01999495135718077	0.0	0.0	0.0	0.0	0.0	0.0	0.0	0.0	0.0	0.0	0.011260572644338203	0.0	0.0	0.0	0.0	0.0	0.0	0.0	0.01999495135718077	0.0	0.0	0.0	0.0	0.0	0.0	0.013849020689942078	0.011260572644338203	0.0	0.0	0.0	0.0	0.0	0.03839203104003552	0.01587088575135911	0.011260572644338203	0.0	0.0	0.0	0.0	0.02713145839569732	0.011260572644338203	0.011260572644338203	0.0	0.037524077933557984	0.0	0.0	0.02713145839569732	0.02713145839569732	0.01999495135718077	0.04112275987207624	0.03350109379728971	0.0	0.0	0.0	0.0	0.0	0.0	0.0	0.0	0.0	0.054262916791394646	0.02713145839569732	0.023725622491063914	0.03839203104003552	0.0	0.0	0.03350109379728971	0.0	0.0	0.0	0.0	0.0	0.0	0.0	0.01999495135718077	0.02713145839569732	0.0	0.0	0.0	0.0	0.0	0.0	0.01819679103011744	0.0	0.0	0.0	0.0	0.0	0.01999495135718077	0.0	0.011260572644338203	0.0	0.0	0.0	0.0	0.04437816366805484	0.0	0.05085708088676124	0.0	0.0	0.0	0.0	0.0	0.0	0.0	0.0	0.0	0.0	0.0	0.0	0.03316528912270554	0.0	0.0	0.0	0.0	0.0	0.019105943453478418	0.019867623179802802	0.021722760880638712	0.0	0.0	0.0	0.0	0.0	0.0	0.0	0.011260572644338203	0.0	0.0	0.0	0.03316528912270554	0.0	0.0	0.0	0.0	0.0	0.0	0.0	0.0	0.0	0.0	0.0	0.0	0.0	0.0	0.0	0.0	0.0	0.03129672331840241	0.0	0.02713145839569732	0.0	0.01999495135718077	0.0	0.0	0.0	0.0	0.0	0.0	0.0	0.0	0.0	0.0	0.0	0.0	0.0	0.0	0.0	0.0	0.03129672331840241	0.0	0.043002344147056434	0.0	0.0	0.0	0.0	0.0	0.011260572644338203	0.037524077933557984	0.0	0.0	0.0	0.0	0.0
CAROU1501728_acpa-rejette	acpa-rejette	0.0	0.0	0.0	0.0	0.021277560116084886	0.0	0.01709011776194266	0.0	0.0	0.0	0.015445657824705158	0.0	0.010958868628979254	0.0	0.0	0.0	0.0	0.01660256732855809	0.01737841152019346	0.0	0.0	0.032276693025961575	0.0	0.0	0.02586774356547702	0.0	0.0	0.0	0.0	0.018940266838291357	0.0	0.0	0.009624655200250713	0.0	0.0	0.0	0.0	0.0	0.0	0.0	0.0	0.0	0.0	0.0	0.0	0.0	0.04185018427838958	0.0	0.0	0.032276693025961575	0.0	0.0	0.016214226752246656	0.0	0.0	0.0	0.0	0.018940266838291357	0.0	0.018327968068702263	0.0	0.0	0.0	0.0	0.0	0.0	0.0	0.0	0.0	0.023089942956946823	0.0	0.0	0.021277560116084886	0.0	0.0	0.010958868628979254	0.0	0.0	0.0	0.0	0.0	0.0	0.0	0.0	0.010958868628979254	0.010958868628979254	0.0	0.0	0.0	0.01945922752661684	0.0	0.018940266838291357	0.0	0.0	0.0	0.0	0.0	0.0	0.0	0.0	0.0	0.010958868628979254	0.010958868628979254	0.0	0.0	0.0	0.0	0.0	0.032276693025961575	0.0	0.049494469410631244	0.04586375398030127	0.0	0.0	0.032276693025961575	0.0	0.0	0.0	0.0	0.0	0.0	0.026404526453684414	0.0	0.04185018427838958	0.0	0.0	0.0	0.0	0.0	0.0	0.0	0.032276693025961575	0.026404526453684414	0.0	0.0	0.0	0.0	0.0	0.0	0.0	0.0	0.0	0.0	0.0	0.0	0.0	0.0	0.0	0.03736339508266367	0.0	0.0	0.0	0.026404526453684414	0.0	0.0	0.0	0.0	0.0	0.0	0.03377456282944516	0.026404526453684414	0.026404526453684414	0.026404526453684414	0.026404526453684414	0.01945922752661684	0.04586375398030127	0.03736339508266367	0.010958868628979254	0.0	0.0	0.0	0.026404526453684414	0.0	0.0	0.0	0.0	0.05280905290736883	0.0	0.0	0.0	0.0	0.01709011776194266	0.03736339508266367	0.0	0.0	0.0	0.04185018427838958	0.0	0.0	0.0	0.0	0.0	0.0	0.0	0.0	0.0231524386412174	0.0	0.0	0.018940266838291357	0.0	0.0	0.0	0.0	0.0	0.0	0.0	0.0	0.0	0.03736339508266367	0.0	0.0	0.043468647953037134	0.0	0.049494469410631244	0.01945922752661684	0.0	0.0	0.01945922752661684	0.0	0.0	0.0	0.0	0.0	0.0	0.0	0.0	0.0	0.0	0.0	0.0	0.0	0.0	0.018094694963241825	0.021277560116084886	0.018327968068702263	0.0	0.0	0.0	0.0	0.026404526453684414	0.010958868628979254	0.0	0.0	0.0	0.0	0.0	0.0	0.0	0.0	0.0	0.0	0.0	0.0	0.0	0.0	0.0	0.0	0.0	0.0	0.0	0.0	0.0	0.0	0.026404526453684414	0.034904885351321996	0.0	0.0	0.0	0.0	0.0	0.0	0.0	0.0	0.0	0.0	0.0	0.0	0.0	0.0	0.0	0.0	0.0	0.0	0.01945922752661684	0.01945922752661684	0.034904885351321996	0.0	0.0	0.0	0.0	0.0	0.010958868628979254	0.01945922752661684	0.0	0.0	0.0	0.0	0.0	0.010958868628979254	0.01945922752661684
CALYO1504370_acpa-rejette	acpa-rejette	0.0	0.0	0.0	0.0	0.021326872192285393	0.0	0.0	0.0	0.0	0.0	0.015453538462505087	0.0373824585234678	0.0	0.0	0.0	0.0	0.01946915595606569	0.0	0.0	0.0	0.0	0.03229316114470433	0.0	0.0	0.025927693678877085	0.0	0.0	0.0	0.0	0.02138667805599563	0.0	0.0	0.0	0.0	0.0	0.0	0.01946915595606569	0.0	0.0	0.0	0.0	0.0	0.0	0.03229316114470433	0.0	0.010964460030481356	0.04187153695549154	0.0	0.0	0.0	0.0	0.0	0.02138667805599563	0.0	0.0	0.0	0.0	0.02138667805599563	0.0	0.019623086384167966	0.0	0.0	0.0	0.0	0.0	0.010964460030481356	0.010964460030481356	0.0	0.0	0.0	0.0	0.0	0.024239513269306498	0.01946915595606569	0.0	0.0	0.0	0.0	0.0	0.0	0.0	0.0	0.0	0.0	0.0	0.0	0.0	0.0	0.0	0.0	0.0	0.026417998492986445	0.010964460030481356	0.0	0.0	0.0	0.0	0.0	0.0	0.0	0.0	0.0	0.0	0.03761905619386255	0.0	0.0	0.0	0.0	0.03229316114470433	0.0	0.04951972233225826	0.04588715444905215	0.020325800533523602	0.020325800533523602	0.03229316114470433	0.0	0.0	0.0	0.0	0.0	0.010964460030481356	0.0	0.0	0.04187153695549154	0.0	0.0	0.0	0.010964460030481356	0.0	0.0	0.0	0.03229316114470433	0.0	0.0	0.01946915595606569	0.0	0.0	0.01946915595606569	0.0	0.0	0.0	0.011739717115422764	0.0	0.0	0.010964460030481356	0.026417998492986445	0.0	0.0	0.0	0.0	0.0	0.01946915595606569	0.0	0.01946915595606569	0.01946915595606569	0.0	0.0	0.0	0.0	0.04187153695549154	0.026417998492986445	0.026417998492986445	0.0	0.0	0.0	0.0	0.0	0.0	0.0	0.0	0.0	0.026417998492986445	0.0	0.0	0.0	0.0	0.0528359969859729	0.0	0.020325800533523602	0.03289054967010965	0.0	0.0	0.0	0.009646960940572866	0.0	0.03229316114470433	0.04187153695549154	0.0	0.0	0.0373824585234678	0.0	0.0	0.0	0.0	0.0	0.03229316114470433	0.010964460030481356	0.0	0.02006917896608714	0.01946915595606569	0.0	0.01946915595606569	0.00887627337824215	0.0	0.0	0.010964460030481356	0.0	0.0	0.0	0.0	0.0	0.0	0.0	0.0	0.0	0.0	0.0	0.0	0.01946915595606569	0.0	0.0	0.0	0.0	0.0	0.0	0.0	0.03229316114470433	0.0	0.01946915595606569	0.0	0.0	0.0	0.01821226829254598	0.021326872192285393	0.019623086384167966	0.0	0.0	0.0	0.010964460030481356	0.0	0.0	0.0	0.0	0.0	0.010964460030481356	0.0	0.0	0.0	0.0	0.0	0.0	0.0	0.0	0.0	0.010964460030481356	0.0	0.0	0.0	0.0	0.01946915595606569	0.0	0.0	0.0	0.0	0.026530011516593097	0.0	0.0	0.0	0.0	0.0	0.03229316114470433	0.01712972517861801	0.009646960940572866	0.0	0.0	0.0	0.0	0.0	0.0	0.0	0.0	0.0	0.01946915595606569	0.0	0.0	0.03492269441857078	0.0	0.04187153695549154	0.0	0.03229316114470433	0.0	0.0	0.01946915595606569	0.0	0.03684021651850073	0.010964460030481356	0.0	0.010964460030481356	0.0	0.0
CAAIX1416771_acpa-rejette	acpa-rejette	0.0	0.0	0.0	0.0	0.02242639110172233	0.0	0.0	0.0	0.0	0.0	0.01636265573723754	0.0	0.0	0.011609489002066695	0.027972144739304237	0.0	0.0	0.02242639110172233	0.02242639110172233	0.0	0.0	0.029877623931464467	0.0	0.02061450826790446	0.0	0.0	0.0	0.0	0.0	0.027972144739304237	0.0	0.0	0.0	0.0	0.0	0.0	0.0	0.011609489002066695	0.0	0.0	0.0	0.03419293773785169	0.0	0.0	0.0	0.0	0.044334800476541786	0.0	0.0	0.03419293773785169	0.0	0.0	0.02237687889620434	0.0	0.0	0.0	0.0	0.027972144739304237	0.011609489002066695	0.0	0.0	0.0	0.027972144739304237	0.0	0.0	0.0	0.0	0.0	0.0	0.024460776736402002	0.0	0.0	0.025665501258898677	0.02061450826790446	0.0	0.0	0.03419293773785169	0.0	0.0	0.0	0.0	0.0	0.0	0.0	0.0	0.0	0.0	0.0	0.0	0.0	0.0	0.02444192503975042	0.0	0.0	0.0	0.0	0.0	0.0	0.0	0.0	0.0	0.0	0.0	0.04581563366943342	0.0	0.0	0.0	0.044334800476541786	0.0	0.011609489002066695	0.04194476844628447	0.03886786874753082	0.0	0.0	0.0	0.02061450826790446	0.0	0.02061450826790446	0.02061450826790446	0.011609489002066695	0.0	0.0	0.0	0.0	0.03419293773785169	0.0	0.0	0.0	0.02061450826790446	0.0	0.0	0.029877623931464467	0.027972144739304237	0.0	0.0	0.027972144739304237	0.027972144739304237	0.0	0.0	0.011609489002066695	0.027972144739304237	0.0	0.0	0.0	0.0	0.0	0.02061450826790446	0.0	0.0	0.0	0.0	0.02061450826790446	0.027972144739304237	0.0	0.0	0.0	0.0	0.0	0.0	0.0	0.0	0.0	0.0	0.0	0.0	0.04245478284923597	0.03458624048580938	0.0	0.0	0.0	0.011609489002066695	0.0	0.011609489002066695	0.0	0.0	0.0	0.04475375779240868	0.02444192503975042	0.0	0.0	0.0	0.0	0.03458624048580938	0.0	0.0	0.0	0.044334800476541786	0.0	0.0	0.03958163374137093	0.0	0.027972144739304237	0.0	0.0	0.011609489002066695	0.0	0.0	0.0	0.01884665919665053	0.0	0.0	0.0	0.0	0.0	0.0	0.0	0.0	0.0	0.0	0.0	0.0	0.0	0.0	0.0	0.0	0.0	0.0	0.0	0.0	0.0	0.0	0.0	0.0	0.011609489002066695	0.011609489002066695	0.0	0.0	0.0	0.0	0.0	0.0	0.0	0.02444192503975042	0.02242639110172233	0.0	0.0	0.0	0.0	0.0	0.027972144739304237	0.011609489002066695	0.0	0.0	0.027972144739304237	0.0	0.0	0.03419293773785169	0.02061450826790446	0.0	0.0	0.0	0.0	0.0	0.0	0.0	0.0	0.0	0.0	0.0	0.0	0.0	0.0	0.011609489002066695	0.0	0.03231046740317699	0.0	0.0	0.0	0.0	0.0	0.03419293773785169	0.0	0.0	0.0	0.027972144739304237	0.0	0.0	0.0	0.0	0.0	0.0	0.0	0.0	0.0	0.0	0.03231046740317699	0.03419293773785169	0.0	0.0	0.03419293773785169	0.0	0.0	0.0	0.0	0.044334800476541786	0.011609489002066695	0.0	0.0	0.0	0.0
CAROU1501321_acpa-rejette	acpa-rejette	0.0	0.0	0.0	0.0	0.021498011563556633	0.0	0.0	0.0	0.009724373831462936	0.0	0.0	0.033154482793568064	0.0	0.0	0.023430108962105126	0.0	0.017267184172636754	0.01918880237281045	0.01918880237281045	0.00867983009031375	0.009724373831462936	0.025564337052250623	0.0	0.0	0.0	0.0	0.0	0.017267184172636754	0.0	0.019441161787545957	0.0	0.009724373831462936	0.0	0.023430108962105126	0.0	0.0	0.0	0.0	0.017267184172636754	0.0	0.0	0.0	0.0	0.028640787626364496	0.017267184172636754	0.0	0.0	0.0	0.009724373831462936	0.0	0.01541242936092415	0.0	0.016364711213432078	0.009724373831462936	0.0	0.0	0.0	0.019441161787545957	0.009724373831462936	0.01918880237281045	0.0	0.0	0.023430108962105126	0.0	0.0	0.0	0.009724373831462936	0.0	0.009724373831462936	0.020488906716771144	0.017267184172636754	0.0	0.01783800158990328	0.014327467348040145	0.0	0.0	0.028640787626364496	0.0	0.009724373831462936	0.0	0.009724373831462936	0.017267184172636754	0.0	0.0	0.0	0.0	0.02091336350425095	0.02091336350425095	0.02091336350425095	0.017267184172636754	0.0	0.018396618046396772	0.0	0.0	0.0	0.0	0.007635286349164563	0.01541242936092415	0.0	0.017267184172636754	0.009724373831462936	0.0	0.0	0.039201454040472906	0.0	0.0	0.0	0.03314689691818816	0.0	0.0	0.03644185738716627	0.03376862913558611	0.0	0.0	0.0	0.0	0.028640787626364496	0.0	0.0	0.0	0.009724373831462936	0.0	0.0	0.037135844092747325	0.0	0.0	0.009724373831462936	0.0	0.0	0.0	0.02091336350425095	0.023764728831071925	0.0	0.0	0.0	0.023430108962105126	0.023430108962105126	0.017267184172636754	0.02091336350425095	0.0	0.0	0.0	0.0	0.0	0.0	0.0	0.0	0.009724373831462936	0.033154482793568064	0.0	0.0	0.0	0.0	0.0	0.01541242936092415	0.0	0.0	0.0	0.0	0.0	0.0	0.0	0.0	0.0	0.0	0.0	0.0	0.0	0.0	0.0	0.0	0.023430108962105126	0.0	0.009724373831462936	0.009724373831462936	0.009724373831462936	0.03888232357509192	0.0	0.0	0.0	0.009724373831462936	0.0	0.0	0.0	0.0	0.0	0.029157949743628987	0.01541242936092415	0.023430108962105126	0.033154482793568064	0.0	0.0	0.0	0.0	0.0	0.0	0.0	0.0	0.012375764038872911	0.0	0.017267184172636754	0.0	0.0	0.01541242936092415	0.0	0.0	0.0	0.009724373831462936	0.0	0.0	0.0	0.03172429574876289	0.023430108962105126	0.03644185738716627	0.0	0.00867983009031375	0.009724373831462936	0.017267184172636754	0.017267184172636754	0.00867983009031375	0.019441161787545957	0.0	0.009724373831462936	0.00867983009031375	0.0	0.009724373831462936	0.028640787626364496	0.009724373831462936	0.0	0.0	0.0	0.009724373831462936	0.015452214612986785	0.021498011563556633	0.01918880237281045	0.009724373831462936	0.0	0.0	0.0	0.0	0.0	0.009724373831462936	0.0	0.023430108962105126	0.0	0.0	0.0	0.017267184172636754	0.01541242936092415	0.0	0.009724373831462936	0.0	0.0	0.009724373831462936	0.0	0.00867983009031375	0.00867983009031375	0.009724373831462936	0.0	0.0	0.0	0.0	0.0	0.023430108962105126	0.024319006246443755	0.0	0.023430108962105126	0.0	0.0	0.009724373831462936	0.0	0.0	0.0	0.009724373831462936	0.023430108962105126	0.017267184172636754	0.009724373831462936	0.0	0.0	0.0	0.0	0.0	0.0	0.017267184172636754	0.0	0.024319006246443755	0.025564337052250623	0.0	0.009724373831462936	0.028640787626364496	0.009724373831462936	0.0	0.0	0.0	0.030813512403713432	0.0	0.0	0.0	0.009724373831462936	0.01541242936092415
CAVER1501683_acpa-rejette	acpa-rejette	0.0	0.03315369481376009	0.0	0.0	0.024885436943247678	0.0	0.0	0.0	0.0	0.0	0.0	0.0	0.0	0.0	0.0	0.0	0.0	0.01986508192288751	0.01986508192288751	0.0	0.0	0.026465312424440158	0.0	0.0	0.030253943490266447	0.0	0.0	0.0	0.0	0.027121973463736782	0.0	0.0	0.0	0.0	0.0	0.0	0.0	0.011256636041896473	0.0	0.0	0.0	0.0	0.011256636041896473	0.03315369481376009	0.01998796128866285	0.0	0.0	0.0	0.0	0.0	0.0	0.0	0.019106296234588663	0.0	0.0	0.0	0.0	0.023669809184059996	0.0	0.02171794558741061	0.0	0.0	0.027121973463736782	0.011256636041896473	0.0	0.0	0.0	0.0	0.0	0.0	0.0	0.0	0.02171794558741061	0.0	0.0	0.0	0.0	0.0	0.0	0.008391080782422865	0.0	0.0	0.0	0.0	0.0	0.0	0.0	0.0	0.0	0.0	0.0	0.023669809184059996	0.0	0.0	0.0	0.011256636041896473	0.0	0.0	0.011256636041896473	0.0	0.0	0.0	0.0	0.050839301674715676	0.0	0.0	0.0	0.0429873108855771	0.0	0.011256636041896473	0.04436832634248833	0.04111364417319151	0.02371732821097889	0.02371732821097889	0.0	0.01998796128866285	0.0	0.01998796128866285	0.0	0.0	0.0	0.0	0.0	0.0	0.0	0.011256636041896473	0.0	0.0	0.01998796128866285	0.011256636041896473	0.0	0.028933795361074786	0.0	0.0	0.0	0.0	0.0	0.0	0.0	0.011256636041896473	0.023669809184059996	0.013845950771900328	0.0	0.0	0.0	0.027121973463736782	0.01998796128866285	0.011256636041896473	0.0	0.01586533742184031	0.0	0.0	0.0	0.0	0.0	0.027121973463736782	0.0	0.0	0.0	0.037515759955960334	0.0	0.0	0.0	0.0	0.0	0.04710993475239964	0.03837860950563325	0.0	0.011256636041896473	0.0	0.0	0.0	0.0	0.0	0.0	0.0	0.04733961836812	0.027121973463736782	0.02371732821097889	0.0	0.0	0.01998796128866285	0.03837860950563325	0.0	0.0	0.03315369481376009	0.0	0.0	0.027121973463736782	0.0	0.01998796128866285	0.0	0.0	0.0	0.011256636041896473	0.0	0.0	0.0	0.0	0.0	0.0	0.01998796128866285	0.0	0.0	0.0	0.0	0.0	0.0	0.0	0.0	0.0	0.04436832634248833	0.0	0.050839301674715676	0.0	0.0	0.0	0.0	0.0	0.0	0.027121973463736782	0.0	0.0	0.009823858412159669	0.011256636041896473	0.0	0.0	0.0	0.0	0.0	0.0	0.0	0.02021764490438321	0.024885436943247678	0.02171794558741061	0.0	0.0	0.0	0.0	0.0	0.0	0.0	0.0	0.027121973463736782	0.0	0.027121973463736782	0.03315369481376009	0.0	0.0	0.0	0.0	0.0	0.0	0.0	0.0	0.0	0.0	0.0	0.0	0.0	0.0	0.0	0.0	0.0	0.035853298710503155	0.0	0.0	0.0	0.0	0.0	0.03315369481376009	0.0	0.0	0.0	0.027121973463736782	0.01998796128866285	0.0	0.0	0.0	0.0	0.0	0.0	0.0	0.0	0.0	0.035853298710503155	0.0	0.0429873108855771	0.0	0.0	0.0	0.0	0.0	0.0	0.0	0.0	0.0	0.0	0.0	0.0
CAFOR1400518_acpa-rejette	acpa-rejette	0.0	0.03493111198856468	0.014943522066843686	0.023080231388182267	0.0	0.0	0.0	0.0	0.0	0.0	0.0	0.05094875555251446	0.0	0.0	0.0	0.0	0.0	0.028735378988949362	0.028735378988949362	0.0	0.0	0.04401252454133325	0.0	0.0	0.034934429083390166	0.0	0.0	0.0	0.0	0.02857602139775566	0.0	0.0	0.0	0.0	0.0	0.0	0.0	0.0	0.0	0.0	0.0	0.038282791157334246	0.0	0.0	0.0	0.0	0.0	0.0	0.0	0.0	0.0	0.0	0.02512163449707758	0.0	0.0	0.0	0.0	0.0313179225338124	0.0	0.028735378988949362	0.02653461828886034	0.014943522066843686	0.0	0.0	0.0	0.0	0.0	0.0	0.0	0.02738655609310897	0.023080231388182267	0.0	0.03303616415422601	0.0	0.0	0.0	0.04401252454133325	0.014943522066843686	0.0	0.0	0.0	0.02653461828886034	0.023080231388182267	0.0	0.0	0.0	0.02857602139775566	0.02857602139775566	0.02857602139775566	0.0	0.0	0.0313179225338124	0.0	0.0	0.0	0.0	0.0	0.0	0.0	0.0	0.0	0.0	0.0	0.0	0.0	0.0	0.0	0.0	0.0	0.0	0.05870447862692139	0.054398153921994694	0.0	0.0	0.0	0.0	0.0	0.023080231388182267	0.0	0.0	0.0	0.03600523348567077	0.014943522066843686	0.05706694490449788	0.04401252454133325	0.0	0.0	0.0	0.0	0.0	0.03600523348567077	0.04401252454133325	0.0	0.0	0.0	0.03600523348567077	0.03600523348567077	0.0	0.03600523348567077	0.0	0.03600523348567077	0.01671590093749242	0.0	0.0	0.0	0.03600523348567077	0.02653461828886034	0.0	0.0	0.0	0.0	0.0	0.03600523348567077	0.0	0.0	0.0	0.0	0.0	0.0	0.0	0.0	0.0	0.0	0.0	0.0	0.0	0.0	0.0	0.0	0.0	0.0	0.0	0.0	0.0	0.0	0.0	0.0626358450676248	0.0	0.0	0.0	0.0	0.0	0.0	0.0	0.0	0.0	0.0	0.0	0.0	0.0	0.0	0.0	0.0	0.0	0.0	0.03493111198856468	0.0	0.0	0.02857602139775566	0.02653461828886034	0.0	0.0	0.0	0.0	0.0	0.0	0.0	0.0	0.05094875555251446	0.0	0.0	0.0	0.0	0.0	0.0	0.0	0.0	0.0	0.0	0.0	0.0	0.0	0.0	0.0	0.0	0.0	0.0	0.0	0.0	0.0	0.0	0.0	0.02512163449707758	0.0	0.026219580943604683	0.0	0.0	0.0	0.0	0.0	0.0	0.0	0.0	0.0	0.0	0.0	0.0	0.0	0.0	0.0	0.0	0.0	0.0	0.0	0.0	0.0	0.0	0.0	0.0	0.0	0.0	0.0	0.0	0.0	0.04140004167095262	0.0	0.0	0.0	0.0	0.0	0.04401252454133325	0.0	0.0	0.0	0.0	0.0	0.0	0.0	0.0	0.0	0.0	0.0	0.0	0.0	0.0	0.04140004167095262	0.04401252454133325	0.0	0.0	0.0	0.0	0.0	0.0	0.0	0.049637732816582764	0.0	0.014943522066843686	0.0	0.0	0.0
CAPAR1411380_acpa-rejette	acpa-rejette	0.0	0.07346076096835952	0.024942048065133678	0.0	0.05514025345140011	0.0	0.044288603569514355	0.0	0.0	0.0	0.0	0.0	0.0	0.0	0.0	0.0	0.0	0.0468083939727976	0.0468083939727976	0.0	0.0	0.0	0.0	0.0	0.05690631469934455	0.024942048065133678	0.044288603569514355	0.0	0.0	0.051015219146265556	0.0	0.0	0.0	0.0	0.06009589039176509	0.0	0.0	0.0	0.0	0.0	0.0	0.07346076096835952	0.0	0.0	0.0	0.0	0.0	0.0	0.0	0.0	0.0	0.0	0.04193454790076602	0.0	0.0	0.0	0.0	0.051015219146265556	0.0	0.0468083939727976	0.0	0.0	0.0	0.0	0.0	0.0	0.0	0.0	0.0	0.0	0.0	0.0	0.05514025345140011	0.0	0.0	0.0	0.0	0.0	0.0	0.0	0.0	0.0	0.0	0.0	0.0	0.0	0.0	0.0	0.0	0.0	0.0	0.051015219146265556	0.0	0.0	0.0	0.0	0.0	0.0	0.0	0.0	0.0	0.0	0.0	0.0	0.0	0.0	0.0	0.09524973271839654	0.0	0.0	0.0	0.0	0.0	0.0	0.0	0.0	0.0	0.037596461289646804	0.0	0.0	0.0	0.0	0.0	0.09524973271839654	0.0	0.0	0.0	0.0	0.0	0.0	0.0	0.07346076096835952	0.0	0.0	0.0	0.0	0.0	0.0	0.0	0.0	0.0	0.0	0.0	0.0	0.0	0.0	0.0	0.0	0.0	0.0	0.0	0.0	0.0	0.0	0.0	0.0	0.0	0.0	0.0	0.0	0.0	0.0	0.0	0.0	0.0	0.0	0.0	0.0	0.0	0.0	0.0	0.0	0.0	0.0	0.0	0.0	0.0	0.0	0.0	0.0	0.0	0.0	0.0	0.0	0.0	0.0	0.0	0.0	0.06009589039176509	0.08503793845689876	0.0	0.0	0.0	0.0	0.0	0.0	0.0	0.0	0.0	0.0	0.0	0.0	0.0	0.0	0.0	0.0	0.0	0.0	0.0	0.0	0.06009589039176509	0.09562645283339906	0.0	0.11264789065303706	0.044288603569514355	0.0	0.0	0.0	0.0	0.0	0.0	0.0	0.0	0.0	0.0	0.0	0.0	0.0	0.0	0.0	0.0	0.0	0.04570336698627145	0.05514025345140011	0.0468083939727976	0.0	0.0	0.0	0.0	0.0	0.0	0.0	0.0	0.0	0.0	0.0	0.0	0.0	0.0	0.0	0.0	0.0	0.0	0.0	0.0	0.0	0.0	0.0	0.0	0.0	0.0	0.0	0.0	0.0	0.0	0.0	0.0	0.0	0.0	0.0	0.0	0.0	0.0	0.0	0.06009589039176509	0.044288603569514355	0.0	0.0	0.0	0.0	0.0	0.0	0.0	0.0	0.0	0.0	0.0	0.0	0.0	0.0	0.0	0.0	0.0	0.0	0.0	0.0	0.0	0.0	0.0	0.0
CALYO1406491_acpa-rejette	acpa-rejette	0.0	0.029545405021289148	0.0	0.017812567049941292	0.017137066227648354	0.010031517539850125	0.0	0.0	0.0	0.0	0.0	0.034201664953711707	0.0	0.0	0.024170147413861587	0.0	0.0	0.02217702484595613	0.02217702484595613	0.0	0.0	0.024224290189598846	0.0	0.017812567049941292	0.01777041418372347	0.0	0.0	0.0	0.0	0.015464080951386794	0.010031517539850125	0.0	0.0	0.024170147413861587	0.0	0.0	0.0	0.0	0.017812567049941292	0.0	0.0	0.0	0.0	0.0	0.0	0.0	0.038308777287873054	0.0	0.0	0.026188155351805357	0.0	0.0	0.015046610811420629	0.0	0.010031517539850125	0.010031517539850125	0.0	0.016459864513140396	0.0	0.015102548528919643	0.0157885218626107	0.00889163440334157	0.024170147413861587	0.010031517539850125	0.010031517539850125	0.0	0.0	0.010031517539850125	0.0	0.018734354623457673	0.017812567049941292	0.0	0.0	0.0	0.0	0.0	0.0	0.0	0.0	0.0	0.0	0.0	0.0	0.010031517539850125	0.0	0.0	0.0	0.0	0.0	0.017812567049941292	0.0	0.01981711418262419	0.0	0.0	0.00889163440334157	0.0	0.0	0.0	0.0	0.0	0.0	0.0	0.0	0.04530619490276424	0.0	0.0	0.0	0.0	0.029545405021289148	0.0	0.0	0.0	0.014393643201825077	0.014393643201825077	0.0	0.0	0.029545405021289148	0.0	0.0	0.0	0.0	0.0	0.0	0.0	0.0	0.0	0.0	0.0	0.0	0.0	0.0	0.026188155351805357	0.021423689229988607	0.017812567049941292	0.0	0.0	0.0	0.0	0.0	0.0	0.0	0.0	0.0	0.0	0.0	0.0	0.0	0.0	0.030315323633330175	0.014138629874011462	0.0	0.0	0.0	0.0	0.0	0.0	0.0	0.0	0.010031517539850125	0.038308777287873054	0.024170147413861587	0.024170147413861587	0.024170147413861587	0.024170147413861587	0.017812567049941292	0.041982714463802896	0.034201664953711707	0.0	0.0	0.0	0.0	0.0	0.0	0.0	0.0	0.0	0.048340294827723174	0.0	0.014393643201825077	0.030315323633330175	0.010031517539850125	0.0	0.034201664953711707	0.0	0.0	0.0	0.038308777287873054	0.0	0.0	0.0	0.017812567049941292	0.0	0.010031517539850125	0.010031517539850125	0.0	0.0	0.0	0.0	0.01981711418262419	0.0	0.0	0.0	0.0	0.0	0.0	0.0	0.0	0.010031517539850125	0.030315323633330175	0.0	0.021423689229988607	0.03199841749222908	0.024170147413861587	0.03714656854154703	0.0	0.010031517539850125	0.0	0.0	0.0	0.0	0.0	0.0	0.0	0.00889163440334157	0.0	0.010031517539850125	0.0	0.0	0.0	0.0	0.010031517539850125	0.0	0.014007044466044376	0.019657045536802243	0.014188879430751897	0.0	0.010031517539850125	0.0	0.0	0.024170147413861587	0.0	0.0	0.0	0.0	0.0	0.024170147413861587	0.026188155351805357	0.0	0.017812567049941292	0.010031517539850125	0.010031517539850125	0.0	0.010031517539850125	0.0	0.0	0.0	0.0	0.0	0.0	0.0	0.0	0.0	0.0	0.0	0.024689956454562734	0.010031517539850125	0.024170147413861587	0.0	0.017812567049941292	0.0	0.0	0.017812567049941292	0.0	0.0	0.0	0.0	0.0	0.010031517539850125	0.010031517539850125	0.010031517539850125	0.010031517539850125	0.010031517539850125	0.0	0.0	0.0	0.022566179762906716	0.0	0.029602710825398258	0.0	0.0	0.0	0.0	0.017812567049941292	0.0	0.0	0.0	0.0	0.0	0.0	0.0
CAPAR1305040_acpa-rejette	acpa-rejette	0.0050885310198804596	0.0	0.0	0.0	0.011131990937106997	0.0	0.01286761046335965	0.007927477062535111	0.007927477062535111	0.007927477062535111	0.009652293700125015	0.02702810550288002	0.0	0.007927477062535111	0.015291809543677159	0.014076505987486719	0.014076505987486719	0.014030813895461312	0.015140021283222454	0.007246662409592264	0.0	0.018165162172221118	0.007927477062535111	0.014076505987486719	0.01840616057450129	0.0	0.012160451914455668	0.01286761046335965	0.0	0.012395681054824442	0.0	0.0	0.0	0.019100628440344908	0.017460259427603143	0.006848411367679209	0.014076505987486719	0.0	0.014076505987486719	0.007246662409592264	0.007246662409592264	0.023348463448241034	0.006848411367679209	0.020170336821591802	0.014076505987486719	0.0065658477566494155	0.022474009700532663	0.007927477062535111	0.0	0.020170336821591802	0.0109515563903286	0.007246662409592264	0.014495530418433544	0.007927477062535111	0.0	0.0	0.0	0.01285516140569178	0.0	0.01451534807725162	0.014076505987486719	0.0	0.0	0.0	0.007927477062535111	0.007927477062535111	0.0	0.007246662409592264	0.007927477062535111	0.015268457660243108	0.0	0.0	0.016020448717690726	0.0	0.007927477062535111	0.0	0.0	0.0	0.0	0.0	0.0	0.0	0.014076505987486719	0.006848411367679209	0.0	0.0	0.0	0.0	0.0	0.012160451914455668	0.0	0.0134258840114332	0.0	0.0	0.006016188695587069	0.0	0.007246662409592264	0.01286761046335965	0.0	0.01286761046335965	0.007927477062535111	0.0	0.0	0.026579074975104203	0.006167596714736361	0.007246662409592264	0.007246662409592264	0.026152998767929245	0.021343288798870343	0.0	0.023235321332806595	0.021530871508487925	0.010306068905093151	0.010306068905093151	0.015714051877374426	0.0	0.023348463448241034	0.011658714939232581	0.014076505987486719	0.0	0.0	0.019100628440344908	0.007927477062535111	0.02767385644561403	0.020170336821591802	0.007927477062535111	0.0	0.0	0.0	0.0	0.017460259427603143	0.0	0.0	0.014076505987486719	0.0	0.0	0.0	0.011658714939232581	0.019100628440344908	0.0	0.016500705067804225	0.0	0.0	0.0	0.0	0.0	0.0	0.0	0.0	0.009254042658211961	0.007246662409592264	0.01286761046335965	0.0	0.01286761046335965	0.014076505987486719	0.017460259427603143	0.007246662409592264	0.007246662409592264	0.007246662409592264	0.0	0.0	0.0	0.019100628440344908	0.019100628440344908	0.0	0.033177134427831635	0.0	0.0	0.0	0.007927477062535111	0.007927477062535111	0.0	0.007927477062535111	0.007246662409592264	0.007927477062535111	0.006848411367679209	0.023791214091785726	0.0	0.010306068905093151	0.02702810550288002	0.0	0.0	0.0	0.007927477062535111	0.006346674392456123	0.018692592094711323	0.02203221771770378	0.014076505987486719	0.0	0.02702810550288002	0.0	0.019100628440344908	0.0065658477566494155	0.007927477062535111	0.0	0.014277931689097844	0.006346674392456123	0.006167596714736361	0.0	0.011658714939232581	0.014076505987486719	0.012160451914455668	0.0	0.0109515563903286	0.01286761046335965	0.006848411367679209	0.006848411367679209	0.007927477062535111	0.01967012736808685	0.006848411367679209	0.015819890414861378	0.022514382633936104	0.019100628440344908	0.025589203690307132	0.014076505987486719	0.0	0.0	0.012160451914455668	0.0	0.0	0.019100628440344908	0.007246662409592264	0.007927477062535111	0.005572245325713047	0.0	0.0	0.018692592094711323	0.0	0.011269537506232495	0.007927477062535111	0.0	0.007927477062535111	0.0134258840114332	0.016020448717690726	0.01451534807725162	0.007927477062535111	0.0	0.0	0.0	0.017460259427603143	0.0	0.006346674392456123	0.007927477062535111	0.019100628440344908	0.006848411367679209	0.016500705067804225	0.0	0.012160451914455668	0.012160451914455668	0.005267608697600222	0.0	0.006848411367679209	0.007927477062535111	0.0	0.0	0.007927477062535111	0.007927477062535111	0.006346674392456123	0.005204218450763721	0.01286761046335965	0.007927477062535111	0.007927477062535111	0.007246662409592264	0.019100628440344908	0.018046222773527548	0.006848411367679209	0.019100628440344908	0.0	0.0	0.006016188695587069	0.0	0.0109515563903286	0.007246662409592264	0.007927477062535111	0.0	0.0	0.0	0.007927477062535111	0.007927477062535111	0.007927477062535111	0.007927477062535111	0.007927477062535111	0.01286761046335965	0.012160451914455668	0.014076505987486719	0.013788527537302529	0.015514465468062096	0.026152998767929245	0.006848411367679209	0.0	0.0	0.006848411367679209	0.0	0.007246662409592264	0.026152998767929245	0.0	0.007927477062535111	0.007927477062535111	0.0	0.0
CANIM1601140_acpa-rejette	acpa-rejette	0.0	0.0	0.0	0.0	0.02703359957994991	0.0	0.0	0.0	0.0	0.0	0.0	0.0	0.0	0.0	0.0	0.02171336364836731	0.0	0.02165243412883743	0.02165243412883743	0.0	0.012228332259861368	0.03601559065388406	0.0	0.0	0.032865526769551616	0.0	0.0	0.0	0.0	0.025762928963123804	0.0	0.0	0.0	0.0	0.02946319858111361	0.0	0.0	0.0	0.0	0.0	0.0	0.0	0.0	0.0	0.0	0.0	0.0	0.0	0.012228332259861368	0.0	0.0	0.0	0.02087143859644495	0.0	0.012228332259861368	0.0	0.0	0.025762928963123804	0.0	0.02363846218795227	0.0	0.0	0.0	0.0	0.0	0.0	0.0	0.0	0.0	0.0	0.0	0.0	0.02703359957994991	0.0	0.0	0.0	0.03601559065388406	0.012228332259861368	0.0	0.0	0.0	0.0	0.02171336364836731	0.0	0.0	0.0	0.02946319858111361	0.02946319858111361	0.02946319858111361	0.02171336364836731	0.0	0.025762928963123804	0.0	0.010692581610953399	0.0	0.0	0.0	0.0	0.0	0.0	0.0	0.0	0.0	0.044234490765755315	0.0	0.0	0.0	0.04669806490236586	0.0	0.0	0.0	0.0	0.020636080771713333	0.020636080771713333	0.0	0.0	0.03601559065388406	0.0	0.0	0.0	0.0	0.0	0.0	0.0	0.03601559065388406	0.0	0.0	0.0	0.0	0.0	0.02946319858111361	0.03149240911595181	0.0	0.0	0.0	0.0	0.0	0.0	0.0	0.0	0.0	0.0	0.0	0.0	0.0	0.0	0.0	0.0	0.041691530840974975	0.0	0.0	0.0	0.0	0.0	0.0	0.02946319858111361	0.0	0.0	0.0	0.04669806490236586	0.0	0.0	0.0	0.0	0.0	0.051176562229480936	0.041691530840974975	0.012228332259861368	0.0	0.0	0.0	0.0	0.0	0.0	0.0	0.0	0.0	0.0	0.020636080771713333	0.041691530840974975	0.0	0.0	0.041691530840974975	0.0	0.012228332259861368	0.03601559065388406	0.0	0.0	0.02946319858111361	0.0	0.0	0.0	0.0	0.0	0.0	0.0	0.0	0.012228332259861368	0.0	0.0	0.0	0.0	0.0	0.0	0.0	0.0	0.0	0.012228332259861368	0.0364555105740772	0.012228332259861368	0.0	0.04829181472844289	0.0	0.05522785585532814	0.0	0.0	0.0	0.0	0.02171336364836731	0.012228332259861368	0.02946319858111361	0.0	0.0	0.0	0.0	0.0	0.0	0.0	0.0	0.0	0.0	0.0	0.02359840999404197	0.02703359957994991	0.02363846218795227	0.0	0.0	0.0	0.012228332259861368	0.0	0.0	0.0	0.0	0.0	0.0	0.0	0.03601559065388406	0.0	0.0	0.0	0.0	0.0	0.0	0.010692581610953399	0.0	0.0	0.0	0.0	0.0	0.0	0.0	0.0	0.0	0.0	0.029165249236261844	0.0	0.0	0.012228332259861368	0.0	0.0	0.03601559065388406	0.0	0.0	0.0	0.0	0.0	0.0	0.0	0.0	0.0	0.0	0.0	0.0	0.0	0.0	0.0340567396029407	0.0	0.04669806490236586	0.0	0.03601559065388406	0.012228332259861368	0.0	0.0	0.0	0.0	0.0	0.0	0.0	0.0	0.0
CAPAR1507851_acpa-rejette	acpa-rejette	0.0	0.0	0.0	0.0	0.05014158456582194	0.022680958719295475	0.0	0.0	0.0	0.0	0.0	0.07732893332088016	0.0	0.0	0.0	0.0	0.0	0.05014158456582194	0.05014158456582194	0.0	0.0	0.0	0.0	0.0	0.0	0.0	0.0	0.0	0.0	0.05464797460158469	0.0	0.0	0.0	0.0	0.0	0.0	0.0	0.0	0.0	0.0	0.0	0.0	0.0	0.0	0.0	0.0	0.0	0.0	0.0	0.0	0.0	0.0	0.044774067929147066	0.0	0.0	0.0	0.0	0.05464797460158469	0.0	0.05014158456582194	0.0	0.0	0.0	0.0	0.0	0.0	0.0	0.0	0.0	0.0	0.0	0.0	0.05014158456582194	0.04027367707223659	0.0	0.0	0.0	0.0	0.0	0.0	0.0	0.0	0.0	0.0	0.0	0.0	0.0	0.0	0.0	0.0	0.0	0.0	0.0	0.0	0.0	0.0	0.0	0.0	0.0	0.0	0.0	0.0	0.0	0.0	0.0	0.0	0.0	0.0	0.0	0.0	0.10243594074733615	0.0	0.0	0.0	0.0	0.0	0.0	0.0	0.0	0.0	0.0	0.0	0.0	0.0	0.0	0.0	0.0	0.0	0.0	0.0	0.0	0.0	0.0	0.0	0.0	0.0	0.0	0.0	0.0	0.0	0.0	0.026191150743292792	0.022680958719295475	0.0	0.0	0.0	0.0	0.0	0.0	0.0	0.0	0.0	0.0	0.0	0.0	0.0	0.0	0.0	0.0	0.08661499048387392	0.0	0.0	0.05464797460158469	0.05464797460158469	0.04027367707223659	0.09492165167382131	0.07732893332088016	0.0	0.0	0.0	0.0	0.0	0.0	0.0	0.0	0.0	0.10929594920316939	0.05464797460158469	0.0	0.0	0.0	0.0	0.07732893332088016	0.0	0.0	0.0	0.0	0.0	0.0	0.0	0.0	0.0	0.0	0.0	0.0	0.0	0.0	0.0	0.044774067929147066	0.0	0.0	0.0	0.0	0.0	0.0	0.0	0.0	0.0	0.0	0.0	0.0	0.0	0.0	0.0	0.0	0.0	0.0	0.0	0.0	0.0	0.0	0.0	0.0	0.0	0.0	0.0	0.0	0.0	0.0	0.0	0.0	0.0	0.044774067929147066	0.05014158456582194	0.05014158456582194	0.0	0.0	0.0	0.0	0.0	0.0	0.0	0.0	0.0	0.0	0.0	0.0	0.0	0.0	0.0	0.0	0.0	0.0	0.022680958719295475	0.0	0.0	0.0	0.0	0.0	0.0	0.0	0.0	0.0	0.0	0.0	0.0	0.0	0.0	0.0	0.0	0.0	0.0	0.0	0.0	0.0	0.0	0.0	0.0	0.0	0.0	0.0	0.0	0.0	0.0	0.0	0.07224069295452581	0.0	0.0	0.0	0.0	0.0	0.0	0.0	0.0	0.08661499048387392	0.0	0.0	0.0	0.0	0.0
