@id	@sens-resultat	abus	abus de procédure	abusif ainsi	abusif considérant	abusif à hauteur	acquitter	action	action en justice	adversaire au paiement	agir	agir en justice	ainsi	allouer	allouer à monsieur	appartenir	appel et payer	appel interjeter	application du disposition	après	argument	articler	assignation	assurance	attendre	attendu	attribution	aucun	aucun faute	audience	auquel	autre demande	avant	avocat engager	avocat engager devant	avril	axiome	axiome bâtiment	axiome ne caractériser	bien	blâmable	bon	bon droit	bâtiment	cadre	caractériser	cause	cause de appel	causer	chacun	chef	circonstance	civil celui	civil dit	civil déclare	civil la condamner	civil vu	code civil	comprendre	compte	condamnation	condamnation au titre	condamnation de monsieur	condamnation ne appartenir	condamne	condamner à verser	confirmation	confirmer le jugement	conformément	conseil	considérer	consort	consort riehl	constater	constituer	constitutif	contestation	contester	contractuel	contraindre	contrat	contrat de travail	convenir	convenir convier	convier	demande de dommages	demande fin	demande former	dernier	destiner	destiner l initiative	deux	deux foi	deux foi fois	devant	devoir	devoir prendre	devoir se étendre	dilatoire	dispos	disposition	dol	dolosif	dommage	donner au litige	droit	droit de agir	dès	dès lors	débat	débouter	déclare	défense	déférer	dégénérer	dégénérer en abus	déjà rendre	dépens de appel	dépens de premier	détailler	encore	entreprendre	erreur	espèce	euro chacun	euro par application	exercice	exigence	exposer	exposer détailler	faire	faire application	faire droit	faire dégénérer	fait	faute même non	financier	fixer	foi	fonder	former	formuler	frai	frai frais	frai frais irrépétibles	frais de avocat	gain	gain de cause	grossier	grossier ou dolosif	hauteur	hauteur de appel	in solidum	indemnisation	initiative	interjeter	intimer	invoquer	jacques	jacques riehl	janvier	jugement	jugement déférer	jugement entreprendre	juger	juridiction	juridiction saisir	justement	justice	justice de manière	justice déjà rendre	laisser	lequel	lieu	lieu à application	litige	lors	légitimement	légitimement penser	légèreté blâmable	madame	madame michelle	madame michelle riehl	manifestement	manière	mener	michelle	michelle riehl	monsieur jacques	monsieur jacques riehl	montant	moyen	méprendre	ni	non grossier	obligation	observation	observation oral	observer	obtenir gain	oral	ordonnance	paiement	particulier	partie qui pouvoir	payer	payer payer	payer un amende	payer à monsieur	penser	pension	percevoir	permettre	personnel	pouvoir	pouvoir donner	pouvoir légitimement	pouvoir légitimement penser	pouvoir être recevable	pouvoir être reprocher	premier	premier foi	premier foi fois	premier instance	premier juge	prendre	prendre en charge	preuve	prise	procédure abusif ainsi	procédure abusif considérant	procédure civil dit	procédure civil déclare	procédure civil vu	procédure de appel	produire	profit	précisément	préjudice	préjudice du dommages	prétention	qualité pour solliciter	question	quoi	quoi le consort	recevable	reconnaître	rejet	rejeté le demande	relation	reprocher	reprocher à monsieur	revanche	riehl	riehl avoir faire	riehl in	riehl in solidum	rupture	réclame	réformer	réformer le jugement	régler	régler un amende	régulier	résulter	saisir	salaire	sarl	sarl axiome	sarl axiome bâtiment	sci	sen	sen sens	sens	seulement	société axiome	solliciter	solliciter le condamnation	soutenir	succomber	suivant	supporter le dépens	surplus	tant	tel	tel condamnation	texte	titre	titre de amende	titre de dommage	titre de dommages	titre du disposition	toujours	tout	travail	tribunal	venir	verser	verser du dommage	verser le somme	vu
CAPAR1415151_acpa-accepte	acpa-accepte	0.0	0.0	0.0	0.02625820568927788	0.0	0.0	0.0	0.0	0.0	0.10503282275711152	0.10503282275711152	0.0	0.0	0.0	0.0	0.0	0.0	0.0	0.0	0.0	0.0	0.0	0.0	0.0	0.0	0.0	0.0	0.0	0.0	0.0	0.0	0.0	0.0	0.0	0.02625820568927788	0.0	0.0	0.0	0.0	0.0	0.0	0.0	0.0	0.0	0.0	0.0	0.0	0.0	0.0	0.0	0.0	0.0	0.0	0.0	0.0	0.0	0.0	0.0	0.0	0.0	0.0	0.0	0.0	0.4201312910284461	0.0	0.0	0.0	0.0	0.0	0.0	0.0	0.0	0.0	0.0	0.0	0.0	0.0	0.0	0.0	0.0	0.0	0.0	0.0	0.0	0.0	0.0	0.0	0.0	0.0	0.0	0.0	0.0	0.0	0.0	0.23632385120350094	0.0	0.0	0.0	0.0	0.0	0.0	0.0	0.0	0.02625820568927788	0.16411378555798675	0.0	0.0	0.0	0.0	0.0	0.0	0.0	0.0	0.0	0.0	0.0	0.0	0.0	0.0	0.0	0.0	0.0	0.0	0.0	0.0	0.0	0.0	0.0	0.0	0.10503282275711152	0.0	0.02625820568927788	0.0	0.0	0.0	0.0	0.0	0.0	0.0	0.0	0.0	0.0	0.0	0.0	0.0	0.0	0.0	0.0	0.0	0.0	0.0	0.0	0.0	0.0	0.0	0.0	0.0	0.0	0.0	0.0	0.0	0.0	0.0	0.0	0.0	0.0	0.0	0.02625820568927788	0.10503282275711152	0.0	0.0	0.0	0.0	0.0	0.059080962800875235	0.0	0.0	0.0	0.0	0.0	0.0	0.0	0.0	0.059080962800875235	0.0	0.0	0.0	0.0	0.0	0.10503282275711152	0.0	0.02625820568927788	0.0	0.0	0.0	0.0	0.0	0.0	0.0	0.0	0.0	0.0	0.0	0.0	0.02625820568927788	0.02625820568927788	0.0	0.0	0.0	0.0	0.0	0.0	0.0	0.10503282275711152	0.0	0.0	0.0	0.0	0.0	0.0	0.0	0.0	0.0	0.0	0.0	0.0	0.0	0.0	0.0	0.02625820568927788	0.0	0.0	0.0	0.0	0.0	0.0	0.0	0.0	0.0	0.0	0.0	0.23632385120350094	0.0	0.0	0.0	0.0	0.10503282275711152	0.23632385120350094	0.0	0.0	0.0	0.0	0.0	0.0	0.0	0.0	0.0	0.0	0.0	0.0	0.02625820568927788	0.02625820568927788	0.0	0.10503282275711152	0.0	0.0	0.0	0.0	0.0	0.0	0.02625820568927788	0.02625820568927788	0.02625820568927788	0.0	0.0	0.0	0.0	0.0	0.0	0.0	0.0	0.0	0.0	0.0	0.0	0.0	0.0	0.0	0.0	0.0	0.0	0.0	0.0	0.0	0.0	0.23632385120350094	0.0	0.0	0.0	0.0
CAVER1501501_acpa-accepte	acpa-accepte	0.0	0.0	0.0	0.0	0.0	0.01936640765092648	0.0	0.0	0.0	0.07746563060370593	0.0	0.0	0.04357441721458458	0.01936640765092648	0.0	0.0	0.0	0.0	0.0	0.0	0.0	0.0	0.0	0.0	0.0	0.01936640765092648	0.0	0.0	0.01936640765092648	0.0	0.0	0.01936640765092648	0.0	0.0	0.0	0.0	0.0	0.0	0.0	0.0	0.0	0.0	0.0	0.0	0.0	0.0	0.0	0.12104004781829052	0.0	0.0	0.07746563060370593	0.0	0.0	0.0	0.0	0.0	0.0	0.0	0.0	0.0	0.0	0.0	0.0	0.3098625224148237	0.0	0.0	0.0	0.0	0.01936640765092648	0.0	0.0	0.0	0.01936640765092648	0.0	0.0	0.12104004781829052	0.01936640765092648	0.01936640765092648	0.01936640765092648	0.0	0.0	0.07746563060370593	0.07746563060370593	0.07746563060370593	0.0	0.0	0.0	0.0	0.0	0.0	0.23723849372384942	0.0	0.0	0.07746563060370593	0.0	0.0	0.0	0.04357441721458458	0.01936640765092648	0.0	0.0	0.0	0.0	0.0	0.12104004781829052	0.0	0.0	0.0	0.0	0.0	0.0	0.12104004781829052	0.0	0.0	0.0	0.0	0.0	0.0	0.0	0.0	0.0	0.0	0.0	0.0	0.0	0.0	0.0	0.01936640765092648	0.0	0.0	0.0	0.0	0.0	0.07746563060370593	0.0	0.0	0.0	0.0	0.0	0.0	0.0	0.0	0.0	0.0	0.0	0.0	0.0	0.0	0.0	0.0	0.0	0.0	0.0	0.0	0.0	0.01936640765092648	0.0	0.0	0.0	0.0	0.0	0.0	0.0	0.0	0.0	0.0	0.0	0.0	0.0	0.0	0.0	0.0	0.07746563060370593	0.0	0.04357441721458458	0.0	0.0	0.0	0.0	0.0	0.0	0.0	0.17429766885833833	0.0	0.01936640765092648	0.0	0.0	0.0	0.0	0.07746563060370593	0.0	0.0	0.0	0.0	0.01936640765092648	0.0	0.0	0.0	0.0	0.0	0.0	0.0	0.07746563060370593	0.0	0.0	0.0	0.0	0.0	0.0	0.0	0.0	0.07746563060370593	0.0	0.07746563060370593	0.0	0.0	0.0	0.0	0.0	0.01936640765092648	0.0	0.0	0.01936640765092648	0.04357441721458458	0.0	0.0	0.0	0.0	0.0	0.0	0.0	0.0	0.0	0.0	0.0	0.0	0.0	0.04357441721458458	0.0	0.0	0.0	0.0	0.0	0.0	0.0	0.01936640765092648	0.0	0.0	0.0	0.0	0.0	0.0	0.0	0.0	0.0	0.0	0.0	0.0	0.0	0.0	0.0	0.0	0.0	0.0	0.0	0.0	0.0	0.0	0.0	0.17429766885833833	0.0	0.0	0.0	0.01936640765092648	0.0	0.0	0.0	0.0	0.0	0.0	0.0	0.0	0.0	0.0	0.0	0.0	0.01936640765092648	0.0	0.0	0.01936640765092648	0.0	0.01936640765092648	0.0	0.0	0.0	0.17429766885833833	0.01936640765092648	0.0	0.0	0.0
CABAS1400506_acpa-accepte	acpa-accepte	0.0	0.0	0.0	0.0	0.0	0.0	0.0	0.0	0.0	0.0	0.0	0.0	0.0	0.0	0.0	0.0	0.0	0.0	0.0	0.01739037088723097	0.0	0.0	0.01739037088723097	0.0	0.0	0.0	0.0	0.0	0.0	0.0	0.0	0.0	0.0	0.0	0.0	0.0	0.0	0.0	0.0	0.0	0.15651333798507874	0.15651333798507874	0.0	0.0	0.0	0.06956148354892389	0.0	0.0	0.10868981804519356	0.0	0.0	0.0	0.0	0.0	0.0	0.0	0.0	0.0	0.0	0.039128334496269686	0.0	0.0	0.0	0.27824593419569554	0.0	0.0	0.0	0.0	0.0	0.0	0.0	0.0	0.0	0.0	0.0	0.0	0.0	0.0	0.0	0.0	0.0	0.0	0.0	0.0	0.0	0.0	0.0	0.0	0.0	0.0	0.21303204336857942	0.0	0.0	0.06956148354892389	0.0	0.0	0.0	0.0	0.0	0.0	0.0	0.0	0.01739037088723097	0.0	0.10868981804519356	0.0	0.0	0.0	0.0	0.0	0.0	0.10868981804519356	0.0	0.0	0.0	0.0	0.0	0.0	0.0	0.0	0.0	0.0	0.0	0.15651333798507874	0.0	0.0	0.0	0.0	0.0	0.06956148354892389	0.10868981804519356	0.0	0.0	0.0	0.0	0.0	0.0	0.01739037088723097	0.0	0.01739037088723097	0.0	0.0	0.0	0.0	0.0	0.0	0.0	0.0	0.0	0.01739037088723097	0.0	0.0	0.0	0.0	0.0	0.0	0.0	0.0	0.0	0.0	0.0	0.0	0.0	0.0	0.0	0.0	0.0	0.0	0.0	0.0	0.15651333798507874	0.0	0.0	0.0	0.0	0.0	0.0	0.0	0.0	0.0	0.0	0.0	0.15651333798507874	0.0	0.0	0.0	0.0	0.0	0.0	0.0	0.0	0.0	0.0	0.0	0.0	0.0	0.0	0.0	0.0	0.0	0.0	0.0	0.06956148354892389	0.0	0.0	0.0	0.0	0.0	0.0	0.0	0.0	0.06956148354892389	0.0	0.06956148354892389	0.0	0.0	0.0	0.0	0.0	0.01739037088723097	0.0	0.0	0.01739037088723097	0.0	0.0	0.0	0.0	0.0	0.0	0.0	0.0	0.0	0.0	0.0	0.0	0.0	0.0	0.039128334496269686	0.0	0.0	0.0	0.0	0.0	0.0	0.0	0.0	0.0	0.15651333798507874	0.0	0.0	0.0	0.0	0.0	0.0	0.0	0.0	0.0	0.0	0.0	0.0	0.0	0.0	0.0	0.0	0.0	0.0	0.0	0.0	0.0	0.0	0.0	0.0	0.0	0.0	0.0	0.0	0.0	0.0	0.0	0.0	0.0	0.0	0.0	0.0	0.0	0.0	0.01739037088723097	0.0	0.01739037088723097	0.0	0.0	0.0	0.0	0.0	0.0	0.0	0.0	0.0	0.0	0.0
CACHA1502356_acpa-accepte	acpa-accepte	0.017430600387346687	0.0	0.0	0.0	0.017430600387346687	0.0	0.0	0.0	0.0	0.06972240154938675	0.06972240154938675	0.0	0.03921885087153005	0.0	0.0	0.0	0.0	0.0	0.0	0.0	0.0	0.0	0.0	0.0	0.0	0.0	0.0	0.0	0.0	0.0	0.0	0.0	0.0	0.0	0.0	0.0	0.0	0.0	0.0	0.0	0.1568754034861202	0.1568754034861202	0.0	0.0	0.0	0.0	0.0	0.10894125242091679	0.10894125242091679	0.0	0.06972240154938675	0.017430600387346687	0.0	0.0	0.017430600387346687	0.0	0.0	0.017430600387346687	0.0	0.0	0.0	0.0	0.0	0.0	0.017430600387346687	0.0	0.0	0.0	0.0	0.0	0.0	0.0	0.0	0.0	0.017430600387346687	0.10894125242091679	0.0	0.0	0.0	0.0	0.0	0.06972240154938675	0.06972240154938675	0.06972240154938675	0.0	0.0	0.0	0.0	0.0	0.0	0.21352485474499694	0.017430600387346687	0.017430600387346687	0.0	0.0	0.0	0.0	0.03921885087153005	0.0	0.1568754034861202	0.0	0.0	0.017430600387346687	0.0	0.10894125242091679	0.0	0.0	0.0	0.0	0.0	0.0	0.0	0.0	0.0	0.0	0.0	0.0	0.0	0.0	0.017430600387346687	0.0	0.0	0.0	0.1568754034861202	0.0	0.0	0.0	0.0	0.0	0.06972240154938675	0.10894125242091679	0.0	0.0	0.06972240154938675	0.0	0.0	0.0	0.017430600387346687	0.0	0.0	0.0	0.0	0.0	0.0	0.0	0.0	0.0	0.0	0.0	0.017430600387346687	0.0	0.0	0.0	0.0	0.0	0.0	0.0	0.0	0.0	0.0	0.0	0.0	0.0	0.0	0.0	0.0	0.017430600387346687	0.017430600387346687	0.06972240154938675	0.0	0.1568754034861202	0.0	0.0	0.0	0.0	0.0	0.0	0.0	0.0	0.0	0.0	0.0	0.0	0.03921885087153005	0.0	0.0	0.0	0.0	0.0	0.0	0.0	0.0	0.0	0.0	0.0	0.0	0.0	0.0	0.0	0.0	0.017430600387346687	0.017430600387346687	0.0	0.0	0.017430600387346687	0.017430600387346687	0.0	0.0	0.0	0.0	0.0	0.0	0.0	0.06972240154938675	0.0	0.0	0.0	0.0	0.0	0.017430600387346687	0.0	0.0	0.0	0.03921885087153005	0.0	0.0	0.0	0.0	0.0	0.0	0.0	0.0	0.0	0.0	0.0	0.017430600387346687	0.0	0.03921885087153005	0.0	0.0	0.0	0.1568754034861202	0.0	0.0	0.0	0.0	0.06972240154938675	0.0	0.0	0.0	0.0	0.0	0.0	0.0	0.0	0.0	0.0	0.0	0.0	0.0	0.0	0.0	0.0	0.06972240154938675	0.0	0.0	0.0	0.0	0.0	0.1568754034861202	0.0	0.0	0.0	0.0	0.0	0.0	0.0	0.0	0.03921885087153005	0.0	0.0	0.0	0.0	0.0	0.0	0.0	0.017430600387346687	0.017430600387346687	0.017430600387346687	0.0	0.0	0.0	0.017430600387346687	0.0	0.0	0.0	0.017430600387346687	0.017430600387346687	0.0	0.0
CAMET1502360_acpa-accepte	acpa-accepte	0.0	0.0	0.02458083605189287	0.0	0.0	0.0	0.02458083605189287	0.0	0.0	0.09832334420757148	0.09832334420757148	0.15363022532433043	0.0	0.0	0.0	0.0	0.0	0.05530688111675896	0.05530688111675896	0.0	0.0	0.0	0.0	0.09832334420757148	0.05530688111675896	0.0	0.0	0.0	0.0	0.0	0.0	0.0	0.0	0.0	0.0	0.0	0.0	0.0	0.0	0.0	0.0	0.0	0.0	0.0	0.0	0.0	0.0	0.0	0.0	0.0	0.0	0.0	0.0	0.0	0.0	0.0	0.0	0.0	0.0	0.05530688111675896	0.0	0.0	0.0	0.3932933768302859	0.02458083605189287	0.0	0.0	0.0	0.0	0.0	0.0	0.0	0.0	0.0	0.0	0.0	0.0	0.02458083605189287	0.0	0.0	0.0	0.0	0.0	0.0	0.0	0.0	0.0	0.0	0.0	0.0	0.0	0.0	0.0	0.0	0.0	0.0	0.0	0.05530688111675896	0.0	0.22122752446703584	0.0	0.0	0.0	0.0	0.0	0.0	0.05530688111675896	0.05530688111675896	0.0	0.0	0.0	0.0	0.0	0.0	0.0	0.0	0.0	0.0	0.0	0.0	0.0	0.0	0.15363022532433043	0.0	0.0	0.0	0.0	0.0	0.0	0.0	0.0	0.0	0.0	0.0	0.0	0.0	0.0	0.0	0.0	0.0	0.0	0.0	0.0	0.0	0.0	0.0	0.0	0.0	0.0	0.02458083605189287	0.0	0.0	0.0	0.0	0.0	0.0	0.0	0.0	0.0	0.0	0.3011152416356877	0.0	0.0	0.0	0.02458083605189287	0.0	0.0	0.02458083605189287	0.09832334420757148	0.0	0.0	0.0	0.0	0.0	0.0	0.09832334420757148	0.0	0.0	0.0	0.09832334420757148	0.0	0.0	0.22122752446703584	0.05530688111675896	0.0	0.0	0.0	0.0	0.0	0.0	0.0	0.0	0.0	0.0	0.0	0.0	0.0	0.02458083605189287	0.0	0.0	0.0	0.02458083605189287	0.0	0.0	0.0	0.0	0.0	0.0	0.0	0.0	0.0	0.0	0.0	0.09832334420757148	0.0	0.0	0.0	0.0	0.0	0.0	0.0	0.0	0.0	0.0	0.0	0.0	0.0	0.0	0.02458083605189287	0.0	0.0	0.0	0.0	0.0	0.0	0.0	0.0	0.05530688111675896	0.02458083605189287	0.0	0.0	0.0	0.0	0.0	0.0	0.0	0.0	0.0	0.0	0.0	0.0	0.0	0.0	0.0	0.0	0.0	0.0	0.0	0.0	0.0	0.0	0.0	0.0	0.0	0.0	0.0	0.0	0.0	0.0	0.0	0.0	0.0	0.0	0.0	0.0	0.0	0.0	0.0	0.05530688111675896	0.0	0.0	0.0	0.0	0.0	0.0	0.0	0.02458083605189287	0.0	0.0	0.0	0.0	0.0	0.02458083605189287	0.0	0.02458083605189287	0.0	0.02458083605189287	0.0	0.0	0.0
CADIJ1501045_acpa-rejette	acpa-rejette	0.020175602465907026	0.045395105548290814	0.0	0.0	0.020175602465907026	0.0	0.0	0.0	0.020175602465907026	0.0807024098636281	0.0807024098636281	0.0	0.0	0.0	0.020175602465907026	0.020175602465907026	0.0	0.045395105548290814	0.0	0.0	0.0	0.020175602465907026	0.0	0.0807024098636281	0.045395105548290814	0.0	0.0807024098636281	0.020175602465907026	0.0	0.0	0.020175602465907026	0.020175602465907026	0.020175602465907026	0.020175602465907026	0.0	0.020175602465907026	0.020175602465907026	0.020175602465907026	0.0	0.0	0.0	0.0	0.020175602465907026	0.0	0.0807024098636281	0.0807024098636281	0.0	0.0	0.0	0.0807024098636281	0.0807024098636281	0.0	0.020175602465907026	0.020175602465907026	0.0	0.0	0.0	0.0	0.0	0.045395105548290814	0.020175602465907026	0.0	0.020175602465907026	0.0	0.020175602465907026	0.020175602465907026	0.045395105548290814	0.0	0.0	0.0	0.020175602465907026	0.020175602465907026	0.0	0.020175602465907026	0.020175602465907026	0.0	0.0	0.0	0.0	0.0	0.0	0.0	0.0	0.0	0.020175602465907026	0.0	0.045395105548290814	0.0	0.020175602465907026	0.020175602465907026	0.0	0.0	0.0	0.0807024098636281	0.18158042219316325	0.020175602465907026	0.020175602465907026	0.045395105548290814	0.0	0.18158042219316325	0.0	0.020175602465907026	0.020175602465907026	0.0	0.1260975154119189	0.020175602465907026	0.045395105548290814	0.045395105548290814	0.0	0.18158042219316325	0.020175602465907026	0.0	0.045395105548290814	0.0807024098636281	0.045395105548290814	0.020175602465907026	0.0807024098636281	0.0	0.0	0.0	0.0807024098636281	0.0	0.0	0.0	0.045395105548290814	0.0	0.0	0.020175602465907026	0.0	0.0807024098636281	0.0	0.020175602465907026	0.020175602465907026	0.0	0.020175602465907026	0.045395105548290814	0.0	0.0	0.0807024098636281	0.020175602465907026	0.0	0.0	0.0	0.0	0.020175602465907026	0.020175602465907026	0.020175602465907026	0.045395105548290814	0.020175602465907026	0.020175602465907026	0.020175602465907026	0.020175602465907026	0.0	0.020175602465907026	0.0	0.0	0.0	0.020175602465907026	0.020175602465907026	0.0	0.2471511302073611	0.045395105548290814	0.0807024098636281	0.0	0.020175602465907026	0.020175602465907026	0.0	0.020175602465907026	0.0807024098636281	0.020175602465907026	0.0	0.020175602465907026	0.0807024098636281	0.020175602465907026	0.0	0.0807024098636281	0.020175602465907026	0.020175602465907026	0.0	0.0807024098636281	0.020175602465907026	0.020175602465907026	0.0	0.045395105548290814	0.0	0.020175602465907026	0.020175602465907026	0.020175602465907026	0.020175602465907026	0.0	0.045395105548290814	0.0	0.020175602465907026	0.020175602465907026	0.0	0.0	0.0	0.020175602465907026	0.020175602465907026	0.0	0.0	0.020175602465907026	0.0807024098636281	0.020175602465907026	0.020175602465907026	0.020175602465907026	0.0	0.0	0.045395105548290814	0.0	0.0	0.0	0.020175602465907026	0.0807024098636281	0.0	0.020175602465907026	0.020175602465907026	0.020175602465907026	0.0	0.020175602465907026	0.0	0.0	0.020175602465907026	0.045395105548290814	0.020175602465907026	0.020175602465907026	0.020175602465907026	0.0	0.0	0.0	0.020175602465907026	0.020175602465907026	0.0	0.0	0.0	0.0	0.0	0.045395105548290814	0.020175602465907026	0.0	0.045395105548290814	0.0	0.020175602465907026	0.020175602465907026	0.020175602465907026	0.0	0.0	0.0	0.0	0.0	0.0	0.045395105548290814	0.020175602465907026	0.020175602465907026	0.020175602465907026	0.020175602465907026	0.0	0.0	0.020175602465907026	0.020175602465907026	0.0	0.0	0.020175602465907026	0.0	0.020175602465907026	0.0	0.020175602465907026	0.020175602465907026	0.020175602465907026	0.0	0.0	0.0	0.0	0.020175602465907026	0.020175602465907026	0.045395105548290814	0.020175602465907026	0.0	0.0	0.0	0.0	0.0	0.020175602465907026	0.045395105548290814	0.020175602465907026	0.020175602465907026	0.020175602465907026	0.0	0.020175602465907026	0.020175602465907026	0.045395105548290814	0.0	0.020175602465907026	0.0	0.0	0.0	0.020175602465907026	0.0	0.0	0.0
CAPAR1507861_acpa-rejette	acpa-rejette	0.0	0.0	0.02694162647596872	0.02694162647596872	0.0	0.0	0.0	0.0	0.0	0.0	0.0	0.1683851654748045	0.0	0.0	0.0	0.0	0.0	0.0	0.06061865957092962	0.0	0.0	0.0	0.02694162647596872	0.0	0.0	0.0	0.0	0.0	0.0	0.0	0.0	0.0	0.0	0.0	0.0	0.0	0.0	0.0	0.06061865957092962	0.0	0.0	0.0	0.0	0.0	0.0	0.0	0.0	0.0	0.0	0.0	0.0	0.0	0.0	0.0	0.0	0.0	0.0	0.0	0.0	0.0	0.0	0.0	0.0	0.4310660236154995	0.0	0.0	0.0	0.0	0.0	0.02694162647596872	0.0	0.0	0.0	0.0	0.0	0.1683851654748045	0.0	0.0	0.02694162647596872	0.0	0.0	0.10776650590387488	0.10776650590387488	0.10776650590387488	0.0	0.0	0.0	0.06061865957092962	0.0	0.0	0.3300349243306168	0.02694162647596872	0.02694162647596872	0.0	0.24247463828371849	0.0	0.0	0.0	0.0	0.0	0.0	0.0	0.02694162647596872	0.02694162647596872	0.0	0.0	0.0	0.0	0.0	0.0	0.0	0.1683851654748045	0.0	0.0	0.0	0.0	0.0	0.0	0.0	0.0	0.0	0.0	0.0	0.0	0.0	0.0	0.0	0.02694162647596872	0.0	0.10776650590387488	0.0	0.0	0.0	0.0	0.0	0.0	0.0	0.02694162647596872	0.0	0.0	0.0	0.06061865957092962	0.06061865957092962	0.02694162647596872	0.0	0.0	0.0	0.0	0.0	0.02694162647596872	0.0	0.0	0.0	0.0	0.0	0.0	0.0	0.0	0.0	0.0	0.0	0.0	0.0	0.0	0.0	0.0	0.0	0.0	0.0	0.0	0.0	0.0	0.0	0.0	0.06061865957092962	0.10776650590387488	0.0	0.0	0.0	0.0	0.0	0.0	0.0	0.0	0.0	0.0	0.0	0.0	0.0	0.0	0.0	0.0	0.0	0.0	0.0	0.0	0.0	0.0	0.0	0.0	0.0	0.0	0.0	0.0	0.02694162647596872	0.02694162647596872	0.0	0.0	0.0	0.0	0.0	0.0	0.0	0.0	0.0	0.0	0.0	0.0	0.0	0.02694162647596872	0.0	0.0	0.0	0.0	0.0	0.0	0.0	0.0	0.02694162647596872	0.02694162647596872	0.0	0.0	0.0	0.0	0.0	0.0	0.0	0.0	0.0	0.0	0.0	0.0	0.0	0.0	0.0	0.0	0.10776650590387488	0.0	0.0	0.0	0.0	0.0	0.0	0.0	0.0	0.0	0.0	0.0	0.0	0.0	0.0	0.0	0.0	0.0	0.0	0.0	0.0	0.0	0.0	0.0	0.0	0.0	0.0	0.0	0.0	0.0	0.0	0.0	0.0	0.0	0.0	0.0	0.0	0.0	0.0	0.0	0.02694162647596872	0.0	0.0	0.02694162647596872	0.0	0.0	0.0	0.0	0.0	0.0	0.02694162647596872	0.0	0.0	0.0
CALYO1501346_acpa-rejette	acpa-rejette	0.0	0.0	0.0	0.0	0.0	0.0	0.0	0.0	0.0	0.0	0.0	0.0	0.0	0.0	0.0	0.0	0.03943044906900323	0.0	0.0	0.0	0.0	0.0	0.0	0.0	0.0	0.0	0.0	0.0	0.0	0.0	0.0	0.0	0.0	0.0	0.03943044906900323	0.0	0.0	0.0	0.0	0.0	0.0	0.0	0.0	0.0	0.0	0.15772179627601293	0.0	0.0	0.0	0.0	0.0	0.0	0.0	0.0	0.0	0.03943044906900323	0.08871851040525727	0.03943044906900323	0.0	0.0	0.0	0.0	0.0	0.0	0.0	0.0	0.08871851040525727	0.0	0.03943044906900323	0.0	0.0	0.0	0.0	0.0	0.0	0.0	0.0	0.0	0.0	0.03943044906900323	0.03943044906900323	0.0	0.0	0.0	0.0	0.03943044906900323	0.0	0.0	0.0	0.0	0.0	0.0	0.0	0.0	0.3548740416210291	0.0	0.0	0.0	0.0	0.3548740416210291	0.0	0.0	0.0	0.0	0.0	0.0	0.0	0.0	0.0	0.3548740416210291	0.0	0.0	0.0	0.0	0.0	0.0	0.0	0.0	0.0	0.0	0.15772179627601293	0.0	0.0	0.0	0.0	0.0	0.0	0.0	0.0	0.0	0.0	0.0	0.0	0.0	0.0	0.0	0.0	0.03943044906900323	0.0	0.0	0.03943044906900323	0.0	0.0	0.0	0.0	0.0	0.0	0.0	0.0	0.0	0.0	0.0	0.0	0.0	0.08871851040525727	0.0	0.0	0.0	0.0	0.08871851040525727	0.4830230010952897	0.0	0.15772179627601293	0.03943044906900323	0.0	0.0	0.0	0.0	0.0	0.0	0.0	0.0	0.0	0.0	0.0	0.0	0.0	0.0	0.0	0.0	0.0	0.0	0.0	0.0	0.0	0.0	0.0	0.0	0.0	0.0	0.0	0.0	0.0	0.0	0.0	0.03943044906900323	0.03943044906900323	0.0	0.0	0.03943044906900323	0.0	0.03943044906900323	0.0	0.0	0.03943044906900323	0.03943044906900323	0.03943044906900323	0.0	0.0	0.0	0.0	0.0	0.0	0.0	0.0	0.0	0.0	0.0	0.0	0.03943044906900323	0.03943044906900323	0.03943044906900323	0.0	0.0	0.0	0.0	0.0	0.03943044906900323	0.0	0.0	0.0	0.0	0.03943044906900323	0.0	0.03943044906900323	0.0	0.0	0.08871851040525727	0.0	0.0	0.0	0.0	0.0	0.0	0.0	0.0	0.0	0.0	0.0	0.0	0.0	0.0	0.0	0.0	0.0	0.0	0.03943044906900323	0.0	0.03943044906900323	0.03943044906900323	0.0	0.0	0.0	0.0	0.0	0.03943044906900323	0.0	0.0	0.0	0.0	0.0	0.0	0.0	0.0	0.0	0.0	0.0	0.0	0.0	0.08871851040525727	0.0	0.03943044906900323	0.0	0.0	0.0	0.0	0.03943044906900323	0.0	0.0	0.0	0.08871851040525727	0.0	0.03943044906900323	0.03943044906900323	0.0	0.0	0.0	0.0	0.0	0.08871851040525727
CALYO1504370_acpa-rejette	acpa-rejette	0.0	0.0	0.0	0.0	0.0	0.03330249768732652	0.0	0.0	0.0	0.1332099907493061	0.0	0.20814061054579075	0.0	0.0	0.0	0.0	0.0	0.0	0.0	0.03330249768732652	0.0	0.0	0.0	0.0	0.0	0.03330249768732652	0.0	0.0	0.0	0.0	0.0	0.0	0.0	0.0	0.0	0.0	0.0	0.0	0.07493061979648467	0.0	0.0	0.0	0.0	0.0	0.0	0.1332099907493061	0.0	0.20814061054579075	0.0	0.0	0.0	0.0	0.0	0.0	0.0	0.0	0.0	0.0	0.07493061979648467	0.0	0.0	0.0	0.0	0.0	0.0	0.0	0.0	0.0	0.0	0.0	0.0	0.0	0.0	0.0	0.0	0.0	0.0	0.0	0.0	0.0	0.0	0.0	0.0	0.0	0.0	0.0	0.0	0.0	0.0	0.0	0.0	0.0	0.0	0.0	0.2997224791859387	0.0	0.0	0.0	0.0	0.0	0.0	0.0	0.03330249768732652	0.0	0.0	0.0	0.0	0.0	0.03330249768732652	0.2997224791859387	0.0	0.0	0.07493061979648467	0.0	0.0	0.0	0.0	0.0	0.0	0.0	0.0	0.0	0.0	0.0	0.07493061979648467	0.0	0.0	0.0	0.0	0.0	0.0	0.0	0.0	0.1332099907493061	0.0	0.07493061979648467	0.03330249768732652	0.0	0.1332099907493061	0.03330249768732652	0.0	0.0	0.0	0.0	0.0	0.0	0.0	0.0	0.0	0.0	0.0	0.0	0.0	0.0	0.0	0.0	0.0	0.0	0.0	0.07493061979648467	0.4079555966697499	0.07493061979648467	0.0	0.0	0.0	0.0	0.03330249768732652	0.0	0.0	0.0	0.0	0.0	0.1332099907493061	0.0	0.0	0.0	0.0	0.0	0.0	0.1332099907493061	0.0	0.0	0.0	0.0	0.0	0.0	0.0	0.0	0.0	0.1332099907493061	0.0	0.0	0.03330249768732652	0.0	0.03330249768732652	0.0	0.0	0.0	0.0	0.0	0.0	0.0	0.0	0.0	0.0	0.0	0.0	0.0	0.0	0.03330249768732652	0.0	0.1332099907493061	0.0	0.0	0.0	0.0	0.0	0.0	0.0	0.03330249768732652	0.0	0.0	0.0	0.07493061979648467	0.0	0.0	0.0	0.0	0.0	0.0	0.0	0.0	0.0	0.07493061979648467	0.03330249768732652	0.0	0.0	0.07493061979648467	0.0	0.0	0.0	0.0	0.0	0.0	0.0	0.0	0.0	0.0	0.0	0.0	0.0	0.0	0.0	0.0	0.0	0.0	0.0	0.0	0.0	0.0	0.0	0.0	0.03330249768732652	0.0	0.0	0.0	0.0	0.0	0.0	0.0	0.0	0.0	0.0	0.0	0.0	0.0	0.0	0.0	0.07493061979648467	0.07493061979648467	0.0	0.0	0.0	0.07493061979648467	0.0	0.0	0.03330249768732652	0.0	0.0	0.03330249768732652	0.0	0.0	0.03330249768732652	0.0	0.03330249768732652	0.0	0.03330249768732652	0.0	0.07493061979648467	0.0
CAAIX1416771_acpa-rejette	acpa-rejette	0.0	0.0	0.0	0.0	0.0	0.0	0.034519497123375216	0.034519497123375216	0.0	0.13807798849350086	0.0	0.0	0.07766886852759423	0.034519497123375216	0.0	0.0	0.0	0.0	0.0	0.0	0.0	0.0	0.0	0.0	0.0	0.0	0.0	0.0	0.0	0.0	0.0	0.0	0.0	0.0	0.0	0.0	0.0	0.0	0.0	0.034519497123375216	0.0	0.0	0.0	0.0	0.13807798849350086	0.0	0.0	0.0	0.0	0.0	0.0	0.0	0.0	0.0	0.0	0.0	0.07766886852759423	0.0	0.0	0.07766886852759423	0.0	0.0	0.0	0.0	0.0	0.0	0.0	0.034519497123375216	0.0	0.0	0.0	0.0	0.0	0.0	0.0	0.0	0.0	0.0	0.0	0.0	0.0	0.0	0.0	0.0	0.0	0.0	0.0	0.0	0.0	0.0	0.0	0.0	0.0	0.0	0.31067547411037694	0.0	0.0	0.0	0.0	0.31067547411037694	0.034519497123375216	0.0	0.034519497123375216	0.0	0.21574685702109508	0.0	0.07766886852759423	0.07766886852759423	0.0	0.0	0.0	0.0	0.0	0.13807798849350086	0.0	0.0	0.13807798849350086	0.0	0.0	0.0	0.0	0.034519497123375216	0.21574685702109508	0.0	0.0	0.034519497123375216	0.0	0.0	0.0	0.0	0.0	0.0	0.0	0.13807798849350086	0.0	0.0	0.0	0.0	0.0	0.0	0.0	0.0	0.0	0.0	0.0	0.0	0.0	0.0	0.0	0.0	0.0	0.0	0.0	0.0	0.0	0.0	0.0	0.0	0.0	0.0	0.4228638397613464	0.0	0.0	0.0	0.0	0.0	0.0	0.034519497123375216	0.0	0.0	0.0	0.0	0.13807798849350086	0.0	0.0	0.13807798849350086	0.0	0.0	0.034519497123375216	0.0	0.0	0.0	0.0	0.0	0.0	0.0	0.0	0.0	0.0	0.0	0.0	0.034519497123375216	0.0	0.0	0.0	0.0	0.0	0.0	0.0	0.0	0.0	0.0	0.0	0.0	0.0	0.0	0.0	0.0	0.0	0.0	0.0	0.0	0.0	0.13807798849350086	0.034519497123375216	0.0	0.0	0.0	0.0	0.0	0.0	0.0	0.0	0.0	0.0	0.0	0.0	0.0	0.0	0.0	0.0	0.0	0.0	0.0	0.0	0.0	0.0	0.0	0.0	0.13807798849350086	0.0	0.0	0.0	0.0	0.0	0.0	0.0	0.0	0.0	0.0	0.0	0.0	0.0	0.0	0.0	0.0	0.0	0.0	0.0	0.0	0.0	0.0	0.0	0.0	0.0	0.0	0.0	0.0	0.0	0.0	0.0	0.0	0.0	0.0	0.0	0.0	0.0	0.0	0.07766886852759423	0.0	0.0	0.0	0.0	0.0	0.0	0.0	0.034519497123375216	0.0	0.034519497123375216	0.0	0.0	0.0	0.034519497123375216	0.0	0.0	0.0	0.034519497123375216	0.0	0.07766886852759423	0.0
CAROU1501321_acpa-rejette	acpa-rejette	0.0	0.0	0.0	0.0	0.0	0.0	0.0	0.0	0.0	0.0	0.0	0.13292634895628214	0.04785348562426157	0.0	0.0	0.0	0.0	0.0	0.04785348562426157	0.0	0.0	0.0	0.0	0.08507286333202056	0.0	0.0	0.08507286333202056	0.0	0.0	0.02126821583300514	0.0	0.0	0.0	0.0	0.0	0.0	0.0	0.0	0.0	0.0	0.0	0.0	0.0	0.02126821583300514	0.0	0.08507286333202056	0.04785348562426157	0.0	0.0	0.08507286333202056	0.0	0.0	0.0	0.0	0.0	0.0	0.04785348562426157	0.0	0.04785348562426157	0.04785348562426157	0.0	0.02126821583300514	0.0	0.0	0.0	0.0	0.04785348562426157	0.0	0.0	0.02126821583300514	0.0	0.0	0.0	0.02126821583300514	0.0	0.0	0.0	0.0	0.0	0.0	0.0	0.08507286333202056	0.08507286333202056	0.08507286333202056	0.0	0.02126821583300514	0.0	0.04785348562426157	0.0	0.0	0.260535643954313	0.0	0.0	0.0	0.19141394249704627	0.0	0.0	0.0	0.0	0.19141394249704627	0.0	0.0	0.02126821583300514	0.0	0.0	0.0	0.0	0.0	0.02126821583300514	0.19141394249704627	0.0	0.0	0.0	0.0	0.0	0.0	0.0	0.02126821583300514	0.02126821583300514	0.0	0.08507286333202056	0.0	0.0	0.0	0.0	0.0	0.02126821583300514	0.02126821583300514	0.02126821583300514	0.0	0.0	0.0	0.0	0.0	0.0	0.0	0.02126821583300514	0.0	0.0	0.0	0.0	0.0	0.0	0.0	0.0	0.0	0.0	0.0	0.0	0.0	0.0	0.0	0.02126821583300514	0.0	0.04785348562426157	0.0	0.02126821583300514	0.0	0.0	0.0	0.260535643954313	0.0	0.08507286333202056	0.0	0.0	0.0	0.0	0.0	0.0	0.0	0.0	0.0	0.08507286333202056	0.0	0.0	0.0	0.0	0.0	0.0	0.0	0.0	0.0	0.0	0.0	0.02126821583300514	0.0	0.0	0.0	0.0	0.0	0.04785348562426157	0.0	0.0	0.0	0.0	0.0	0.0	0.0	0.0	0.0	0.0	0.0	0.0	0.0	0.02126821583300514	0.02126821583300514	0.0	0.02126821583300514	0.04785348562426157	0.0	0.02126821583300514	0.08507286333202056	0.0	0.08507286333202056	0.0	0.0	0.0	0.0	0.02126821583300514	0.02126821583300514	0.0	0.0	0.02126821583300514	0.0	0.0	0.0	0.0	0.0	0.0	0.0	0.0	0.0	0.0	0.0	0.0	0.0	0.02126821583300514	0.04785348562426157	0.0	0.08507286333202056	0.04785348562426157	0.0	0.0	0.0	0.0	0.0	0.08507286333202056	0.0	0.02126821583300514	0.02126821583300514	0.02126821583300514	0.0	0.0	0.0	0.0	0.0	0.0	0.02126821583300514	0.0	0.0	0.02126821583300514	0.02126821583300514	0.0	0.08507286333202056	0.0	0.0	0.0	0.0	0.0	0.0	0.0	0.0	0.0	0.0	0.0	0.04785348562426157	0.0	0.02126821583300514	0.0	0.0	0.08507286333202056	0.0	0.02126821583300514	0.0	0.0	0.0	0.02126821583300514	0.0	0.02126821583300514	0.0	0.0	0.02126821583300514	0.02126821583300514	0.0	0.0	0.0	0.02126821583300514	0.0	0.0	0.04785348562426157
CAROU1406104_acpa-rejette	acpa-rejette	0.0	0.0	0.0	0.0	0.0	0.0	0.0	0.0	0.0	0.0	0.0	0.17993602274746734	0.0	0.0	0.0	0.0	0.028789763639594776	0.06477696818908825	0.06477696818908825	0.0	0.028789763639594776	0.0	0.0	0.1151590545583791	0.06477696818908825	0.0	0.0	0.0	0.028789763639594776	0.028789763639594776	0.0	0.0	0.0	0.0	0.0	0.0	0.0	0.0	0.0	0.0	0.0	0.0	0.0	0.0	0.0	0.1151590545583791	0.06477696818908825	0.0	0.0	0.0	0.0	0.028789763639594776	0.0	0.0	0.0	0.028789763639594776	0.0	0.0	0.06477696818908825	0.06477696818908825	0.0	0.0	0.0	0.0	0.0	0.0	0.0	0.0	0.0	0.0	0.0	0.0	0.0	0.0	0.0	0.0	0.028789763639594776	0.0	0.0	0.028789763639594776	0.028789763639594776	0.0	0.0	0.0	0.0	0.0	0.06477696818908825	0.06477696818908825	0.0	0.0	0.0	0.0	0.0	0.0	0.0	0.0	0.0	0.0	0.0	0.259107872756353	0.0	0.0	0.028789763639594776	0.0	0.17993602274746734	0.0	0.0	0.0	0.0	0.259107872756353	0.0	0.0	0.06477696818908825	0.0	0.0	0.0	0.0	0.028789763639594776	0.028789763639594776	0.0	0.1151590545583791	0.0	0.17993602274746734	0.0	0.0	0.0	0.0	0.028789763639594776	0.028789763639594776	0.0	0.0	0.0	0.0	0.0	0.0	0.06477696818908825	0.0	0.0	0.0	0.028789763639594776	0.0	0.0	0.0	0.0	0.0	0.0	0.0	0.0	0.0	0.028789763639594776	0.0	0.0	0.028789763639594776	0.0	0.06477696818908825	0.0	0.0	0.0	0.0	0.06477696818908825	0.352674604585036	0.06477696818908825	0.1151590545583791	0.0	0.0	0.0	0.0	0.0	0.0	0.0	0.0	0.028789763639594776	0.0	0.0	0.0	0.0	0.0	0.0	0.0	0.0	0.0	0.0	0.0	0.0	0.0	0.0	0.0	0.0	0.0	0.1151590545583791	0.06477696818908825	0.0	0.0	0.0	0.0	0.028789763639594776	0.028789763639594776	0.028789763639594776	0.0	0.028789763639594776	0.0	0.028789763639594776	0.0	0.0	0.0	0.0	0.0	0.0	0.0	0.028789763639594776	0.028789763639594776	0.0	0.028789763639594776	0.1151590545583791	0.0	0.0	0.0	0.0	0.0	0.028789763639594776	0.0	0.0	0.028789763639594776	0.06477696818908825	0.0	0.0	0.0	0.028789763639594776	0.0	0.0	0.0	0.0	0.028789763639594776	0.0	0.0	0.028789763639594776	0.0	0.06477696818908825	0.0	0.1151590545583791	0.0	0.0	0.0	0.0	0.0	0.028789763639594776	0.0	0.0	0.0	0.0	0.0	0.0	0.0	0.0	0.0	0.0	0.0	0.0	0.0	0.0	0.0	0.0	0.0	0.1151590545583791	0.0	0.028789763639594776	0.0	0.0	0.0	0.0	0.0	0.0	0.0	0.0	0.0	0.0	0.0	0.028789763639594776	0.06477696818908825	0.0	0.1151590545583791	0.028789763639594776	0.0	0.0	0.0	0.0	0.028789763639594776	0.0	0.0	0.0	0.0	0.0	0.0	0.028789763639594776	0.0	0.0	0.028789763639594776	0.028789763639594776	0.0	0.06477696818908825
CAPAR1305998_acpa-rejette	acpa-rejette	0.0	0.0	0.0	0.0	0.0	0.0	0.0	0.0	0.0	0.3006263048016702	0.0	0.0	0.0	0.0	0.0	0.0	0.0	0.0	0.0	0.0	0.07515657620041755	0.0	0.0	0.0	0.0	0.0	0.0	0.0	0.0	0.0	0.0	0.0	0.0	0.0	0.0	0.0	0.0	0.0	0.0	0.0	0.0	0.0	0.0	0.0	0.0	0.0	0.0	0.0	0.0	0.3006263048016702	0.0	0.0	0.0	0.0	0.0	0.0	0.0	0.0	0.0	0.0	0.0	0.0	0.0	0.0	0.0	0.0	0.0	0.07515657620041755	0.0	0.0	0.0	0.0	0.0	0.0	0.0	0.0	0.0	0.0	0.0	0.0	0.0	0.0	0.0	0.0	0.0	0.0	0.0	0.0	0.0	0.0	0.0	0.0	0.0	0.0	0.0	0.0	0.0	0.16910229645093947	0.0	0.6764091858037579	0.0	0.0	0.0	0.0	0.4697286012526096	0.0	0.0	0.0	0.0	0.0	0.0	0.0	0.0	0.0	0.0	0.0	0.0	0.0	0.0	0.0	0.0	0.0	0.4697286012526096	0.0	0.0	0.0	0.0	0.0	0.0	0.0	0.0	0.0	0.0	0.0	0.0	0.0	0.0	0.0	0.0	0.0	0.0	0.0	0.0	0.0	0.0	0.0	0.0	0.0	0.0	0.0	0.0	0.0	0.0	0.0	0.0	0.0	0.0	0.0	0.0	0.0	0.0	0.0	0.0	0.0	0.0	0.0	0.0	0.0	0.0	0.0	0.0	0.0	0.3006263048016702	0.0	0.0	0.0	0.0	0.0	0.0	0.3006263048016702	0.0	0.0	0.0	0.16910229645093947	0.0	0.0	0.0	0.0	0.0	0.0	0.0	0.0	0.0	0.0	0.0	0.0	0.0	0.0	0.0	0.0	0.0	0.0	0.0	0.0	0.0	0.0	0.0	0.0	0.0	0.0	0.0	0.0	0.0	0.3006263048016702	0.0	0.0	0.0	0.0	0.0	0.0	0.0	0.0	0.0	0.0	0.0	0.0	0.0	0.0	0.0	0.0	0.0	0.0	0.0	0.0	0.0	0.0	0.0	0.0	0.0	0.0	0.0	0.0	0.0	0.0	0.0	0.0	0.0	0.0	0.0	0.0	0.0	0.16910229645093947	0.0	0.0	0.0	0.0	0.0	0.0	0.0	0.0	0.0	0.0	0.0	0.0	0.0	0.0	0.0	0.0	0.0	0.0	0.0	0.0	0.0	0.0	0.0	0.0	0.0	0.0	0.16910229645093947	0.0	0.0	0.0	0.0	0.0	0.0	0.0	0.07515657620041755	0.07515657620041755	0.0	0.0	0.0	0.0	0.0	0.0	0.0	0.0	0.07515657620041755	0.0	0.16910229645093947	0.0
CAVER1501683_acpa-rejette	acpa-rejette	0.04769615780950977	0.0	0.0	0.0	0.0	0.0	0.04769615780950977	0.04769615780950977	0.0	0.0	0.0	0.0	0.0	0.0	0.0	0.0	0.0	0.0	0.0	0.0	0.0	0.0	0.0	0.0	0.0	0.0	0.0	0.0	0.0	0.0	0.0	0.0	0.0	0.0	0.0	0.0	0.0	0.0	0.0	0.04769615780950977	0.0	0.0	0.0	0.0	0.0	0.19078463123803907	0.10731635507139699	0.0	0.0	0.0	0.0	0.0	0.0	0.0	0.04769615780950977	0.0	0.0	0.0	0.0	0.0	0.0	0.0	0.0	0.0	0.0	0.0	0.0	0.0	0.0	0.0	0.0	0.0	0.0	0.0	0.0	0.0	0.0	0.0	0.0	0.0	0.0	0.0	0.0	0.0	0.0	0.0	0.0	0.0	0.0	0.0	0.0	0.0	0.0	0.0	0.42926542028558795	0.0	0.0	0.0	0.0	0.42926542028558795	0.04769615780950977	0.0	0.04769615780950977	0.0	0.29810098630943604	0.0	0.0	0.0	0.0	0.0	0.0	0.0	0.0	0.19078463123803907	0.10731635507139699	0.0	0.0	0.0	0.0	0.04769615780950977	0.0	0.04769615780950977	0.29810098630943604	0.0	0.0	0.04769615780950977	0.04769615780950977	0.0	0.0	0.19078463123803907	0.29810098630943604	0.0	0.0	0.0	0.0	0.0	0.0	0.04769615780950977	0.0	0.0	0.0	0.0	0.0	0.0	0.0	0.0	0.0	0.10731635507139699	0.0	0.0	0.0	0.0	0.0	0.0	0.0	0.0	0.0	0.0	0.0	0.0	0.0	0.0	0.0	0.0	0.0	0.0	0.0	0.04769615780950977	0.0	0.0	0.0	0.0	0.0	0.0	0.10731635507139699	0.0	0.0	0.0	0.04769615780950977	0.0	0.0	0.0	0.0	0.0	0.0	0.0	0.0	0.0	0.0	0.0	0.0	0.0	0.0	0.0	0.0	0.0	0.0	0.0	0.0	0.0	0.0	0.0	0.0	0.0	0.04769615780950977	0.04769615780950977	0.0	0.0	0.0	0.0	0.0	0.0	0.0	0.19078463123803907	0.04769615780950977	0.0	0.0	0.0	0.0	0.0	0.0	0.0	0.0	0.0	0.0	0.0	0.0	0.0	0.0	0.0	0.0	0.0	0.0	0.10731635507139699	0.0	0.0	0.0	0.0	0.0	0.19078463123803907	0.0	0.0	0.0	0.0	0.0	0.0	0.0	0.0	0.0	0.0	0.0	0.0	0.0	0.0	0.0	0.0	0.0	0.0	0.0	0.0	0.0	0.0	0.0	0.0	0.0	0.0	0.0	0.0	0.0	0.0	0.0	0.0	0.0	0.0	0.0	0.0	0.0	0.0	0.10731635507139699	0.0	0.19078463123803907	0.0	0.0	0.0	0.0	0.0	0.04769615780950977	0.0	0.0	0.04769615780950977	0.0	0.0	0.0	0.0	0.0	0.0	0.0	0.0	0.0	0.0
CAPAR1411380_acpa-rejette	acpa-rejette	0.07695961995249403	0.0	0.0	0.0	0.0	0.0	0.0	0.0	0.0	0.0	0.0	0.0	0.0	0.0	0.0	0.0	0.0	0.17315914489311157	0.0	0.0	0.0	0.0	0.0	0.0	0.0	0.0	0.0	0.0	0.0	0.0	0.07695961995249403	0.0	0.0	0.0	0.0	0.0	0.0	0.0	0.0	0.0	0.0	0.0	0.0	0.0	0.30783847980997614	0.0	0.0	0.0	0.0	0.0	0.0	0.0	0.0	0.0	0.0	0.0	0.0	0.0	0.0	0.0	0.0	0.0	0.0	0.0	0.0	0.0	0.0	0.0	0.0	0.0	0.0	0.0	0.0	0.0	0.0	0.0	0.0	0.0	0.0	0.0	0.0	0.0	0.0	0.0	0.0	0.0	0.0	0.0	0.0	0.0	0.0	0.0	0.0	0.0	0.0	0.0	0.0	0.0	0.0	0.6926365795724463	0.0	0.0	0.0	0.0	0.4809976247030877	0.0	0.0	0.0	0.0	0.6926365795724463	0.0	0.0	0.0	0.0	0.0	0.0	0.0	0.0	0.0	0.0	0.0	0.0	0.0	0.0	0.0	0.0	0.0	0.0	0.0	0.0	0.0	0.0	0.0	0.0	0.0	0.0	0.0	0.0	0.0	0.0	0.0	0.0	0.0	0.0	0.0	0.0	0.0	0.0	0.0	0.0	0.0	0.0	0.0	0.0	0.0	0.0	0.0	0.0	0.0	0.0	0.0	0.0	0.0	0.0	0.0	0.0	0.0	0.0	0.0	0.0	0.0	0.0	0.30783847980997614	0.07695961995249403	0.0	0.0	0.0	0.0	0.0	0.0	0.0	0.0	0.0	0.0	0.0	0.0	0.0	0.0	0.0	0.0	0.0	0.0	0.0	0.0	0.0	0.0	0.0	0.0	0.0	0.0	0.0	0.0	0.0	0.0	0.07695961995249403	0.07695961995249403	0.07695961995249403	0.0	0.0	0.0	0.0	0.0	0.0	0.0	0.0	0.0	0.0	0.0	0.0	0.0	0.0	0.0	0.0	0.0	0.0	0.0	0.0	0.0	0.0	0.0	0.0	0.0	0.0	0.0	0.0	0.0	0.0	0.0	0.0	0.0	0.0	0.0	0.0	0.0	0.0	0.0	0.0	0.0	0.0	0.0	0.0	0.0	0.0	0.0	0.0	0.0	0.0	0.0	0.0	0.0	0.0	0.0	0.0	0.0	0.0	0.0	0.0	0.0	0.0	0.0	0.07695961995249403	0.07695961995249403	0.07695961995249403	0.0	0.0	0.0	0.0	0.0	0.0	0.0	0.30783847980997614	0.0	0.0	0.0	0.0	0.0	0.0	0.0	0.0	0.0	0.0	0.0	0.0	0.0	0.0	0.0	0.0	0.0	0.0	0.0
CADIJ1500876_acpa-rejette	acpa-rejette	0.026908064114276153	0.060543144257121345	0.0	0.0	0.0	0.0	0.0	0.0	0.026908064114276153	0.10763225645710461	0.10763225645710461	0.0	0.0	0.0	0.026908064114276153	0.026908064114276153	0.0	0.0	0.0	0.0	0.0	0.0	0.0	0.10763225645710461	0.060543144257121345	0.0	0.10763225645710461	0.026908064114276153	0.0	0.0	0.0	0.0	0.026908064114276153	0.026908064114276153	0.0	0.026908064114276153	0.026908064114276153	0.026908064114276153	0.060543144257121345	0.0	0.0	0.0	0.026908064114276153	0.0	0.10763225645710461	0.10763225645710461	0.0	0.0	0.0	0.10763225645710461	0.10763225645710461	0.0	0.0	0.026908064114276153	0.0	0.0	0.0	0.0	0.0	0.060543144257121345	0.026908064114276153	0.0	0.026908064114276153	0.0	0.0	0.026908064114276153	0.0	0.0	0.0	0.0	0.026908064114276153	0.026908064114276153	0.0	0.0	0.0	0.0	0.0	0.0	0.0	0.0	0.0	0.0	0.0	0.0	0.026908064114276153	0.0	0.060543144257121345	0.0	0.026908064114276153	0.026908064114276153	0.0	0.0	0.0	0.10763225645710461	0.24217257702848538	0.026908064114276153	0.026908064114276153	0.060543144257121345	0.026908064114276153	0.24217257702848538	0.0	0.026908064114276153	0.026908064114276153	0.0	0.16817540071422596	0.026908064114276153	0.060543144257121345	0.060543144257121345	0.0	0.0	0.026908064114276153	0.0	0.0	0.10763225645710461	0.060543144257121345	0.026908064114276153	0.10763225645710461	0.0	0.0	0.0	0.0	0.0	0.16817540071422596	0.0	0.060543144257121345	0.0	0.0	0.0	0.0	0.10763225645710461	0.0	0.0	0.026908064114276153	0.0	0.026908064114276153	0.0	0.0	0.026908064114276153	0.10763225645710461	0.026908064114276153	0.026908064114276153	0.060543144257121345	0.060543144257121345	0.0	0.026908064114276153	0.026908064114276153	0.026908064114276153	0.060543144257121345	0.026908064114276153	0.026908064114276153	0.026908064114276153	0.026908064114276153	0.0	0.026908064114276153	0.0	0.026908064114276153	0.0	0.026908064114276153	0.026908064114276153	0.0	0.0	0.0	0.0	0.0	0.026908064114276153	0.026908064114276153	0.0	0.026908064114276153	0.10763225645710461	0.026908064114276153	0.0	0.0	0.10763225645710461	0.0	0.0	0.10763225645710461	0.026908064114276153	0.026908064114276153	0.0	0.10763225645710461	0.026908064114276153	0.026908064114276153	0.0	0.060543144257121345	0.0	0.026908064114276153	0.026908064114276153	0.026908064114276153	0.026908064114276153	0.0	0.0	0.0	0.0	0.026908064114276153	0.0	0.0	0.0	0.0	0.026908064114276153	0.0	0.0	0.026908064114276153	0.10763225645710461	0.026908064114276153	0.026908064114276153	0.026908064114276153	0.0	0.0	0.060543144257121345	0.0	0.0	0.0	0.0	0.10763225645710461	0.0	0.026908064114276153	0.026908064114276153	0.026908064114276153	0.0	0.026908064114276153	0.026908064114276153	0.026908064114276153	0.026908064114276153	0.0	0.026908064114276153	0.026908064114276153	0.0	0.0	0.0	0.0	0.0	0.026908064114276153	0.0	0.060543144257121345	0.0	0.0	0.026908064114276153	0.060543144257121345	0.026908064114276153	0.0	0.060543144257121345	0.0	0.026908064114276153	0.026908064114276153	0.026908064114276153	0.0	0.0	0.0	0.0	0.0	0.0	0.060543144257121345	0.026908064114276153	0.026908064114276153	0.026908064114276153	0.026908064114276153	0.0	0.0	0.0	0.0	0.0	0.0	0.0	0.0	0.026908064114276153	0.0	0.026908064114276153	0.026908064114276153	0.026908064114276153	0.0	0.0	0.0	0.0	0.0	0.026908064114276153	0.060543144257121345	0.026908064114276153	0.0	0.060543144257121345	0.0	0.0	0.0	0.0	0.060543144257121345	0.026908064114276153	0.026908064114276153	0.026908064114276153	0.0	0.026908064114276153	0.0	0.060543144257121345	0.0	0.0	0.0	0.0	0.0	0.026908064114276153	0.0	0.0	0.0
CALYO1406491_acpa-rejette	acpa-rejette	0.04454220511410499	0.10021996150673623	0.04454220511410499	0.0	0.0	0.0	0.0	0.0	0.0	0.0	0.0	0.2783887819631562	0.10021996150673623	0.0	0.0	0.0	0.0	0.0	0.0	0.0	0.0	0.04454220511410499	0.0	0.0	0.0	0.0	0.17816882045641996	0.0	0.0	0.0	0.0	0.0	0.0	0.0	0.0	0.0	0.0	0.0	0.0	0.0	0.0	0.0	0.0	0.04454220511410499	0.0	0.0	0.0	0.0	0.2783887819631562	0.0	0.0	0.0	0.04454220511410499	0.0	0.0	0.0	0.0	0.0	0.0	0.10021996150673623	0.0	0.04454220511410499	0.0	0.0	0.0	0.0	0.0	0.0	0.0	0.0	0.0	0.0	0.04454220511410499	0.0	0.0	0.0	0.0	0.04454220511410499	0.0	0.0	0.0	0.0	0.0	0.0	0.0	0.0	0.0	0.0	0.0	0.0	0.0	0.0	0.0	0.0	0.40087984602694493	0.0	0.0	0.0	0.0	0.0	0.0	0.0	0.0	0.0	0.0	0.0	0.0	0.0	0.0	0.0	0.0	0.0	0.0	0.0	0.0	0.0	0.17816882045641996	0.0	0.0	0.0	0.0	0.0	0.0	0.0	0.0	0.0	0.0	0.04454220511410499	0.0	0.17816882045641996	0.0	0.0	0.0	0.0	0.0	0.0	0.0	0.0	0.17816882045641996	0.04454220511410499	0.0	0.10021996150673623	0.10021996150673623	0.04454220511410499	0.0	0.0	0.0	0.0	0.0	0.0	0.0	0.0	0.0	0.0	0.0	0.0	0.04454220511410499	0.0	0.0	0.0	0.5456420126477862	0.0	0.0	0.04454220511410499	0.0	0.0	0.0	0.0	0.0	0.0	0.0	0.0	0.0	0.0	0.10021996150673623	0.0	0.0	0.0	0.0	0.0	0.0	0.0	0.0	0.0	0.0	0.0	0.0	0.0	0.0	0.0	0.0	0.0	0.0	0.0	0.0	0.0	0.0	0.0	0.0	0.0	0.04454220511410499	0.04454220511410499	0.0	0.0	0.04454220511410499	0.04454220511410499	0.0	0.04454220511410499	0.0	0.0	0.0	0.0	0.0	0.17816882045641996	0.0	0.0	0.0	0.0	0.04454220511410499	0.0	0.0	0.0	0.0	0.0	0.0	0.0	0.04454220511410499	0.0	0.04454220511410499	0.0	0.04454220511410499	0.0	0.0	0.0	0.0	0.0	0.0	0.0	0.0	0.0	0.0	0.0	0.0	0.0	0.0	0.0	0.0	0.0	0.04454220511410499	0.04454220511410499	0.04454220511410499	0.0	0.0	0.0	0.0	0.0	0.04454220511410499	0.04454220511410499	0.0	0.0	0.0	0.0	0.0	0.0	0.0	0.0	0.0	0.0	0.0	0.0	0.0	0.0	0.0	0.0	0.0	0.0	0.0	0.0	0.0	0.10021996150673623	0.0	0.0	0.0	0.0	0.0	0.0	0.04454220511410499	0.0	0.0	0.04454220511410499	0.0	0.0	0.0	0.0	0.04454220511410499	0.0	0.0	0.0	0.0	0.0
CAPAR1305040_acpa-rejette	acpa-rejette	0.0	0.0	0.0	0.0	0.0	0.0	0.0	0.0	0.0	0.0708274128320036	0.0708274128320036	0.11066783255000562	0.03984041971800202	0.0	0.0	0.0	0.0177068532080009	0.0	0.03984041971800202	0.0	0.0	0.0	0.0	0.0	0.0	0.0	0.0708274128320036	0.0	0.0177068532080009	0.0	0.0	0.0177068532080009	0.0	0.0	0.0	0.0	0.0	0.0	0.03984041971800202	0.0	0.0	0.0	0.0	0.0177068532080009	0.0708274128320036	0.0708274128320036	0.03984041971800202	0.11066783255000562	0.0	0.0708274128320036	0.0708274128320036	0.0	0.0	0.0	0.0	0.0	0.0	0.0177068532080009	0.0	0.03984041971800202	0.0	0.0	0.0	0.0	0.0	0.0177068532080009	0.0	0.0	0.0177068532080009	0.0	0.0	0.0	0.0	0.0	0.0	0.0	0.0	0.0177068532080009	0.0	0.0177068532080009	0.0177068532080009	0.0	0.0	0.0	0.0	0.0	0.0	0.03984041971800202	0.0	0.0	0.21690895179801103	0.0	0.0	0.0	0.15936167887200808	0.0	0.0	0.03984041971800202	0.0177068532080009	0.15936167887200808	0.0	0.0	0.0177068532080009	0.0	0.11066783255000562	0.0	0.03984041971800202	0.0	0.0	0.15936167887200808	0.0	0.0	0.0	0.0	0.0	0.0	0.0	0.0	0.0	0.0	0.0708274128320036	0.0	0.11066783255000562	0.0	0.0	0.0	0.0	0.0	0.0	0.0708274128320036	0.0	0.0	0.0	0.0708274128320036	0.0	0.03984041971800202	0.0177068532080009	0.0177068532080009	0.0	0.0	0.0	0.03984041971800202	0.03984041971800202	0.0	0.0	0.0	0.0	0.0	0.0	0.0177068532080009	0.0	0.0	0.0	0.0	0.03984041971800202	0.0	0.0	0.0	0.0	0.03984041971800202	0.21690895179801103	0.0	0.0708274128320036	0.0	0.0	0.0	0.0177068532080009	0.0177068532080009	0.0708274128320036	0.0	0.0	0.0	0.0708274128320036	0.0	0.0	0.0708274128320036	0.0	0.0	0.0	0.0708274128320036	0.0	0.0	0.0	0.03984041971800202	0.0	0.0	0.0	0.0	0.0	0.0708274128320036	0.03984041971800202	0.0	0.0	0.0	0.0177068532080009	0.0	0.0	0.0	0.0	0.0	0.0	0.0177068532080009	0.0	0.0	0.0177068532080009	0.0177068532080009	0.0177068532080009	0.0	0.0	0.0	0.0177068532080009	0.0	0.0	0.0708274128320036	0.0	0.0	0.0	0.0	0.0	0.0177068532080009	0.0	0.0	0.0	0.03984041971800202	0.0177068532080009	0.0177068532080009	0.0	0.0177068532080009	0.0	0.0	0.0	0.0	0.0	0.0	0.0	0.0	0.0	0.03984041971800202	0.0177068532080009	0.0708274128320036	0.0	0.0	0.0	0.0	0.0	0.0	0.0	0.0	0.0177068532080009	0.0	0.0	0.0	0.0	0.0	0.0	0.0	0.0177068532080009	0.0	0.0	0.0	0.0	0.0	0.0	0.0708274128320036	0.0	0.0177068532080009	0.0177068532080009	0.0	0.0	0.0	0.0	0.0	0.0	0.0177068532080009	0.0	0.03984041971800202	0.0	0.0	0.0	0.03984041971800202	0.0	0.0	0.0	0.03984041971800202	0.0	0.0177068532080009	0.0177068532080009	0.0	0.0177068532080009	0.0177068532080009	0.0	0.0	0.0	0.0177068532080009	0.0	0.0	0.0177068532080009	0.0	0.0	0.0
