@id	@sens-resultat	absence	abus	abus de droit	abus de procédure	abusif ainsi	abusif considérant	abusif en application	abusif pouvoir	accord	accorder	action	action en justice	affaire	agir en justice	allocation	allouer	alléguer	alors	août	appelant	appeler	appréciation	argument	arrêt	assignation	assurance	attendre	attendu	aucun	autre	autre demande	autre part	avant	avril	bien	blâmable	cadre	caractère abusif	caractériser	cas	cause de appel	causer	cesser	chacun	charge de monsieur	chef	circonstance	civil ainsi	civil attendu	civil condamner	civil devoir	civil disposer	civil dit	civil outre	code civil	comme	commerce	complémentaire	compte	compter	conclusion	condamnation de monsieur	condamne	condamner à verser	confirmation	confirme	confirmer	confirmer le décision	confirmer le jugement	considérant	considérer	constituer	conséquence	contraindre	contraindre de exposer	convenir	convenir convier	convier	cour de appel	demande de condamnation	demande de dommage	demande de dommages	demande en dommages	demande reconventionnel	depuis	dernier	dette	deux an	devant	devant le cour	devoir	disposer que celui	dispositif	dol	dommage	dommage et intérêt	donc	donner au litige	dont	dès lors	débat	déboute	déboute madame	débouter	déclarer	défendre	défense	déférer	dégénérer	dégénérer en abus	démontrer	dépens de appel	dépourvue	encontre	engager	ensemble	entier	entier dépens	entre	entreprendre	entreprendre en tout	erreur	euro au titre	euro en application	euro par application	euro sans préjudice	exercice	exigence	exposer	faire application	faire droit	faire valoir	fait	faute	financier	fixer	foi fois	fois	fond	fonder	frai	frai frais	frai frais irrépétibles	frais	frais irrépétibles	français	grossier	hauteur	ii	infirmer	intention	interjeter	interjeter appel	intervenir	intérêt	invoquer	irrecevable	irrépétibles	janvier	jour	juge	jugement du tribunal	jugement déférer	jugement entreprendre	juridiction	justement	justice	justice de manière	justifier	laisser	lieu	lieu à application	légal	légal à compter	légèreté blâmable	mai	manifestement	manière	mars	mauvais	maximum	mensuel	mille	mille euro	mois	moyen	méprendre	nature	ni	nouveau	obligation	observer	obtenir	organisme	outre	part	particulier	payer	payer payer	payer un amende	payer à monsieur	penser	percevoir	pierre	pièce	plus	porter	pouvoir	pouvoir donner	pouvoir être reprocher	premier instance	premier juge	prendre	prendre en charge	preuve	priver	procédure abusif ainsi	procédure abusif considérant	procédure civil ainsi	procédure civil condamner	procédure civil disposer	procédure civil dit	procédure civil outre	procédure de appel	produire	prononcer	prononcer un amende	préjudice	préjudice du dommages	préjudice subir	présent	présenter	prétention	public	période	qualité pour solliciter	raison	reconventionnel	recours	recouvrement	rejet	rejeter	rejette	rejette le demande	rejeté le demande	relation	relation contractuel	reprise	reprocher	reprocher à monsieur	revêtir	rupture	réclame	référer	régler un amende	régulier	réparation	réparation du préjudice	sarl	savoir	selon	sen	sen sens	sens	seulement	si	solliciter	solution	somme suivant	sommer	sorte	soustraire	statuer	subir	suivant	suivant du code	suivre	supporter	supporter le dépens	tant	tau	tau taux	tau taux légal	taux	taux légal	tel	terme	texte	titre de dommages	tort	tout son disposition	toutefois	trésor	trésor public	valoir	verser le somme	verser à madame	viser	vocation	voir
CAPAR1415151_acpa-accepte	acpa-accepte	0.0	0.0	0.0	0.0	0.0	0.09444573277842994	0.0	0.0	0.0	0.0	0.0	0.0	0.0	0.09844515109331843	0.0	0.0	0.0	0.0	0.0	0.0	0.0	0.0	0.0	0.288747628377573	0.0	0.0	0.0	0.0	0.0	0.0	0.0	0.0	0.0	0.09444573277842994	0.0	0.0	0.0	0.0	0.0	0.0	0.0	0.0	0.0	0.0	0.0	0.0	0.0	0.0	0.0	0.0	0.0	0.0	0.0	0.0	0.0	0.04851706968296183	0.0	0.0	0.0	0.0	0.0	0.0	0.1739502330143175	0.0	0.0	0.0	0.0	0.0	0.0	0.04851706968296183	0.0	0.0	0.0	0.0	0.0	0.0	0.0	0.0	0.0	0.0	0.0	0.0	0.0	0.0	0.0	0.0	0.0	0.0	0.0	0.0	0.058498382618680976	0.0	0.09444573277842994	0.0	0.0	0.0	0.0	0.09444573277842994	0.0	0.0	0.0	0.0	0.0	0.0	0.0	0.0	0.0	0.0	0.0	0.0	0.0	0.0	0.0	0.0	0.0	0.0	0.0	0.0	0.0	0.0	0.0	0.0	0.0	0.0	0.0	0.0	0.0	0.0	0.0	0.0	0.09444573277842994	0.0	0.0	0.0	0.0	0.0	0.0	0.0	0.0	0.0	0.0	0.0	0.0	0.0	0.0	0.0	0.0	0.0	0.0	0.0	0.0	0.0	0.0	0.0	0.0	0.0	0.0	0.0	0.0	0.0	0.0	0.0	0.0	0.0	0.0	0.0	0.04992808141035659	0.09844515109331843	0.0	0.0	0.0	0.0	0.0	0.0	0.0	0.04851706968296183	0.0	0.09844515109331843	0.0	0.0	0.0	0.0	0.0	0.0	0.0	0.0	0.09444573277842994	0.0	0.0	0.0	0.0	0.0	0.0	0.0	0.0	0.0	0.0	0.058498382618680976	0.058498382618680976	0.0	0.0	0.0	0.0	0.0	0.0	0.0	0.0	0.0504175397910604	0.0	0.0	0.0	0.0	0.0	0.0	0.0	0.0	0.0	0.09444573277842994	0.0	0.0	0.0	0.0	0.0	0.0	0.0	0.0	0.0	0.0	0.0	0.0	0.09844515109331843	0.0	0.0	0.0	0.0	0.0	0.0	0.0	0.0	0.0	0.04851706968296183	0.0	0.0	0.0	0.1443738141887865	0.0	0.0	0.0	0.0	0.0	0.0	0.0	0.0	0.0	0.09444573277842994	0.0	0.0	0.0	0.0	0.0	0.0	0.09444573277842994	0.09444573277842994	0.09444573277842994	0.0	0.0	0.0	0.09444573277842994	0.0	0.0	0.0	0.0	0.0	0.0	0.0	0.0	0.0	0.0	0.0	0.0	0.0	0.0	0.0	0.0	0.0	0.0	0.0	0.0	0.0	0.0	0.0	0.0	0.0	0.0	0.0	0.0	0.0	0.0	0.0	0.0
CABAS1400506_acpa-accepte	acpa-accepte	0.0	0.0	0.0	0.0	0.0	0.0	0.0	0.0	0.0	0.0	0.0	0.0	0.0	0.0	0.0	0.0	0.0	0.0	0.0	0.0	0.0	0.0	0.05087252774138496	0.0	0.0	0.05087252774138496	0.0	0.0	0.0	0.0	0.0	0.0	0.0	0.0	0.0	0.0	0.0	0.0	0.0	0.0	0.0	0.0	0.0	0.05087252774138496	0.05087252774138496	0.0	0.0	0.0	0.0	0.0	0.0	0.0	0.0	0.15553187320128486	0.0	0.0	0.0	0.0	0.0	0.0	0.0	0.0	0.09369706596910747	0.0	0.0	0.0	0.0	0.0	0.0	0.0	0.0	0.0	0.0	0.0	0.0	0.0	0.0	0.0	0.15553187320128486	0.05087252774138496	0.026133377345565808	0.0	0.0	0.0	0.0	0.0	0.0	0.0	0.026133377345565808	0.026133377345565808	0.0	0.0	0.0	0.0	0.03150974115026049	0.026893408859257478	0.0	0.0	0.0	0.0	0.0	0.0	0.0	0.0	0.0	0.0	0.05087252774138496	0.0	0.0	0.0	0.0	0.0	0.0	0.0	0.0	0.0	0.0	0.0	0.0	0.0	0.0	0.0	0.07776593660064243	0.07776593660064243	0.0	0.0	0.0	0.0	0.0	0.05087252774138496	0.0	0.0	0.0	0.0	0.0	0.0	0.0	0.0	0.0	0.0	0.0	0.0	0.0	0.0	0.0	0.0	0.0	0.03786094420722012	0.0	0.0	0.0	0.0	0.0	0.0	0.03564761867662514	0.0	0.0	0.0	0.0	0.0	0.0	0.0	0.0	0.0	0.0	0.0	0.0	0.0	0.0	0.05087252774138496	0.0	0.0	0.0	0.0	0.0	0.0	0.15553187320128486	0.0	0.0	0.026133377345565808	0.0	0.0	0.05087252774138496	0.05087252774138496	0.0	0.0	0.0	0.0	0.0	0.0	0.0	0.0	0.03786094420722012	0.0	0.026893408859257478	0.0	0.05087252774138496	0.0	0.0	0.0	0.0	0.0	0.0	0.0	0.0	0.0	0.0	0.027157052163386673	0.0	0.0	0.026133377345565808	0.0	0.0	0.0	0.0	0.0	0.0	0.0	0.0	0.0	0.0	0.0	0.15553187320128486	0.0	0.0	0.0	0.0	0.026893408859257478	0.0	0.0	0.0	0.026133377345565808	0.0	0.0	0.0	0.0	0.0	0.0	0.0	0.0	0.0	0.0	0.0	0.0	0.07776593660064243	0.0	0.0	0.0	0.0	0.0	0.0	0.0	0.0	0.0	0.0	0.0	0.0	0.0	0.0	0.0	0.0	0.0	0.0	0.0	0.0	0.0	0.0	0.0	0.0	0.0	0.0	0.0	0.0	0.0	0.0	0.0	0.0	0.0	0.0	0.0	0.0	0.0	0.0	0.0	0.0	0.0	0.0	0.0	0.0	0.0	0.0	0.0	0.0	0.0	0.0	0.0	0.0	0.0	0.0	0.0
CAMET1502360_acpa-accepte	acpa-accepte	0.0	0.0	0.0	0.0	0.019919842827047906	0.0	0.0	0.019919842827047906	0.0	0.0	0.019919842827047906	0.0	0.0	0.04041901025099528	0.0	0.0	0.0	0.0	0.0	0.0	0.0	0.0	0.0	0.11855224174810387	0.0	0.0	0.019919842827047906	0.019919842827047906	0.0	0.0	0.0	0.0	0.0	0.0	0.0	0.0	0.0	0.0	0.0	0.0	0.0	0.0	0.0	0.0	0.0	0.0	0.0	0.0	0.038776953450104575	0.038776953450104575	0.0	0.038776953450104575	0.0	0.11855224174810387	0.0	0.0	0.0	0.0	0.0	0.0	0.0	0.0	0.07141942668871488	0.038776953450104575	0.0	0.0	0.0	0.0	0.0	0.0	0.0	0.0	0.0	0.0	0.0	0.0	0.0	0.0	0.11855224174810387	0.0	0.0	0.0	0.0	0.0	0.0	0.0	0.0	0.0	0.0	0.0	0.0	0.038776953450104575	0.0	0.0	0.0	0.0	0.0	0.0	0.0	0.019919842827047906	0.0	0.0	0.0	0.0	0.0	0.0	0.0	0.0	0.0	0.0	0.0	0.0	0.038776953450104575	0.0	0.0	0.0	0.0	0.0	0.0	0.0	0.0	0.0	0.05927612087405194	0.05927612087405194	0.0	0.038776953450104575	0.0	0.0	0.0	0.0	0.0	0.0	0.0	0.0	0.0	0.0	0.0	0.0	0.0	0.0	0.0	0.0	0.0	0.0	0.0	0.038776953450104575	0.0	0.02885903524518698	0.0	0.0	0.0	0.0	0.0	0.0	0.0	0.0	0.0	0.0	0.0	0.0	0.0	0.038776953450104575	0.0	0.0	0.038776953450104575	0.0	0.020499167423947365	0.04041901025099528	0.0	0.0	0.0	0.0	0.019919842827047906	0.0	0.0	0.0	0.11855224174810387	0.04041901025099528	0.038776953450104575	0.0	0.019919842827047906	0.0	0.0	0.0	0.0	0.0	0.0	0.0	0.0	0.0	0.0	0.038776953450104575	0.02885903524518698	0.0	0.020499167423947365	0.0	0.0	0.0	0.0	0.0	0.0	0.0	0.0	0.0	0.0	0.0	0.0	0.020700126263335502	0.0	0.0	0.0	0.0	0.0	0.0	0.0	0.0	0.019919842827047906	0.0	0.0	0.038776953450104575	0.038776953450104575	0.0	0.11855224174810387	0.0	0.0	0.0	0.0	0.020499167423947365	0.019919842827047906	0.0	0.04041901025099528	0.0	0.0	0.038776953450104575	0.0	0.0	0.0	0.0	0.0	0.0	0.0	0.0	0.0	0.0	0.0	0.0	0.0	0.0	0.0	0.0	0.038776953450104575	0.0	0.0	0.0	0.0	0.0	0.0	0.0	0.0	0.0	0.0	0.0	0.0	0.0	0.0	0.0	0.0	0.0	0.0	0.0	0.0	0.038776953450104575	0.0	0.0	0.0	0.0	0.0	0.0	0.0	0.0	0.0	0.0	0.0	0.0	0.0	0.0	0.0	0.0	0.0	0.0	0.0	0.0	0.038776953450104575	0.038776953450104575	0.0	0.0	0.019919842827047906	0.0	0.0	0.0
CANAN1101988_acpa-accepte	acpa-accepte	0.0	0.0	0.0	0.0	0.0	0.0	0.0	0.0	0.022288018702228272	0.0	0.0	0.0	0.0	0.0	0.0	0.0	0.0	0.02558557768180639	0.0	0.0	0.0	0.0	0.0	0.033817807489129735	0.0	0.0	0.0	0.0	0.027970285017952345	0.027970285017952345	0.0	0.0	0.0	0.0	0.0	0.0	0.02558557768180639	0.0	0.0	0.022288018702228272	0.0	0.022288018702228272	0.0	0.0	0.0	0.02558557768180639	0.0	0.0	0.0	0.0	0.0	0.0	0.0	0.0	0.022288018702228272	0.005682266315724073	0.0	0.022288018702228272	0.0	0.0	0.022288018702228272	0.0	0.02037286167793283	0.0	0.022288018702228272	0.0	0.029839486231620558	0.0	0.0	0.0	0.0	0.0	0.02558557768180639	0.0	0.0	0.0	0.0	0.0	0.0	0.0	0.0	0.0	0.0	0.0	0.022288018702228272	0.0	0.0	0.0	0.0	0.0	0.006851266806725604	0.0	0.0	0.0	0.006851266806725604	0.005847522471177388	0.0	0.0	0.029839486231620558	0.005682266315724073	0.0	0.0	0.0	0.0326827889515781	0.0	0.0	0.0	0.0	0.0	0.0	0.0	0.0	0.0	0.0	0.0	0.0	0.027970285017952345	0.027970285017952345	0.0	0.0	0.0	0.0	0.0	0.0	0.0	0.0	0.0	0.0	0.0	0.01106138127338748	0.0	0.0	0.0	0.0	0.02558557768180639	0.02558557768180639	0.0	0.0	0.0	0.027970285017952345	0.027970285017952345	0.027970285017952345	0.0	0.033817807489129735	0.0	0.0	0.0	0.008232229807323339	0.0	0.0	0.0	0.0	0.0	0.0	0.007750979146839307	0.0	0.0	0.0	0.0	0.022288018702228272	0.029839486231620558	0.0	0.0	0.0	0.01106138127338748	0.022288018702228272	0.0	0.0	0.027970285017952345	0.0	0.03137691811930147	0.0	0.005682266315724073	0.0	0.0	0.0	0.0	0.0	0.0	0.0	0.0	0.0	0.01106138127338748	0.01106138127338748	0.0	0.0	0.0	0.0	0.0	0.02558557768180639	0.0	0.0	0.0	0.0	0.0	0.022288018702228272	0.0	0.006851266806725604	0.006851266806725604	0.0	0.0	0.0	0.0	0.0	0.027970285017952345	0.022288018702228272	0.022288018702228272	0.005904847303196228	0.0	0.0	0.0	0.02558557768180639	0.0	0.0	0.0	0.0	0.0	0.0	0.0	0.0	0.0	0.0	0.0	0.0	0.022288018702228272	0.0	0.0	0.005847522471177388	0.0	0.022288018702228272	0.011529788786901463	0.0	0.027970285017952345	0.0	0.0	0.0	0.0	0.0	0.0	0.0	0.0	0.029839486231620558	0.0	0.0	0.0	0.0	0.0	0.0	0.0	0.0	0.0	0.0	0.0	0.0	0.0	0.022288018702228272	0.022288018702228272	0.022288018702228272	0.0	0.0	0.0	0.01106138127338748	0.01106138127338748	0.01106138127338748	0.0	0.0	0.027970285017952345	0.0	0.0	0.0	0.0	0.0	0.02558557768180639	0.022288018702228272	0.02558557768180639	0.0	0.0	0.0	0.0	0.0	0.0	0.0	0.0	0.0	0.0	0.02558557768180639	0.0	0.0	0.0	0.0	0.0	0.0	0.0	0.0	0.0	0.0	0.0	0.0	0.0	0.02558557768180639
CADIJ1501045_acpa-rejette	acpa-rejette	0.01501347455800414	0.020100232925484816	0.0	0.017234749517651613	0.0	0.0	0.0	0.0038276421920984058	0.0	0.01501347455800414	0.0	0.0	0.01501347455800414	0.007766602896559865	0.0	0.0	0.017234749517651613	0.0	0.0	0.01501347455800414	0.0	0.017234749517651613	0.0	0.0	0.01501347455800414	0.0	0.0038276421920984058	0.0038276421920984058	0.018841116750102548	0.018841116750102548	0.01501347455800414	0.0	0.01501347455800414	0.0	0.0	0.0	0.0	0.0	0.020100232925484816	0.0	0.0	0.0	0.0	0.0	0.0	0.017234749517651613	0.01501347455800414	0.0	0.0	0.0	0.0	0.0	0.01501347455800414	0.0	0.0	0.0	0.0	0.0	0.0	0.0	0.0	0.0	0.0	0.007451078022820545	0.01501347455800414	0.01501347455800414	0.020100232925484816	0.0	0.01501347455800414	0.0	0.0	0.017234749517651613	0.0	0.0	0.0	0.0	0.0	0.0	0.0	0.0	0.0038276421920984058	0.01501347455800414	0.0	0.01501347455800414	0.0	0.0	0.01501347455800414	0.0	0.0038276421920984058	0.0038276421920984058	0.004615094830416193	0.0	0.0	0.0	0.004615094830416193	0.003938960704461458	0.020100232925484816	0.0	0.020100232925484816	0.0038276421920984058	0.0	0.018841116750102548	0.0	0.022015515464372797	0.0	0.0	0.0	0.01501347455800414	0.017234749517651613	0.01501347455800414	0.0	0.018841116750102548	0.007451078022820545	0.017234749517651613	0.017234749517651613	0.0	0.018841116750102548	0.018841116750102548	0.0	0.018841116750102548	0.01501347455800414	0.0	0.0	0.011390038727282002	0.01501347455800414	0.007451078022820545	0.0	0.0	0.021135865335827956	0.0	0.007451078022820545	0.0	0.0	0.018841116750102548	0.017234749517651613	0.0	0.0	0.0	0.0	0.018841116750102548	0.0	0.0	0.0	0.022780077454564004	0.0	0.0	0.01501347455800414	0.0055453279369123915	0.01501347455800414	0.0	0.0	0.0	0.0	0.0	0.005221151766579343	0.0	0.017234749517651613	0.0	0.0	0.0	0.020100232925484816	0.0	0.01501347455800414	0.017234749517651613	0.007451078022820545	0.0	0.003938960704461458	0.007766602896559865	0.0	0.0	0.021135865335827956	0.01501347455800414	0.0	0.0	0.0	0.0	0.0	0.007766602896559865	0.0	0.0	0.0038276421920984058	0.0	0.0	0.0	0.0	0.017234749517651613	0.0	0.0	0.01501347455800414	0.017234749517651613	0.0	0.007451078022820545	0.0055453279369123915	0.0	0.0	0.0	0.007451078022820545	0.004615094830416193	0.004615094830416193	0.0	0.0	0.01501347455800414	0.0	0.0	0.0	0.01501347455800414	0.0	0.003977575393301909	0.0	0.0	0.0038276421920984058	0.017234749517651613	0.01501347455800414	0.01501347455800414	0.01501347455800414	0.0	0.0	0.0	0.0	0.0	0.0	0.01501347455800414	0.0	0.0	0.0	0.0	0.0	0.003938960704461458	0.0038276421920984058	0.0	0.007766602896559865	0.0	0.0	0.0	0.0	0.01501347455800414	0.018841116750102548	0.01501347455800414	0.0	0.0	0.0	0.0	0.0	0.0	0.0	0.0	0.0	0.0	0.0	0.0	0.0	0.0	0.0	0.0	0.0	0.01501347455800414	0.0	0.0	0.01501347455800414	0.017234749517651613	0.01501347455800414	0.0	0.0	0.0	0.01501347455800414	0.0	0.018841116750102548	0.0	0.0	0.0	0.01501347455800414	0.0	0.017234749517651613	0.0	0.0	0.0	0.0	0.0	0.0	0.01501347455800414	0.0	0.0	0.0	0.0	0.0	0.017234749517651613	0.0	0.017234749517651613	0.022015515464372797	0.0	0.0	0.0	0.0	0.0	0.0	0.0	0.0	0.0	0.0	0.017234749517651613
CAPAR1507861_acpa-rejette	acpa-rejette	0.0	0.0	0.0	0.0	0.009042300022912734	0.017602189440684955	0.0	0.0	0.0	0.0	0.0	0.0	0.0	0.0	0.0	0.0	0.0	0.0	0.0	0.0	0.0	0.0	0.0	0.0	0.0	0.017602189440684955	0.0	0.0	0.0	0.0	0.0	0.0	0.0	0.0	0.0407148234179434	0.0	0.0	0.03546735419002571	0.0	0.0	0.0	0.0	0.0	0.0	0.0	0.0	0.0	0.0	0.0	0.0	0.0	0.0	0.0	0.0	0.0	0.0	0.0	0.0	0.0	0.0	0.0	0.0	0.03241972786586926	0.0	0.0	0.0	0.0	0.0	0.0	0.009042300022912734	0.03546735419002571	0.0	0.0	0.03546735419002571	0.03546735419002571	0.04450965421293844	0.04450965421293844	0.04450965421293844	0.0	0.0	0.0	0.0	0.0	0.0	0.0	0.0407148234179434	0.0	0.0	0.0	0.0	0.010902553059155929	0.0	0.0	0.0	0.010902553059155929	0.0	0.04748415016896384	0.017602189440684955	0.0	0.0	0.0	0.0	0.0	0.0	0.0	0.03546735419002571	0.017602189440684955	0.0	0.0	0.0	0.0	0.0	0.0	0.0	0.0407148234179434	0.0	0.0	0.0	0.0	0.0	0.0	0.0	0.026907464772253486	0.0	0.0	0.0	0.0	0.0	0.04993069519532668	0.0	0.0	0.03546735419002571	0.0	0.0	0.0	0.0	0.03546735419002571	0.03546735419002571	0.0	0.0	0.04450965421293844	0.04450965421293844	0.0407148234179434	0.05381492954450697	0.04993069519532668	0.0	0.0	0.013100106126563569	0.0	0.0	0.0	0.0	0.0	0.0	0.012334282665195756	0.0	0.0	0.04993069519532668	0.0	0.0	0.0	0.0	0.0	0.0	0.0	0.0	0.0	0.0	0.0	0.0	0.0	0.0	0.0	0.0	0.0	0.0	0.0	0.0	0.0	0.0	0.0	0.0	0.0	0.0	0.0	0.0	0.0	0.0	0.0	0.0407148234179434	0.0	0.0	0.0	0.03546735419002571	0.0	0.0	0.0	0.010902553059155929	0.010902553059155929	0.0	0.0	0.0	0.0	0.0	0.0	0.0	0.0	0.0	0.0	0.0	0.0	0.0	0.0	0.0	0.0	0.0	0.009042300022912734	0.017602189440684955	0.0	0.0	0.0	0.0	0.0	0.0	0.0	0.0	0.0	0.0	0.0	0.0	0.0	0.009042300022912734	0.0	0.0	0.0	0.0	0.0	0.0	0.0	0.0	0.009042300022912734	0.04748415016896384	0.0	0.0	0.0	0.0	0.0	0.0	0.0	0.0	0.0	0.0	0.0	0.0	0.0	0.0	0.0	0.0	0.0	0.0	0.0	0.0	0.0	0.0	0.0	0.0	0.0	0.017602189440684955	0.0	0.04450965421293844	0.0	0.0	0.0407148234179434	0.0	0.0	0.0	0.0	0.0	0.0	0.0	0.0	0.0	0.0	0.0	0.0	0.0	0.0	0.0	0.05200875264644272	0.0	0.0	0.0	0.0	0.0	0.03546735419002571	0.0	0.0	0.0	0.0	0.0
CAROU1501728_acpa-rejette	acpa-rejette	0.0	0.0	0.0	0.0	0.0	0.0	0.040394837388930314	0.0	0.0	0.035188609082614404	0.0	0.0	0.0	0.0	0.0	0.0	0.0	0.0	0.0	0.0	0.0	0.0	0.0	0.0	0.0	0.0	0.0	0.008971234758849679	0.0	0.0	0.0	0.0	0.0	0.0	0.0	0.0	0.0	0.0	0.0	0.0	0.0	0.0	0.0	0.0	0.017463850275038998	0.0	0.0	0.0	0.017463850275038998	0.0	0.0	0.0	0.0	0.0	0.0	0.0	0.0	0.0	0.0	0.0	0.0	0.0	0.0	0.0	0.0	0.035188609082614404	0.0	0.0	0.0	0.0	0.0	0.0	0.0	0.035188609082614404	0.035188609082614404	0.0	0.0	0.0	0.0	0.017463850275038998	0.0	0.0	0.0	0.0	0.0	0.0	0.0	0.0	0.008971234758849679	0.008971234758849679	0.0	0.0	0.017463850275038998	0.0	0.010816867690372866	0.00923214329138609	0.04711096263238394	0.0	0.0	0.0	0.0	0.04415984384146408	0.0	0.0516000053442028	0.0	0.0	0.0	0.0	0.0	0.0	0.0	0.04415984384146408	0.0	0.0	0.0	0.0	0.0	0.0	0.0	0.0	0.0	0.0	0.0	0.0	0.0	0.0	0.0	0.0	0.04953827976673922	0.0	0.0	0.0	0.0	0.04415984384146408	0.0	0.0	0.0	0.0	0.0	0.04415984384146408	0.04415984384146408	0.04415984384146408	0.040394837388930314	0.05339198713285017	0.04953827976673922	0.0	0.0	0.0	0.0	0.0	0.0	0.0	0.0	0.0	0.01223734504397003	0.0	0.040394837388930314	0.04953827976673922	0.0	0.0	0.0	0.0	0.0	0.0	0.0	0.0	0.0	0.0	0.0	0.017463850275038998	0.0	0.0	0.0	0.0	0.0	0.0	0.0	0.0	0.0	0.0	0.0	0.0	0.0	0.0	0.0	0.0	0.0	0.0	0.0	0.0	0.0	0.0	0.0	0.0	0.0	0.0	0.0	0.010816867690372866	0.010816867690372866	0.040394837388930314	0.0	0.0	0.040394837388930314	0.0	0.0	0.0	0.0	0.0	0.0	0.0	0.0	0.0	0.0	0.0	0.0	0.0	0.0	0.0	0.0	0.0	0.0	0.0	0.0	0.0	0.0	0.04415984384146408	0.035188609082614404	0.0	0.0	0.0	0.0	0.0	0.0	0.017463850275038998	0.0	0.0	0.0	0.0	0.0	0.0	0.0	0.0	0.0	0.0	0.026695993566425085	0.0	0.0	0.0	0.0	0.0	0.0	0.0	0.0	0.0	0.0	0.0	0.0	0.0	0.0	0.0	0.0	0.0	0.0	0.0	0.0	0.0	0.04415984384146408	0.0	0.0	0.0	0.0	0.0	0.0	0.0	0.0	0.0	0.0	0.0	0.0	0.0	0.0	0.0	0.0	0.0	0.0	0.0	0.040394837388930314	0.040394837388930314	0.0	0.0	0.0	0.035188609082614404	0.017463850275038998	0.017463850275038998	0.0	0.0	0.0	0.0	0.035188609082614404	0.040394837388930314
CALYO1504370_acpa-rejette	acpa-rejette	0.0	0.0	0.0	0.0	0.0	0.0	0.0	0.0	0.0	0.0	0.0	0.0	0.0	0.0	0.0	0.0	0.0	0.03913328978073233	0.0	0.0	0.0	0.0	0.016918446952028203	0.0	0.0	0.0	0.0	0.0	0.0	0.0	0.0	0.0	0.0	0.0	0.03913328978073233	0.0	0.0	0.0	0.0	0.0	0.0	0.0340896541543752	0.0	0.0	0.0	0.0	0.0	0.0	0.0	0.0	0.0	0.0	0.0	0.0	0.0	0.0	0.0	0.0340896541543752	0.0340896541543752	0.0	0.0	0.0	0.0	0.0	0.0	0.0	0.0	0.0	0.0	0.0	0.0	0.0	0.0	0.0	0.0	0.0	0.0	0.0	0.0	0.0	0.008691059358126047	0.0	0.0	0.0	0.0	0.0	0.0	0.0	0.0	0.0	0.010479052403939171	0.0	0.0	0.0	0.010479052403939171	0.008943819608444842	0.045639667633556306	0.0	0.0	0.0	0.0340896541543752	0.0	0.0	0.04998851567045501	0.0	0.0	0.0	0.0340896541543752	0.0	0.0	0.0	0.0	0.0	0.0	0.03913328978073233	0.0	0.0	0.0	0.03913328978073233	0.0	0.0	0.0	0.0	0.0	0.0340896541543752	0.0	0.0	0.0	0.0	0.0	0.0	0.0	0.03913328978073233	0.0	0.03913328978073233	0.03913328978073233	0.0	0.0	0.0	0.04278071351250125	0.0	0.0	0.0	0.0	0.0	0.0	0.0	0.0	0.0	0.0	0.0	0.0	0.0	0.0	0.011855167657729468	0.0	0.0	0.0	0.0340896541543752	0.0	0.045639667633556306	0.0	0.0340896541543752	0.0	0.0	0.0340896541543752	0.0	0.0	0.0	0.0	0.04799117864210148	0.0	0.0	0.0	0.0	0.0	0.0	0.0	0.0	0.0	0.0	0.0340896541543752	0.0	0.0	0.0	0.0	0.0	0.03913328978073233	0.0340896541543752	0.0	0.0340896541543752	0.0	0.0	0.0	0.0	0.0	0.0	0.0	0.0	0.0	0.0	0.0	0.0	0.0	0.0	0.0	0.0	0.0	0.0	0.0	0.0	0.03913328978073233	0.0	0.0	0.0	0.0	0.0	0.0	0.0	0.0	0.0	0.0	0.0	0.0340896541543752	0.0340896541543752	0.0	0.0	0.008943819608444842	0.0	0.0	0.0	0.0	0.0	0.0	0.0340896541543752	0.0	0.0	0.0	0.0	0.0	0.0	0.0	0.0	0.0	0.0	0.0	0.0	0.0	0.0	0.0	0.0	0.0	0.0	0.0	0.0	0.0340896541543752	0.0	0.0	0.0	0.03913328978073233	0.0	0.0	0.0	0.0	0.0	0.0	0.0	0.0	0.0	0.0	0.0	0.0	0.0	0.0	0.03913328978073233	0.0340896541543752	0.0	0.0	0.0	0.0	0.0	0.0	0.0	0.0	0.0	0.03913328978073233	0.0	0.0	0.04998851567045501	0.0	0.0	0.0	0.0	0.0	0.0	0.0340896541543752	0.0	0.0340896541543752	0.0	0.0
CAAIX1416771_acpa-rejette	acpa-rejette	0.0	0.0	0.0	0.0	0.0	0.0	0.0	0.0	0.0	0.0	0.008808166389551482	0.034548992657984195	0.0	0.0	0.034548992657984195	0.043357159047535676	0.0	0.0	0.0	0.0	0.03966058837659889	0.0	0.0	0.0	0.0	0.0	0.0	0.0	0.0	0.0	0.0	0.0	0.0	0.0	0.0	0.034548992657984195	0.0	0.0	0.04625463593276737	0.0	0.0	0.0	0.0	0.0	0.0	0.0	0.0	0.0	0.0	0.0	0.0	0.0	0.0	0.0	0.034548992657984195	0.0	0.0	0.0	0.0	0.0	0.0	0.0	0.0	0.0	0.0	0.0	0.04625463593276737	0.0	0.0	0.0	0.0	0.0	0.0	0.0	0.0	0.0	0.0	0.0	0.0	0.0	0.0	0.0	0.0	0.0	0.0	0.0	0.0	0.0	0.0	0.0	0.01062025161437023	0.0	0.0	0.034548992657984195	0.01062025161437023	0.009064332439020583	0.0	0.0	0.0	0.008808166389551482	0.0	0.0	0.0	0.0	0.0	0.0	0.0	0.0	0.03966058837659889	0.0	0.0	0.043357159047535676	0.0	0.0	0.0	0.0	0.043357159047535676	0.043357159047535676	0.0	0.0	0.0	0.034548992657984195	0.0	0.0	0.0	0.0	0.03966058837659889	0.0	0.0	0.0	0.0	0.0	0.03966058837659889	0.043357159047535676	0.0	0.0	0.0	0.0	0.0	0.0	0.0	0.0	0.0	0.05242149148655626	0.04863783220109822	0.0	0.0	0.0	0.0	0.034548992657984195	0.034548992657984195	0.0	0.0	0.0	0.012014909230561949	0.0	0.0	0.04863783220109822	0.0	0.0	0.0	0.0	0.0	0.0	0.0	0.0	0.009064332439020583	0.0	0.0	0.0	0.04863783220109822	0.0	0.0	0.0	0.034548992657984195	0.0	0.0	0.0	0.0	0.0	0.0	0.0	0.0	0.0	0.0	0.0	0.01714641330425755	0.0	0.0	0.0	0.0	0.0	0.0	0.0	0.0	0.0	0.0	0.0	0.0	0.0	0.0	0.0	0.0	0.0	0.0	0.0	0.0	0.009153192522413329	0.034548992657984195	0.0	0.0	0.0	0.0	0.0	0.0	0.0	0.0	0.0	0.0	0.0	0.0	0.0	0.0	0.0	0.0	0.043357159047535676	0.034548992657984195	0.0	0.0	0.0	0.0	0.0	0.043357159047535676	0.0	0.0	0.0	0.0	0.0	0.0	0.034548992657984195	0.0	0.04625463593276737	0.0	0.0	0.0	0.0	0.0	0.0	0.0	0.0	0.0	0.0	0.0	0.0	0.0	0.0	0.0	0.0	0.0	0.0	0.0	0.0	0.0	0.0	0.0	0.034548992657984195	0.0	0.0	0.0	0.0	0.0	0.0	0.0	0.0	0.0	0.0	0.0	0.043357159047535676	0.0	0.0	0.0	0.0	0.0	0.0	0.0	0.0	0.0	0.0	0.0	0.0	0.0	0.0	0.0	0.0	0.0	0.034548992657984195	0.0	0.0	0.0	0.0
CAROU1501321_acpa-rejette	acpa-rejette	0.0	0.0	0.0	0.0	0.0	0.0	0.0	0.0	0.01655261130563683	0.0	0.0	0.0	0.0	0.0	0.0	0.020772651988296982	0.0	0.019001604766007176	0.01655261130563683	0.0	0.0	0.0	0.0	0.0	0.0	0.0	0.004220040682660152	0.0	0.020772651988296982	0.0	0.0	0.0	0.0	0.0	0.0	0.0	0.019001604766007176	0.0	0.0	0.0	0.019001604766007176	0.0	0.01655261130563683	0.0	0.0	0.019001604766007176	0.0	0.01655261130563683	0.0	0.0	0.0	0.0	0.0	0.0	0.01655261130563683	0.0	0.0	0.0	0.01655261130563683	0.0	0.01655261130563683	0.019001604766007176	0.0	0.0	0.0	0.0	0.022160849008195448	0.0	0.01655261130563683	0.0	0.01655261130563683	0.019001604766007176	0.0	0.0	0.0	0.020772651988296982	0.020772651988296982	0.020772651988296982	0.0	0.0	0.0	0.0	0.0	0.0	0.01655261130563683	0.019001604766007176	0.0	0.01655261130563683	0.0	0.0	0.005088220622840855	0.0	0.0	0.0	0.005088220622840855	0.004342771237745748	0.0	0.0	0.022160849008195448	0.0	0.01655261130563683	0.0	0.0	0.02427248061513644	0.0	0.01655261130563683	0.0	0.0	0.0	0.0	0.020772651988296982	0.0	0.0	0.0	0.0	0.01655261130563683	0.020772651988296982	0.020772651988296982	0.019001604766007176	0.020772651988296982	0.01655261130563683	0.0	0.0	0.0	0.0	0.0	0.0	0.01655261130563683	0.023302651372311793	0.0	0.0	0.0	0.0	0.0	0.0	0.019001604766007176	0.0	0.0	0.0	0.0	0.0	0.0	0.0	0.0	0.0	0.0	0.0	0.0	0.0	0.0	0.0	0.01655261130563683	0.01655261130563683	0.01655261130563683	0.005756408713121763	0.01655261130563683	0.0	0.0	0.0	0.0	0.0	0.0	0.0	0.019001604766007176	0.0	0.0	0.0	0.0	0.020772651988296982	0.0	0.023302651372311793	0.0	0.0	0.0	0.0	0.004220040682660152	0.0	0.0	0.0	0.0	0.0	0.0	0.0	0.0	0.0	0.019001604766007176	0.0	0.0	0.0	0.0	0.0	0.0	0.006113818460035551	0.0	0.004342771237745748	0.0	0.0	0.005088220622840855	0.005088220622840855	0.0	0.01655261130563683	0.01655261130563683	0.019001604766007176	0.01655261130563683	0.020772651988296982	0.0	0.01655261130563683	0.004385344589610081	0.0	0.01655261130563683	0.004220040682660152	0.0	0.0	0.0	0.0	0.01655261130563683	0.0	0.0	0.01655261130563683	0.0	0.0	0.0	0.0	0.0	0.0	0.0	0.0	0.004342771237745748	0.0	0.01655261130563683	0.0	0.0	0.020772651988296982	0.0	0.0	0.01655261130563683	0.0	0.0	0.0	0.0	0.004220040682660152	0.0	0.0	0.0	0.0	0.019001604766007176	0.0	0.01655261130563683	0.01655261130563683	0.01655261130563683	0.0	0.0	0.01655261130563683	0.0	0.008214940375275618	0.0	0.01655261130563683	0.01655261130563683	0.0	0.0	0.0	0.0	0.0	0.0	0.0	0.0	0.020772651988296982	0.0	0.0	0.020772651988296982	0.0	0.0	0.0	0.01655261130563683	0.0	0.0	0.01655261130563683	0.020772651988296982	0.019001604766007176	0.01655261130563683	0.0	0.0	0.0	0.0	0.0	0.0	0.019001604766007176	0.0	0.0	0.01655261130563683	0.01655261130563683	0.0	0.0	0.0	0.0	0.0	0.0	0.0	0.01655261130563683	0.019001604766007176
CAVER1501683_acpa-rejette	acpa-rejette	0.0	0.04686247749955742	0.0	0.0	0.0	0.0	0.0	0.0	0.0	0.0	0.00892391629333528	0.03500300798865876	0.0	0.0	0.0	0.0	0.0	0.0	0.0	0.0	0.0	0.0	0.0	0.0	0.0	0.0	0.0	0.0	0.0	0.0	0.0	0.0	0.0	0.0	0.0	0.03500300798865876	0.0	0.0	0.0	0.03500300798865876	0.04018177622496263	0.0	0.0	0.0	0.0	0.0	0.0	0.0	0.0	0.0	0.0	0.0	0.0	0.0	0.0	0.00892391629333528	0.0	0.0	0.0	0.0	0.0	0.0	0.0	0.0	0.0	0.0	0.0	0.0	0.0	0.00892391629333528	0.0	0.0	0.0	0.0	0.0	0.0	0.0	0.0	0.0	0.0	0.0	0.0	0.0	0.03500300798865876	0.0	0.0	0.03500300798865876	0.0	0.0	0.0	0.010759814498193736	0.0	0.0	0.03500300798865876	0.010759814498193736	0.009183448672897089	0.0	0.0	0.0	0.0	0.0	0.0	0.0	0.0	0.03500300798865876	0.0	0.0	0.0	0.04018177622496263	0.03500300798865876	0.0	0.0	0.0	0.0	0.0	0.0	0.0	0.0	0.0	0.0	0.0	0.03500300798865876	0.0	0.0	0.0	0.0	0.04018177622496263	0.03500300798865876	0.0	0.017371737804548475	0.0	0.0	0.0	0.0	0.0	0.0	0.0	0.0	0.0	0.0	0.0	0.0	0.0	0.05311037295489113	0.04927699183416418	0.0	0.03500300798865876	0.0	0.0	0.0	0.0	0.0	0.0	0.0	0.012172799593425477	0.0	0.04018177622496263	0.04927699183416418	0.0	0.0	0.04686247749955742	0.0	0.0	0.0	0.0	0.0	0.009183448672897089	0.0	0.04392692428199404	0.0	0.0	0.0	0.0	0.0	0.03500300798865876	0.0	0.0	0.0	0.0	0.00892391629333528	0.0	0.0	0.0	0.0	0.0	0.0	0.0	0.04018177622496263	0.0	0.0	0.0	0.0	0.0	0.0	0.0	0.0	0.0	0.010759814498193736	0.010759814498193736	0.0	0.0	0.0	0.0	0.0	0.04392692428199404	0.0	0.0	0.00927347648469641	0.03500300798865876	0.0	0.0	0.0	0.0	0.0	0.0	0.0	0.0	0.0	0.0	0.0	0.0	0.0	0.0	0.03500300798865876	0.0	0.0	0.0	0.0	0.0	0.0	0.0	0.0	0.04392692428199404	0.0	0.0	0.0	0.04392692428199404	0.03500300798865876	0.0	0.0	0.0	0.04686247749955742	0.0	0.0	0.0	0.0	0.0	0.0	0.0	0.0	0.0	0.0	0.0	0.0	0.0	0.0	0.0	0.0	0.0	0.0	0.0	0.0	0.0	0.0	0.0	0.0	0.0	0.0	0.0	0.0	0.0	0.0	0.0	0.0	0.0	0.0	0.0	0.04392692428199404	0.04018177622496263	0.0	0.0	0.0	0.0	0.0	0.0	0.0	0.0	0.0	0.05132784291182258	0.0	0.0	0.0	0.0	0.0	0.0	0.0	0.0	0.0	0.0	0.0
CAFOR1400518_acpa-rejette	acpa-rejette	0.0	0.06428438338303578	0.048015958719289965	0.055120020231137906	0.0	0.0	0.0	0.0	0.0	0.0	0.0	0.0	0.0	0.0	0.0	0.0	0.0	0.0	0.0	0.0	0.0	0.0	0.0	0.0	0.0	0.0	0.0	0.0	0.0	0.0	0.0	0.0	0.0	0.0	0.0	0.0	0.0	0.0	0.06428438338303578	0.0	0.0	0.0	0.0	0.0	0.0	0.0	0.0	0.0	0.0	0.0	0.0	0.0	0.0	0.0	0.0	0.0	0.0	0.0	0.0	0.0	0.0	0.055120020231137906	0.0	0.0	0.0	0.0	0.06428438338303578	0.048015958719289965	0.0	0.0	0.0	0.055120020231137906	0.055120020231137906	0.0	0.0	0.060257489404139115	0.060257489404139115	0.060257489404139115	0.0	0.0	0.0	0.0	0.0	0.0	0.0	0.0	0.0	0.0	0.0	0.0	0.0	0.0	0.0	0.0	0.01475995459989851	0.012597548545582616	0.0	0.0	0.0	0.0	0.0	0.060257489404139115	0.048015958719289965	0.07040982269874657	0.0	0.0	0.0	0.0	0.0	0.0	0.060257489404139115	0.0	0.0	0.0	0.0	0.0	0.060257489404139115	0.060257489404139115	0.0	0.060257489404139115	0.0	0.0	0.0	0.0	0.0	0.0	0.055120020231137906	0.0	0.0	0.0	0.0	0.0	0.0	0.060257489404139115	0.0	0.0	0.0	0.0	0.0	0.0	0.0	0.0	0.0	0.0	0.0	0.023829970429278247	0.0	0.0	0.0	0.0	0.0	0.0	0.0	0.0	0.016698240418808755	0.0	0.0	0.0	0.0	0.0	0.0	0.0	0.0	0.0	0.0	0.0	0.0	0.0	0.0	0.0	0.0	0.0	0.0	0.0	0.0	0.0	0.0	0.0	0.0	0.0	0.0	0.0	0.023829970429278247	0.023829970429278247	0.0	0.0	0.0	0.0	0.0	0.0	0.0	0.0	0.0	0.0	0.0	0.0	0.0	0.0	0.0	0.0	0.0	0.0	0.0	0.0	0.0	0.0	0.0	0.0	0.0	0.0	0.0	0.0	0.0	0.0	0.0	0.0	0.0	0.0	0.0	0.0	0.0	0.0	0.0	0.0	0.0	0.0	0.0	0.0	0.0	0.0	0.0	0.0	0.0	0.0	0.0	0.0	0.0	0.0	0.048015958719289965	0.0	0.0	0.0	0.0	0.0	0.0	0.0	0.0	0.0	0.0	0.0	0.0	0.0	0.0	0.0	0.0	0.0	0.0	0.0	0.0	0.0	0.0	0.0	0.0	0.0	0.0	0.0	0.0	0.0	0.0	0.0	0.0	0.0	0.0	0.0	0.0	0.0	0.0	0.0	0.0	0.0	0.0	0.0	0.0	0.0	0.0	0.0	0.0	0.0	0.0	0.0	0.0	0.0	0.0	0.0	0.0	0.0	0.012241530684849143	0.0	0.0	0.0
CAPAR1411380_acpa-rejette	acpa-rejette	0.0	0.09915228296021301	0.0740598520977229	0.0	0.0	0.0	0.08501716210243218	0.0	0.0	0.0	0.0	0.0	0.0	0.0	0.0	0.0	0.0	0.0	0.0	0.0	0.0	0.08501716210243218	0.0	0.0	0.0	0.0	0.0	0.0	0.0	0.09294119855317633	0.0740598520977229	0.0	0.0	0.0	0.0	0.0	0.0	0.0	0.09915228296021301	0.0	0.0	0.0	0.0	0.0	0.0	0.0	0.0	0.0	0.0	0.0	0.0	0.0	0.0	0.0	0.0	0.0	0.0	0.0	0.0	0.0	0.0	0.0	0.0	0.0	0.0	0.0	0.0	0.0	0.0	0.0	0.0	0.0	0.0	0.0	0.0	0.0	0.0	0.0	0.0	0.0	0.0	0.0	0.0	0.0	0.0	0.0	0.0	0.0	0.0	0.0	0.0	0.0	0.0	0.0	0.0	0.0	0.0	0.0	0.0	0.0	0.0	0.0	0.0	0.10860016532797397	0.0	0.0	0.0	0.0	0.0	0.0	0.0	0.0	0.0	0.0	0.0	0.0	0.0	0.0	0.0	0.0	0.0	0.0	0.0	0.0	0.0	0.0	0.0	0.0	0.0	0.0	0.0	0.0	0.0	0.0	0.0	0.0	0.0	0.0	0.0	0.0	0.0	0.0	0.0	0.0	0.0	0.0	0.0	0.0	0.0	0.0	0.0	0.0	0.0	0.0	0.0	0.0	0.0	0.0	0.0	0.0	0.0	0.0	0.0	0.0	0.0	0.0	0.0	0.0	0.09294119855317633	0.0	0.10426094603759044	0.0740598520977229	0.0	0.0	0.0	0.0	0.0	0.0	0.0	0.0	0.0	0.0	0.0	0.0	0.0	0.0	0.0	0.0	0.0	0.0	0.0	0.0	0.0	0.0	0.0	0.0	0.0	0.022765765462024138	0.022765765462024138	0.08501716210243218	0.0	0.0	0.0	0.0	0.0	0.0	0.0	0.0	0.0	0.0	0.0	0.0	0.0	0.0	0.0	0.0	0.0	0.0	0.0	0.0	0.0	0.0	0.0	0.0	0.0	0.0	0.0	0.0	0.0	0.0	0.0	0.0	0.0	0.0	0.0	0.0	0.0	0.0	0.0	0.0	0.0	0.0	0.0	0.0	0.0	0.0	0.0	0.0	0.0	0.0	0.0	0.0	0.0	0.0	0.0	0.0	0.0	0.0	0.0	0.0	0.0	0.03675536493612586	0.03675536493612586	0.03675536493612586	0.0	0.0	0.0	0.0	0.0	0.0	0.0	0.0	0.0	0.0	0.0	0.0	0.0	0.09294119855317633	0.08501716210243218	0.0	0.0	0.0	0.0	0.0	0.0	0.0	0.0	0.0	0.0	0.0	0.0	0.0	0.0	0.0	0.0	0.0	0.0	0.0	0.0	0.0
CALYO1406491_acpa-rejette	acpa-rejette	0.0	0.030607108847169433	0.0	0.026243768238707627	0.005828442965605504	0.0	0.0	0.0	0.0	0.0	0.0	0.0	0.0	0.0	0.0	0.028689822317504637	0.0	0.0	0.0	0.0	0.026243768238707627	0.0	0.0	0.0	0.022861379351899132	0.0	0.0	0.0	0.028689822317504637	0.0	0.0	0.0	0.0	0.0	0.0	0.0	0.026243768238707627	0.0	0.0	0.0	0.0	0.0	0.0	0.011345935985849763	0.0	0.0	0.0	0.0	0.0	0.0	0.022861379351899132	0.0	0.022861379351899132	0.0	0.0	0.005828442965605504	0.022861379351899132	0.0	0.0	0.022861379351899132	0.0	0.026243768238707627	0.0	0.0	0.0	0.0	0.0	0.0	0.0	0.0	0.0	0.0	0.0	0.0	0.0	0.0	0.0	0.0	0.0	0.0	0.0	0.0	0.022861379351899132	0.0	0.0	0.0	0.0	0.0	0.0	0.0	0.00702751606601844	0.0	0.0	0.0	0.0	0.0	0.0	0.0	0.030607108847169433	0.0	0.0	0.0	0.0	0.0	0.0	0.0	0.0	0.0	0.0	0.0	0.0	0.028689822317504637	0.0	0.026243768238707627	0.0	0.0	0.0	0.0	0.0	0.0	0.0	0.0	0.0	0.0	0.0	0.0	0.0	0.0	0.032184091264564195	0.0	0.0	0.0	0.0	0.0	0.0	0.0	0.0	0.0	0.022861379351899132	0.028689822317504637	0.028689822317504637	0.028689822317504637	0.026243768238707627	0.03468777266330975	0.032184091264564195	0.0	0.0	0.0	0.0	0.0	0.0	0.0	0.0	0.0	0.0079503735613268	0.022861379351899132	0.0	0.032184091264564195	0.0	0.0	0.0	0.011345935985849763	0.0	0.0	0.0	0.0	0.0	0.0	0.0	0.0	0.0	0.0	0.005828442965605504	0.022861379351899132	0.0	0.0	0.0	0.0	0.0	0.0	0.0	0.0	0.0	0.0	0.0	0.0	0.0	0.0	0.0	0.0	0.0	0.0	0.0	0.0	0.005997950345805115	0.0	0.0	0.00702751606601844	0.00702751606601844	0.0	0.022861379351899132	0.0	0.0	0.0	0.0	0.0	0.0	0.006056749862647569	0.0	0.022861379351899132	0.0	0.0	0.0	0.0	0.022861379351899132	0.0	0.005828442965605504	0.0	0.0	0.0	0.0	0.022861379351899132	0.0	0.0	0.0	0.028689822317504637	0.0	0.0	0.0	0.0	0.0	0.0	0.0	0.0	0.0	0.0	0.028689822317504637	0.0	0.0	0.0	0.0	0.030607108847169433	0.022861379351899132	0.022861379351899132	0.0	0.026243768238707627	0.022861379351899132	0.0	0.022861379351899132	0.022861379351899132	0.0	0.022861379351899132	0.022861379351899132	0.022861379351899132	0.0	0.0	0.0	0.0	0.0	0.0	0.0	0.0	0.0	0.0	0.0	0.0	0.0	0.0	0.022861379351899132	0.028689822317504637	0.0	0.0	0.026243768238707627	0.0	0.026243768238707627	0.0	0.0	0.0	0.0	0.0	0.022861379351899132	0.022861379351899132	0.022861379351899132	0.022861379351899132	0.022861379351899132	0.0	0.0	0.0	0.03352355570418582	0.0	0.0	0.0	0.0	0.0	0.0	0.0	0.0	0.0	0.0	0.0
CAPAR1305040_acpa-rejette	acpa-rejette	0.010298083066642148	0.0	0.0	0.0	0.0	0.0	0.011821705993495317	0.002625466682700643	0.010298083066642148	0.0	0.0	0.0	0.010298083066642148	0.005327289260416846	0.010298083066642148	0.012923549749342792	0.011821705993495317	0.011821705993495317	0.0	0.010298083066642148	0.011821705993495317	0.011821705993495317	0.0	0.0	0.0	0.0	0.0	0.0	0.012923549749342792	0.012923549749342792	0.0	0.010298083066642148	0.010298083066642148	0.0	0.011821705993495317	0.0	0.011821705993495317	0.010298083066642148	0.013787206121126933	0.010298083066642148	0.011821705993495317	0.010298083066642148	0.0	0.0	0.0	0.011821705993495317	0.010298083066642148	0.010298083066642148	0.0	0.005110863585813295	0.0	0.005110863585813295	0.0	0.0	0.0	0.0	0.010298083066642148	0.010298083066642148	0.0	0.010298083066642148	0.010298083066642148	0.0	0.0	0.0	0.010298083066642148	0.0	0.0	0.0	0.0	0.0	0.0	0.0	0.011821705993495317	0.0	0.0	0.0	0.0	0.0	0.0	0.0	0.0	0.0	0.010298083066642148	0.0	0.010298083066642148	0.011821705993495317	0.0	0.010298083066642148	0.0	0.0	0.0031655983257199327	0.005110863585813295	0.0	0.0	0.0031655983257199327	0.002701822577716202	0.013787206121126933	0.0	0.013787206121126933	0.0	0.0	0.012923549749342792	0.010298083066642148	0.015100941899301105	0.010298083066642148	0.0	0.0	0.0	0.0	0.0	0.012923549749342792	0.0	0.0	0.011821705993495317	0.0	0.010298083066642148	0.0	0.0	0.011821705993495317	0.012923549749342792	0.0	0.0	0.0	0.0	0.0	0.0	0.0	0.0	0.0	0.0	0.0	0.010298083066642148	0.011821705993495317	0.0	0.011821705993495317	0.011821705993495317	0.010298083066642148	0.010298083066642148	0.010298083066642148	0.0	0.012923549749342792	0.012923549749342792	0.0	0.015625372327058993	0.0	0.0	0.0	0.0038036663335636756	0.010298083066642148	0.010298083066642148	0.010298083066642148	0.010298083066642148	0.010298083066642148	0.010298083066642148	0.0035813065382066535	0.0	0.0	0.0	0.010298083066642148	0.010298083066642148	0.013787206121126933	0.0	0.0	0.011821705993495317	0.0	0.010298083066642148	0.002701822577716202	0.005327289260416846	0.0	0.0	0.01449756990447478	0.0	0.002625466682700643	0.010298083066642148	0.0	0.002625466682700643	0.0	0.005327289260416846	0.005110863585813295	0.0	0.002625466682700643	0.010298083066642148	0.0	0.0	0.010298083066642148	0.011821705993495317	0.0	0.011821705993495317	0.0	0.011821705993495317	0.010298083066642148	0.0	0.0038036663335636756	0.010298083066642148	0.002701822577716202	0.010298083066642148	0.0	0.0031655983257199327	0.0031655983257199327	0.011821705993495317	0.0	0.0	0.011821705993495317	0.0	0.012923549749342792	0.010298083066642148	0.010298083066642148	0.0027283092695033146	0.0	0.0	0.0	0.011821705993495317	0.010298083066642148	0.010298083066642148	0.0	0.010298083066642148	0.0	0.0	0.010298083066642148	0.005110863585813295	0.005110863585813295	0.0	0.0	0.0	0.0	0.012923549749342792	0.0	0.002701822577716202	0.002625466682700643	0.010298083066642148	0.005327289260416846	0.002625466682700643	0.012923549749342792	0.0	0.010298083066642148	0.0	0.012923549749342792	0.0	0.010298083066642148	0.010298083066642148	0.0	0.0	0.0	0.0	0.0	0.011821705993495317	0.010298083066642148	0.010298083066642148	0.0	0.0	0.005110863585813295	0.010298083066642148	0.0	0.010298083066642148	0.0	0.0	0.010298083066642148	0.010298083066642148	0.010298083066642148	0.011821705993495317	0.010298083066642148	0.0	0.0	0.0	0.010298083066642148	0.010298083066642148	0.012923549749342792	0.0	0.010298083066642148	0.012923549749342792	0.0	0.005110863585813295	0.0	0.010298083066642148	0.011821705993495317	0.010298083066642148	0.010298083066642148	0.0	0.0	0.0	0.010298083066642148	0.010298083066642148	0.010298083066642148	0.010298083066642148	0.010298083066642148	0.011821705993495317	0.011821705993495317	0.011821705993495317	0.015100941899301105	0.010298083066642148	0.0	0.010298083066642148	0.0	0.0	0.010298083066642148	0.0	0.002625466682700643	0.010298083066642148	0.0	0.0
CANIM1601140_acpa-rejette	acpa-rejette	0.0	0.0	0.0	0.0	0.0	0.0	0.0	0.0	0.0	0.0	0.0	0.0	0.0	0.0	0.0	0.0	0.0392362070182315	0.0	0.034179307057377435	0.0	0.0	0.0	0.0	0.0	0.0	0.0	0.0	0.0	0.0	0.04289322316547497	0.0	0.034179307057377435	0.0	0.016962941034504662	0.0	0.0	0.0	0.0	0.0	0.0	0.0	0.0	0.034179307057377435	0.0	0.0	0.0	0.0	0.0	0.0	0.0	0.034179307057377435	0.0	0.0	0.0	0.0	0.0	0.0	0.0	0.0	0.0	0.0	0.0	0.0	0.0	0.0	0.0	0.045759696093712464	0.034179307057377435	0.0	0.0	0.0	0.0	0.0392362070182315	0.0	0.0	0.04289322316547497	0.04289322316547497	0.04289322316547497	0.0	0.0	0.0	0.034179307057377435	0.0	0.0	0.0	0.0	0.0	0.0	0.0	0.0	0.010506611424176552	0.0	0.0	0.0	0.0	0.0	0.0	0.0	0.045759696093712464	0.0	0.0	0.0	0.0	0.0	0.0	0.0	0.0	0.0	0.0	0.0	0.04289322316547497	0.0	0.0	0.0	0.0	0.0	0.0	0.0	0.0	0.0	0.0	0.0	0.0	0.0	0.0	0.0	0.0	0.0	0.04811739137703505	0.0	0.0	0.0	0.0	0.0	0.0	0.0	0.0	0.0	0.0	0.0	0.0	0.0	0.0	0.05186056426194061	0.04811739137703505	0.0	0.0	0.0	0.0	0.0	0.0	0.0	0.0	0.0	0.0	0.0	0.0	0.04811739137703505	0.0	0.034179307057377435	0.045759696093712464	0.0	0.0	0.0	0.0	0.0	0.0	0.0	0.04289322316547497	0.0	0.0	0.0	0.0	0.0	0.0	0.0	0.0	0.0	0.0	0.008713916108097528	0.0	0.0	0.0	0.0	0.034179307057377435	0.0	0.0	0.0	0.0	0.0	0.0	0.0	0.0	0.0	0.008967341096465645	0.034179307057377435	0.0	0.010506611424176552	0.010506611424176552	0.0	0.0	0.0	0.0	0.034179307057377435	0.04289322316547497	0.0	0.0	0.0	0.0	0.0	0.0	0.0	0.0	0.0	0.0	0.0	0.0	0.0	0.0	0.0	0.0	0.0	0.0	0.0	0.034179307057377435	0.0	0.0	0.0	0.0	0.0	0.0	0.0	0.0	0.0	0.0	0.0	0.0	0.0	0.0	0.0	0.0	0.045759696093712464	0.034179307057377435	0.034179307057377435	0.0	0.0	0.0	0.0	0.0	0.0	0.0	0.0	0.0	0.0	0.0	0.0	0.0	0.0	0.0	0.0	0.0	0.0	0.0	0.0	0.0	0.0	0.0	0.0	0.0	0.0	0.034179307057377435	0.0	0.0	0.0	0.0	0.0	0.0	0.0	0.0	0.0	0.0	0.0	0.0	0.0	0.0	0.0	0.0	0.0	0.05011998123259695	0.0	0.034179307057377435	0.0	0.0	0.0	0.0	0.0	0.0	0.0	0.0	0.0
CAPAR1507851_acpa-rejette	acpa-rejette	0.0	0.0	0.0	0.0	0.034334217952240606	0.0	0.0	0.0	0.0	0.0	0.0	0.0	0.0	0.0	0.0	0.0	0.0	0.0	0.0	0.0	0.0	0.0	0.0	0.0	0.0	0.0	0.0	0.0	0.0	0.0	0.0	0.0	0.0	0.0	0.0	0.0	0.0	0.0	0.0	0.0	0.0	0.0	0.0	0.0	0.0	0.0	0.0	0.0	0.0	0.0	0.0	0.0	0.0	0.0	0.0	0.0	0.0	0.0	0.0	0.0	0.0	0.0	0.0	0.0	0.0	0.0	0.0	0.0	0.0	0.0	0.0	0.0	0.0	0.0	0.0	0.0	0.0	0.0	0.0	0.0	0.0	0.0	0.0	0.0	0.0	0.0	0.0	0.0	0.0	0.0	0.0	0.0	0.0	0.0	0.04139772314791504	0.0	0.0	0.0	0.0	0.0	0.0	0.0	0.0	0.0	0.0	0.0	0.0	0.0	0.0	0.0	0.0	0.0	0.0	0.0	0.0	0.0	0.0	0.0	0.0	0.0	0.0	0.0	0.1021694433597432	0.0	0.0	0.0	0.0	0.0	0.0	0.0	0.0	0.0	0.0	0.0	0.0	0.0	0.0	0.0	0.0	0.0	0.16900613393201952	0.16900613393201952	0.15459690759833458	0.2043388867194864	0.18959018911109005	0.0	0.0	0.0	0.0	0.0	0.0	0.0	0.0	0.0	0.04683409621869182	0.0	0.0	0.18959018911109005	0.0	0.0	0.0	0.0	0.0	0.0	0.0	0.0	0.0	0.0	0.0	0.0	0.0	0.0	0.0	0.0	0.0	0.0	0.0	0.0	0.0	0.0	0.0	0.0	0.0	0.0	0.0	0.0	0.0	0.0	0.0	0.0	0.0	0.0	0.0	0.0	0.0	0.0	0.0	0.0	0.0	0.0	0.0	0.0	0.0	0.0	0.0	0.0	0.0	0.0	0.0	0.0	0.0	0.0	0.0	0.0	0.0	0.0	0.034334217952240606	0.0	0.0	0.0	0.0	0.0	0.0	0.0	0.0	0.0	0.0	0.0	0.0	0.0	0.0	0.0	0.0	0.0	0.0	0.0	0.0	0.0	0.0	0.0	0.0	0.0	0.0	0.0	0.0	0.0	0.0	0.0	0.0	0.0	0.0	0.0	0.0	0.0	0.06683669057227631	0.0	0.0	0.0	0.0	0.0	0.0	0.0	0.0	0.0	0.0	0.0	0.0	0.0	0.0	0.0	0.0	0.0	0.0	0.0	0.0	0.0	0.0	0.0	0.0	0.0	0.0	0.0	0.0	0.0	0.0	0.0	0.0	0.0	0.0	0.0	0.0	0.0	0.0	0.0	0.0	0.0	0.0	0.0	0.0	0.0
