@id	@sens-resultat	absence de décision	abus de droit	abus de procédure	abus leur droit	abusif en application	abusif pouvoir	abusif à hauteur	accorder	accueillir	acquitter	adversaire au paiement	agir	agir en justice	ailleurs	ajouter	allouer	alléguer	an	août	appartenir	appel et payer	appel interjeter	appelant qui pouvoir	appréciation	articler	attribution	aucun	aucun faute	audience	auquel	autre demande	avant	avocat engager	avocat engager devant	avril	axiome	bien	bâtiment	caractère	caractère abusif	caractériser	cause	cause de appel	causer	celui	celui qui agir	cesser	chef	circonstance	civil attendu	civil celui	civil condamner	code civil	coder	coder de procédure	comme	comprendre	compte	condamnation	condamnation au titre	condamnation de monsieur	condamnation ne appartenir	condamne	condamner monsieur	condamner à verser	confirmation	confirme	confirmer le décision	confirmer le jugement	conseil	consort	consort riehl	constituer	constitutif	contestation	contractuel	contraindre	contrat	contrat de travail	convenir	convenir convier	convier	convier en conséquence	demande de dommage	demande de dommages	demande fin	demande former	demande reconventionnel	dernier	destiner	destiner l initiative	dette	deux	devant le cour	devoir	devoir prendre	devoir se étendre	dilatoire	dilatoire ou abusif	dispos	disposer	dit	dolosif	dommage	dommage et intérêt	dommages	dommages intérêts	droit de agir	débat	déboute	débouter	décembre	décision	décision de justice	décision devoir	déclare	déduire	défendre	déférer	dégénérer	dégénérer en abus	déjà rendre	délai	démontrer	dépens de appel	dépens de premier	dépourvue	détailler	encontre du appelant	engager devant	entreprendre	entreprendre en tout	euro	euro par application	exposer détailler	exécution	faire dégénérer	fait	faute même non	financier	fixer	fonder	former	formuler	frai	frai frais	frais	frais de avocat	français	février	gain	gain de cause	grossier	grossier ou dolosif	hauteur	hauteur de appel	in solidum	indemnisation	initiative	instance	interjeter	intimer	intérêt pour abus	intérêts	inéquitable	inéquitable de laisser	jacques	jacques riehl	janvier	juge	jugement	jugement déférer	jugement entreprendre	jugement rendre	juridiction saisir	justement	justice	justice de manière	justice déjà rendre	laisser	lequel	lieu	lieu à application	légitimement	légitimement penser	madame	madame michelle	madame michelle riehl	manifestement	manière	manière dilatoire	maximum	mener	michelle	michelle riehl	mois	monsieur	monsieur jacques	monsieur p	moyen	nature	ni	non	non grossier	nouveau	obligation	observation	observation oral	obtenir gain	oral	partie	partie qui pouvoir	payer	payer le somme	payer payer	payer un amende	pendant	penser	percevoir	pierre	pourtant	pouvoir	pouvoir légitimement	pouvoir légitimement penser	pouvoir être recevable	premier foi	premier foi fois	premier juge	prendre	prendre en charge	prise	procédure civil condamner	procédure civil déclare	procédure civil vu	procédure de appel	produire	profit	prononcer	précisément	préjudice	prétention	public	qualité pour solliciter	quoi	quoi le consort	raison	recevable	reconnaître	recours	rejet	rejeter	rendre	revanche	riehl	riehl avoir faire	riehl in	riehl in solidum	réclamer	réformer	réformer le jugement	régler	régulier	saisir	salaire	sarl	sarl axiome	sarl axiome bâtiment	sci	seulement	société axiome	solidum	solliciter	solliciter le condamnation	somme	sommer	sorte	soutenir	subir	suivant	supporter	supporter le dépens	surplus	tant	tel	tel condamnation	texte	titre de amende	titre du disposition	toujours	tout	travail	trésor	trésor public	verser	verser le somme	verser un amende	verser à madame	vocation	vu	vu le conclusion
CAVER1501501_acpa-accepte	acpa-accepte	0.0	0.0	0.0	0.0	0.0	0.0	0.0	0.0	0.0	6.072407960570329	0.0	30.741565300387286	0.0	6.072407960570329	0.0	34.252176152592014	0.0	0.0	0.0	0.0	0.0	0.0	0.0	0.0	0.0	12.144815921140658	0.0	0.0	6.072407960570329	0.0	0.0	6.072407960570329	0.0	0.0	0.0	0.0	0.0	0.0	34.252176152592014	6.072407960570329	0.0	0.0	0.0	34.252176152592014	30.741565300387286	0.0	0.0	0.0	24.289631842281317	0.0	0.0	0.0	0.0	0.0	0.0	0.0	0.0	0.0	0.0	0.0	0.0	0.0	45.9225852018131	0.0	0.0	0.0	0.0	0.0	0.0	6.072407960570329	0.0	0.0	0.0	0.0	91.8451704036262	45.9225852018131	6.072407960570329	0.0	0.0	16.03495227088102	16.03495227088102	16.03495227088102	0.0	0.0	0.0	0.0	0.0	6.072407960570329	0.0	0.0	0.0	6.072407960570329	34.252176152592014	0.0	0.0	0.0	0.0	54.65167164513295	0.0	6.072407960570329	0.0	0.0	0.0	0.0	0.0	28.464412315173416	28.464412315173416	0.0	0.0	0.0	0.0	0.0	0.0	0.0	0.0	0.0	0.0	6.072407960570329	0.0	0.0	0.0	0.0	18.217223881710986	0.0	0.0	0.0	0.0	0.0	0.0	0.0	0.0	0.0	0.0	0.0	0.0	6.072407960570329	0.0	34.252176152592014	0.0	0.0	0.0	0.0	0.0	0.0	0.0	0.0	4.649187344811657	0.0	0.0	0.0	0.0	0.0	0.0	0.0	0.0	0.0	0.0	0.0	0.0	37.952549753564554	0.0	6.072407960570329	0.0	28.464412315173416	0.0	0.0	0.0	0.0	0.0	9.298374689623314	0.0	0.0	0.0	0.0	0.0	0.0	0.0	0.0	0.0	0.0	0.0	4.649187344811657	0.0	0.0	0.0	0.0	0.0	0.0	45.9225852018131	0.0	0.0	0.0	6.072407960570329	0.0	0.0	6.072407960570329	47.440687191955696	0.0	12.144815921140658	0.0	0.0	0.0	0.0	0.0	0.0	6.072407960570329	0.0	0.0	0.0	0.0	41.84268610330492	0.0	0.0	0.0	0.0	0.0	45.9225852018131	0.0	0.0	0.0	0.0	30.741565300387286	0.0	0.0	0.0	0.0	0.0	16.03495227088102	0.0	0.0	0.0	0.0	0.0	0.0	0.0	0.0	0.0	6.072407960570329	0.0	21.348309236380057	0.0	0.0	0.0	0.0	0.0	6.072407960570329	0.0	6.072407960570329	6.072407960570329	0.0	0.0	0.0	0.0	0.0	0.0	0.0	0.0	0.0	0.0	0.0	0.0	0.0	0.0	0.0	0.0	0.0	0.0	239.7652330681441	6.072407960570329	0.0	0.0	0.0	0.0	10.24718843346243	0.0	0.0	0.0	0.0	0.0	9.488137438391139	0.0	0.0	0.0	0.0	0.0	0.0	0.0	0.0	6.072407960570329	0.0	0.0	0.0	0.0	13.662917911283236	0.0	0.0	0.0	0.0	0.0	0.0
CACHA1502356_acpa-accepte	acpa-accepte	0.0	0.0	0.0	0.0	0.0	32.15077127535939	8.037692818839846	0.0	0.0	0.0	0.0	81.38163979075343	64.30154255071878	0.0	0.0	90.67522211253703	0.0	0.0	0.0	0.0	0.0	0.0	0.0	0.0	0.0	0.0	0.0	0.0	0.0	0.0	0.0	0.0	0.0	0.0	0.0	0.0	0.0	0.0	0.0	0.0	0.0	0.0	0.0	45.337611056268514	81.38163979075343	32.15077127535939	0.0	0.0	32.15077127535939	0.0	8.037692818839846	0.0	0.0	0.0	0.0	0.0	8.037692818839846	0.0	0.0	0.0	0.0	0.0	0.0	0.0	45.337611056268514	0.0	0.0	0.0	0.0	0.0	0.0	0.0	0.0	8.037692818839846	60.78505194247632	0.0	0.0	0.0	0.0	21.22453259974897	21.22453259974897	21.22453259974897	8.037692818839846	0.0	0.0	0.0	0.0	0.0	0.0	0.0	0.0	0.0	90.67522211253703	0.0	0.0	0.0	0.0	72.33923536955861	32.15077127535939	0.0	0.0	0.0	0.0	75.35337017662356	75.35337017662356	0.0	0.0	0.0	0.0	0.0	0.0	0.0	12.307717128848513	0.0	0.0	0.0	0.0	0.0	0.0	0.0	0.0	0.0	0.0	0.0	0.0	0.0	0.0	0.0	0.0	0.0	0.0	0.0	24.615434257697025	0.0	0.0	0.0	0.0	45.337611056268514	0.0	0.0	0.0	0.0	0.0	0.0	0.0	0.0	6.153858564424256	0.0	0.0	0.0	0.0	0.0	0.0	0.0	21.22453259974897	0.0	0.0	0.0	0.0	0.0	0.0	0.0	0.0	0.0	8.037692818839846	8.037692818839846	0.0	0.0	0.0	24.615434257697025	0.0	0.0	0.0	0.0	0.0	8.037692818839846	96.45231382607817	32.15077127535939	0.0	8.037692818839846	0.0	0.0	0.0	0.0	0.0	0.0	0.0	0.0	0.0	21.22453259974897	32.15077127535939	32.15077127535939	0.0	0.0	0.0	0.0	0.0	0.0	0.0	0.0	8.037692818839846	0.0	12.558895029437261	0.0	40.18846409419923	0.0	0.0	0.0	0.0	0.0	55.38472707981831	0.0	50.235580117749045	0.0	25.117790058874522	0.0	0.0	0.0	0.0	0.0	60.78505194247632	122.07245968613016	0.0	0.0	0.0	0.0	0.0	21.22453259974897	0.0	0.0	0.0	0.0	0.0	0.0	0.0	0.0	16.07538563767969	0.0	0.0	56.51502763246766	0.0	45.337611056268514	0.0	0.0	0.0	0.0	0.0	0.0	0.0	8.037692818839846	8.037692818839846	12.558895029437261	0.0	0.0	0.0	0.0	0.0	32.15077127535939	0.0	0.0	0.0	0.0	0.0	0.0	0.0	0.0	0.0	136.0128331688055	0.0	0.0	0.0	0.0	0.0	13.563606631792242	8.037692818839846	0.0	0.0	0.0	0.0	12.558895029437261	0.0	0.0	0.0	0.0	0.0	0.0	8.037692818839846	0.0	0.0	6.153858564424256	0.0	45.337611056268514	45.337611056268514	18.08480884238965	0.0	0.0	0.0	0.0	0.0	0.0
CAMET1502360_acpa-accepte	acpa-accepte	0.0	0.0	0.0	0.0	0.0	42.29175007878107	0.0	0.0	0.0	0.0	0.0	53.525496193457286	42.29175007878107	0.0	0.0	0.0	0.0	10.572937519695266	0.0	0.0	0.0	0.0	0.0	0.0	0.0	0.0	0.0	0.0	0.0	0.0	0.0	0.0	0.0	0.0	0.0	0.0	0.0	0.0	59.637975697031116	0.0	0.0	0.0	0.0	0.0	53.525496193457286	42.29175007878107	0.0	0.0	0.0	10.572937519695266	0.0	10.572937519695266	0.0	10.572937519695266	10.572937519695266	0.0	0.0	0.0	8.094905288516689	0.0	0.0	0.0	79.95783999269544	0.0	59.637975697031116	0.0	0.0	0.0	0.0	0.0	0.0	0.0	0.0	0.0	0.0	79.95783999269544	0.0	0.0	0.0	0.0	0.0	0.0	0.0	0.0	0.0	0.0	0.0	0.0	0.0	0.0	0.0	0.0	0.0	0.0	0.0	0.0	0.0	95.15643767725739	42.29175007878107	0.0	10.572937519695266	0.0	0.0	0.0	0.0	16.52021487452385	16.52021487452385	0.0	0.0	0.0	0.0	10.572937519695266	8.094905288516689	0.0	0.0	0.0	0.0	0.0	0.0	0.0	0.0	0.0	0.0	0.0	0.0	0.0	10.572937519695266	0.0	0.0	0.0	0.0	0.0	40.47452644258343	0.0	0.0	0.0	0.0	0.0	0.0	0.0	0.0	0.0	0.0	0.0	0.0	0.0	0.0	0.0	10.572937519695266	0.0	0.0	0.0	0.0	0.0	27.91916313794531	0.0	0.0	0.0	0.0	0.0	0.0	0.0	0.0	16.52021487452385	0.0	0.0	0.0	0.0	0.0	0.0	8.094905288516689	0.0	0.0	0.0	0.0	0.0	42.29175007878107	42.29175007878107	0.0	0.0	0.0	0.0	0.0	0.0	0.0	8.094905288516689	0.0	0.0	79.95783999269544	27.91916313794531	42.29175007878107	42.29175007878107	0.0	0.0	0.0	0.0	0.0	0.0	0.0	0.0	0.0	0.0	16.52021487452385	0.0	0.0	0.0	0.0	0.0	0.0	0.0	72.8541475966502	0.0	0.0	0.0	0.0	0.0	79.95783999269544	0.0	0.0	0.0	79.95783999269544	107.05099238691457	0.0	0.0	0.0	0.0	0.0	0.0	0.0	0.0	0.0	10.572937519695266	0.0	0.0	0.0	0.0	0.0	0.0	0.0	37.170483467678665	0.0	59.637975697031116	0.0	0.0	0.0	0.0	0.0	0.0	0.0	0.0	0.0	16.52021487452385	0.0	0.0	0.0	0.0	0.0	42.29175007878107	0.0	0.0	0.0	0.0	0.0	0.0	0.0	0.0	0.0	0.0	0.0	0.0	0.0	0.0	0.0	11.894554709657175	0.0	0.0	0.0	0.0	0.0	0.0	0.0	0.0	0.0	0.0	0.0	0.0	0.0	0.0	0.0	8.094905288516689	0.0	59.637975697031116	59.637975697031116	47.578218838628686	0.0	0.0	10.572937519695266	0.0	0.0	0.0
CANAN1101988_acpa-accepte	acpa-accepte	0.0	0.0	0.0	0.0	0.0	0.0	0.0	0.0	0.0	0.0	0.0	0.0	0.0	0.0	0.0	0.0	0.0	6.401077960470909	0.0	0.0	0.0	0.0	0.0	0.0	0.0	0.0	24.30409288116297	0.0	0.0	0.0	0.0	0.0	0.0	0.0	0.0	0.0	0.0	0.0	36.10608037078122	0.0	0.0	64.81091434976794	0.0	36.10608037078122	64.81091434976794	0.0	0.0	14.402425411059543	0.0	0.0	0.0	0.0	3.6006063527648866	0.0	0.0	3.6006063527648866	6.401077960470909	0.0	4.900825313485538	0.0	0.0	0.0	48.408152076061235	8.101364293720989	0.0	3.6006063527648866	0.0	0.0	0.0	0.0	0.0	0.0	0.0	0.0	0.0	0.0	0.0	0.0	0.0	0.0	0.0	0.0	0.0	0.0	0.0	3.6006063527648866	0.0	0.0	0.0	0.0	0.0	0.0	36.10608037078122	0.0	97.21637152465193	0.0	0.0	0.0	0.0	0.0	0.0	0.0	0.0	60.01010587941477	60.01010587941477	0.0	0.0	0.0	0.0	0.0	403.2679115096673	0.0	4.900825313485538	0.0	0.0	0.0	0.0	0.0	0.0	0.0	0.0	0.0	0.0	0.0	0.0	0.0	0.0	0.0	0.0	0.0	0.0	0.0	4.900825313485538	0.0	0.0	0.0	0.0	0.0	0.0	8.101364293720989	10.80181905829466	28.804850822119086	0.0	0.0	3.6006063527648866	3.6006063527648866	4.900825313485538	0.0	0.0	72.01212705529771	0.0	0.0	0.0	0.0	16.902846489368493	0.0	0.0	0.0	0.0	20.00336862647159	0.0	0.0	0.0	0.0	0.0	0.0	0.0	0.0	0.0	4.900825313485538	4.900825313485538	0.0	0.0	0.0	0.0	6.401077960470909	0.0	0.0	0.0	0.0	0.0	9.801650626971076	0.0	0.0	0.0	4.900825313485538	0.0	0.0	0.0	0.0	0.0	0.0	0.0	0.0	0.0	0.0	30.005052939707387	0.0	0.0	0.0	0.0	0.0	20.00336862647159	0.0	12.802155920941818	0.0	0.0	0.0	0.0	0.0	44.10742782136985	0.0	20.00336862647159	0.0	10.001684313235796	0.0	0.0	0.0	0.0	0.0	0.0	64.81091434976794	0.0	0.0	0.0	0.0	0.0	16.902846489368493	0.0	0.0	0.0	0.0	0.0	0.0	0.0	16.202728587441978	0.0	0.0	0.0	135.0227382286832	7.201212705529773	0.0	0.0	0.0	0.0	0.0	0.0	0.0	0.0	0.0	12.802155920941818	0.0	8.101364293720989	0.0	0.0	0.0	0.0	0.0	0.0	0.0	0.0	7.201212705529773	0.0	0.0	0.0	0.0	0.0	0.0	0.0	0.0	0.0	43.20727623317863	0.0	3.6006063527648866	0.0	0.0	0.0	3.6006063527648866	3.6006063527648866	0.0	0.0	0.0	0.0	8.101364293720989	0.0	0.0	0.0	0.0	0.0	34.30577719439877	0.0	0.0	0.0	0.0	0.0	0.0	0.0	0.0	0.0	0.0
CADIJ1501045_acpa-rejette	acpa-rejette	4.957965651420268	0.0	11.155422715695597	4.957965651420268	0.0	35.25664463232191	17.62832231616095	4.957965651420268	0.0	0.0	4.957965651420268	89.24338172556483	35.25664463232191	0.0	9.915931302840535	0.0	4.957965651420268	0.0	0.0	4.957965651420268	4.957965651420268	0.0	4.957965651420268	4.957965651420268	0.0	0.0	11.155422715695597	4.957965651420268	0.0	0.0	4.957965651420268	8.814161158080475	4.957965651420268	4.957965651420268	0.0	49.57965651420268	0.0	24.78982825710134	0.0	0.0	19.831862605681067	44.621690862782415	0.0	0.0	44.621690862782415	35.25664463232191	0.0	19.831862605681067	35.25664463232191	0.0	0.0	0.0	0.0	0.0	0.0	0.0	0.0	0.0	26.993368546621454	4.957965651420268	0.0	4.957965651420268	0.0	0.0	49.717377782297696	4.957965651420268	4.957965651420268	0.0	11.155422715695597	0.0	19.83186260568107	19.83186260568107	11.155422715695597	8.814161158080475	0.0	0.0	0.0	0.0	0.0	0.0	0.0	0.0	0.0	22.310845431391193	33.466268147086794	0.0	11.155422715695597	8.814161158080475	0.0	4.957965651420268	4.957965651420268	8.814161158080475	0.0	11.155422715695597	133.86507258834726	4.957965651420268	4.957965651420268	79.32745042272428	35.25664463232191	0.0	8.814161158080475	39.663725211362134	4.957965651420268	55.08850723800298	55.08850723800298	82.63276085700448	82.63276085700448	4.957965651420268	0.0	22.310845431391193	237.9823512681729	0.0	13.496684273310727	4.957965651420268	4.957965651420268	4.957965651420268	4.957965651420268	0.0	11.155422715695597	4.957965651420268	4.957965651420268	4.957965651420268	8.814161158080475	0.0	11.155422715695597	0.0	8.814161158080475	0.0	4.957965651420268	4.957965651420268	123.94914128550667	4.957965651420268	47.23839495658755	11.155422715695597	0.0	0.0	4.957965651420268	0.0	4.957965651420268	11.155422715695597	0.0	19.831862605681067	30.987285321376667	0.0	0.0	0.0	6.7483421366553635	4.957965651420268	0.0	0.0	4.957965651420268	4.957965651420268	4.957965651420268	4.957965651420268	93.09957723222503	14.873896954260806	9.915931302840535	0.0	4.957965651420268	13.772126809500746	0.0	0.0	0.0	82.63276085700448	0.0	0.0	4.957965651420268	4.957965651420268	0.0	13.496684273310727	40.49005281993219	11.155422715695597	79.32745042272427	0.0	4.957965651420268	0.0	70.51328926464382	35.25664463232191	4.957965651420268	0.0	4.957965651420268	6.7483421366553635	4.957965651420268	4.957965651420268	4.957965651420268	6.7483421366553635	4.957965651420268	4.957965651420268	0.0	23.274894308056258	35.25664463232191	35.25664463232191	0.0	4.957965651420268	4.957965651420268	0.0	13.772126809500746	4.957965651420268	0.0	11.155422715695597	0.0	4.957965651420268	13.772126809500746	4.957965651420268	8.814161158080475	0.0	0.0	0.0	4.957965651420268	0.0	121.47015845979658	4.957965651420268	55.08850723800298	11.155422715695597	27.54425361900149	0.0	0.0	11.155422715695597	0.0	0.0	0.0	133.86507258834726	4.957965651420268	4.957965651420268	4.957965651420268	0.0	0.0	46.549788616112515	4.957965651420268	4.957965651420268	0.0	0.0	4.957965651420268	0.0	0.0	0.0	0.0	0.0	0.0	30.987285321376667	0.0	0.0	11.155422715695597	4.957965651420268	4.957965651420268	8.814161158080475	4.957965651420268	0.0	0.0	0.0	0.0	13.772126809500746	11.155422715695597	34.705759559941875	4.957965651420268	4.957965651420268	4.957965651420268	35.25664463232191	4.957965651420268	4.957965651420268	0.0	4.957965651420268	4.957965651420268	0.0	34.705759559941875	34.705759559941875	24.78982825710134	0.0	8.814161158080475	14.873896954260806	9.915931302840535	59.495587817043216	4.957965651420268	14.873896954260806	0.0	4.957965651420268	0.0	0.0	0.0	0.0	0.0	0.0	4.957965651420268	11.155422715695597	4.957965651420268	11.155422715695597	0.0	11.155422715695597	0.0	6.7483421366553635	0.0	0.0	0.0	19.831862605681067	0.0	4.957965651420268	0.0	0.0	0.0	0.0
CALYO1501346_acpa-rejette	acpa-rejette	0.0	0.0	0.0	0.0	0.0	0.0	0.0	0.0	0.0	0.0	0.0	0.0	0.0	0.0	0.0	0.0	0.0	0.0	0.0	0.0	0.0	11.26291557941601	0.0	0.0	0.0	0.0	0.0	0.0	0.0	0.0	0.0	0.0	0.0	0.0	22.52583115883202	0.0	0.0	0.0	0.0	0.0	0.0	202.73248042948816	0.0	0.0	0.0	0.0	0.0	0.0	0.0	0.0	0.0	0.0	11.26291557941601	0.0	0.0	11.26291557941601	20.022961030072906	0.0	0.0	0.0	0.0	0.0	0.0	0.0	0.0	0.0	0.0	0.0	25.34156005368601	20.022961030072906	0.0	0.0	0.0	0.0	0.0	0.0	0.0	33.78874673824803	33.78874673824803	0.0	0.0	0.0	0.0	0.0	0.0	11.26291557941601	0.0	0.0	0.0	0.0	0.0	0.0	0.0	0.0	101.36624021474408	0.0	0.0	0.0	0.0	0.0	0.0	45.05166231766403	0.0	0.0	0.0	0.0	0.0	0.0	0.0	0.0	180.20664927065616	0.0	0.0	0.0	0.0	0.0	0.0	0.0	0.0	0.0	0.0	0.0	0.0	0.0	0.0	0.0	0.0	0.0	0.0	0.0	140.7864447427001	0.0	0.0	0.0	0.0	0.0	0.0	0.0	0.0	0.0	0.0	0.0	0.0	11.26291557941601	0.0	0.0	30.660159077299134	0.0	0.0	45.05166231766403	0.0	0.0	0.0	0.0	0.0	0.0	0.0	0.0	0.0	31.285876609488916	25.34156005368601	0.0	0.0	0.0	0.0	0.0	0.0	0.0	76.02468016105803	0.0	45.990238615948705	0.0	90.10332463532806	11.26291557941601	0.0	0.0	0.0	0.0	0.0	0.0	0.0	0.0	0.0	0.0	0.0	0.0	0.0	0.0	0.0	0.0	0.0	0.0	0.0	0.0	0.0	0.0	0.0	0.0	0.0	0.0	0.0	0.0	0.0	0.0	0.0	0.0	22.52583115883202	22.52583115883202	0.0	22.52583115883202	0.0	0.0	312.8587660948892	0.0	156.4293830474446	25.34156005368601	0.0	0.0	0.0	0.0	0.0	0.0	0.0	0.0	0.0	11.26291557941601	11.26291557941601	0.0	0.0	0.0	22.52583115883202	0.0	0.0	22.52583115883202	0.0	50.68312010737202	0.0	0.0	0.0	70.39322237135005	0.0	0.0	0.0	0.0	0.0	0.0	0.0	0.0	0.0	0.0	0.0	31.285876609488916	0.0	0.0	0.0	0.0	0.0	0.0	11.26291557941601	11.26291557941601	0.0	0.0	0.0	11.26291557941601	0.0	0.0	0.0	0.0	0.0	0.0	0.0	0.0	0.0	33.78874673824804	0.0	0.0	0.0	0.0	11.26291557941601	0.0	0.0	25.34156005368601	0.0	0.0	0.0	0.0	0.0	25.34156005368601	0.0	45.990238615948705	45.05166231766404	0.0	0.0	0.0	0.0	0.0	0.0	0.0	50.68312010737202	22.52583115883202
CAROU1501728_acpa-rejette	acpa-rejette	0.0	0.0	0.0	0.0	27.089255256488237	0.0	0.0	13.544627628244118	0.0	0.0	0.0	121.90164865419705	0.0	24.07933800576732	13.544627628244118	0.0	0.0	0.0	0.0	0.0	0.0	0.0	0.0	0.0	0.0	0.0	0.0	0.0	0.0	0.0	0.0	0.0	0.0	0.0	0.0	0.0	0.0	0.0	0.0	0.0	0.0	0.0	0.0	0.0	121.90164865419705	0.0	0.0	0.0	0.0	24.07933800576732	0.0	0.0	0.0	0.0	0.0	0.0	0.0	0.0	18.435743160665602	0.0	0.0	0.0	0.0	0.0	0.0	0.0	13.544627628244118	0.0	0.0	0.0	0.0	0.0	0.0	0.0	0.0	0.0	24.07933800576732	0.0	0.0	0.0	0.0	0.0	0.0	0.0	0.0	0.0	0.0	0.0	0.0	0.0	0.0	0.0	0.0	30.47541216354925	0.0	0.0	0.0	0.0	0.0	0.0	0.0	54.17851051297646	0.0	37.62396563401144	37.62396563401144	0.0	0.0	0.0	0.0	30.47541216354925	216.7140420519059	0.0	0.0	0.0	0.0	0.0	0.0	0.0	0.0	0.0	0.0	0.0	0.0	0.0	30.47541216354925	0.0	0.0	0.0	0.0	0.0	0.0	0.0	0.0	0.0	0.0	0.0	0.0	0.0	0.0	0.0	0.0	54.17851051297646	84.65392267652572	0.0	13.544627628244118	13.544627628244118	18.435743160665602	0.0	0.0	54.17851051297646	0.0	0.0	0.0	0.0	0.0	0.0	0.0	0.0	0.0	37.62396563401144	0.0	0.0	0.0	0.0	24.07933800576732	24.07933800576732	0.0	0.0	0.0	0.0	18.435743160665602	0.0	0.0	13.544627628244118	0.0	0.0	0.0	0.0	0.0	24.07933800576732	0.0	0.0	0.0	0.0	0.0	92.17871580332802	0.0	0.0	0.0	0.0	0.0	0.0	0.0	0.0	0.0	0.0	188.1198281700572	0.0	0.0	0.0	0.0	0.0	0.0	0.0	0.0	0.0	0.0	0.0	0.0	0.0	0.0	0.0	75.24793126802288	0.0	37.62396563401144	30.47541216354925	0.0	0.0	30.47541216354925	0.0	0.0	0.0	0.0	0.0	0.0	0.0	0.0	0.0	0.0	0.0	0.0	0.0	0.0	0.0	0.0	0.0	0.0	24.07933800576732	0.0	0.0	0.0	135.8225159387813	0.0	0.0	0.0	0.0	0.0	0.0	0.0	0.0	0.0	37.62396563401144	0.0	0.0	0.0	0.0	0.0	0.0	0.0	0.0	0.0	0.0	0.0	0.0	0.0	0.0	0.0	0.0	0.0	0.0	0.0	54.17851051297646	0.0	13.544627628244118	0.0	0.0	0.0	0.0	0.0	0.0	0.0	30.47541216354925	0.0	0.0	0.0	30.47541216354925	0.0	0.0	0.0	0.0	0.0	135.8225159387813	135.8225159387813	0.0	0.0	0.0	0.0	13.544627628244118	0.0	0.0
CALYO1504370_acpa-rejette	acpa-rejette	0.0	0.0	0.0	0.0	0.0	0.0	0.0	0.0	0.0	12.106719781384976	0.0	61.29026889326144	0.0	0.0	0.0	0.0	0.0	0.0	0.0	0.0	0.0	0.0	0.0	0.0	0.0	12.106719781384976	0.0	0.0	0.0	0.0	0.0	0.0	0.0	0.0	0.0	0.0	6.8100298770290495	0.0	0.0	0.0	0.0	61.29026889326144	0.0	68.28946626687465	61.29026889326144	0.0	0.0	0.0	0.0	0.0	0.0	0.0	0.0	0.0	0.0	0.0	0.0	15.322567223315353	0.0	0.0	0.0	0.0	0.0	15.322567223315353	0.0	0.0	0.0	0.0	0.0	0.0	0.0	0.0	0.0	0.0	0.0	0.0	0.0	0.0	0.0	0.0	0.0	0.0	0.0	15.322567223315353	0.0	0.0	0.0	0.0	0.0	0.0	0.0	0.0	0.0	0.0	245.16107557304576	0.0	0.0	0.0	0.0	0.0	0.0	27.24011950811619	0.0	18.916749658414027	18.916749658414027	37.83349931682805	37.83349931682805	0.0	6.8100298770290495	0.0	108.96047803246479	0.0	0.0	0.0	0.0	0.0	0.0	0.0	15.322567223315353	0.0	0.0	0.0	0.0	0.0	0.0	0.0	0.0	0.0	0.0	0.0	0.0	0.0	37.076829330491485	15.322567223315353	0.0	0.0	0.0	68.28946626687465	0.0	15.322567223315353	6.8100298770290495	27.24011950811619	42.562686731431555	0.0	0.0	0.0	0.0	0.0	0.0	0.0	0.0	0.0	0.0	0.0	0.0	0.0	0.0	0.0	0.0	18.916749658414027	0.0	0.0	0.0	37.83349931682805	0.0	0.0	0.0	0.0	30.645134446630706	9.269207332622871	9.269207332622871	15.322567223315353	0.0	0.0	0.0	12.106719781384976	0.0	0.0	0.0	0.0	0.0	9.269207332622871	0.0	0.0	0.0	9.269207332622871	0.0	0.0	0.0	0.0	0.0	0.0	0.0	0.0	0.0	0.0	75.6669986336561	0.0	0.0	0.0	12.106719781384976	20.430089631087146	0.0	0.0	0.0	12.106719781384976	0.0	0.0	0.0	0.0	0.0	0.0	0.0	0.0	0.0	0.0	0.0	0.0	0.0	0.0	0.0	0.0	0.0	0.0	0.0	0.0	0.0	31.969306922719706	0.0	0.0	0.0	0.0	0.0	0.0	6.8100298770290495	15.322567223315353	0.0	0.0	0.0	42.562686731431555	0.0	0.0	0.0	0.0	0.0	0.0	0.0	0.0	0.0	0.0	0.0	0.0	0.0	0.0	0.0	0.0	0.0	0.0	0.0	0.0	0.0	6.8100298770290495	0.0	0.0	0.0	0.0	0.0	0.0	0.0	0.0	0.0	0.0	0.0	27.2401195081162	0.0	0.0	0.0	0.0	13.620059754058099	0.0	0.0	0.0	0.0	15.322567223315353	0.0	0.0	0.0	0.0	0.0	9.269207332622871	0.0	0.0	0.0	54.48023901623238	6.8100298770290495	0.0	0.0	0.0	0.0	0.0
CAROU1501321_acpa-rejette	acpa-rejette	0.0	0.0	0.0	0.0	0.0	0.0	0.0	0.0	0.0	0.0	0.0	0.0	0.0	0.0	0.0	54.11442719529154	0.0	19.187386927970405	5.396452573491676	0.0	0.0	0.0	0.0	0.0	0.0	0.0	12.142018290356265	0.0	0.0	5.396452573491676	0.0	0.0	0.0	0.0	0.0	0.0	0.0	0.0	0.0	0.0	0.0	48.56807316142508	5.396452573491676	0.0	0.0	0.0	5.396452573491676	43.171620587933404	0.0	0.0	0.0	0.0	5.396452573491676	0.0	0.0	0.0	0.0	12.142018290356265	7.34517155836367	0.0	5.396452573491676	0.0	0.0	36.42605487106879	0.0	0.0	0.0	0.0	12.142018290356265	0.0	0.0	0.0	12.142018290356265	0.0	0.0	0.0	0.0	0.0	0.0	50.66669360667185	50.66669360667185	50.66669360667185	0.0	0.0	0.0	5.396452573491676	0.0	0.0	10.792905146983353	0.0	0.0	0.0	54.11442719529154	0.0	97.13614632285017	0.0	0.0	0.0	0.0	0.0	0.0	0.0	0.0	44.97043811243064	44.97043811243064	0.0	0.0	0.0	5.396452573491676	0.0	86.34324117586682	0.0	0.0	0.0	0.0	0.0	0.0	9.593693463985202	0.0	0.0	0.0	0.0	0.0	43.171620587933404	0.0	5.396452573491676	0.0	5.396452573491676	0.0	0.0	67.45565716864594	5.396452573491676	0.0	0.0	5.396452573491676	0.0	0.0	0.0	0.0	0.0	10.792905146983353	0.0	0.0	0.0	0.0	0.0	0.0	0.0	0.0	0.0	0.0	0.0	0.0	0.0	0.0	0.0	0.0	5.396452573491676	0.0	14.99014603747688	12.142018290356265	0.0	0.0	0.0	0.0	0.0	0.0	0.0	0.0	0.0	29.38068623345468	0.0	43.171620587933404	0.0	0.0	0.0	0.0	0.0	0.0	0.0	0.0	7.34517155836367	0.0	0.0	0.0	0.0	0.0	0.0	0.0	0.0	0.0	0.0	9.593693463985202	0.0	0.0	0.0	314.7930667870145	0.0	0.0	12.142018290356265	0.0	0.0	29.98029207495376	0.0	0.0	0.0	0.0	0.0	0.0	0.0	0.0	0.0	89.94087622486128	12.142018290356265	44.97043811243064	0.0	0.0	12.142018290356265	12.142018290356265	10.792905146983353	0.0	97.13614632285017	0.0	0.0	0.0	0.0	0.0	0.0	0.0	0.0	0.0	0.0	0.0	0.0	0.0	0.0	0.0	0.0	5.396452573491676	101.18348575296892	5.396452573491676	0.0	12.142018290356265	0.0	0.0	0.0	0.0	0.0	0.0	9.593693463985202	0.0	0.0	0.0	0.0	0.0	0.0	0.0	0.0	0.0	0.0	5.396452573491676	0.0	0.0	0.0	0.0	0.0	0.0	0.0	0.0	0.0	0.0	21.585810293966702	0.0	21.58581029396671	9.593693463985202	0.0	5.396452573491676	5.396452573491676	0.0	14.99014603747688	12.142018290356265	0.0	5.396452573491676	0.0	0.0	0.0	0.0	0.0	19.187386927970405	7.34517155836367	0.0	0.0	0.0	64.7574308819001	0.0	0.0	0.0	5.396452573491676	12.142018290356265	0.0
CAROU1406104_acpa-rejette	acpa-rejette	0.0	0.0	0.0	0.0	0.0	0.0	0.0	0.0	9.331142549964099	0.0	0.0	0.0	0.0	0.0	0.0	0.0	0.0	0.0	0.0	0.0	0.0	9.331142549964099	0.0	0.0	9.331142549964099	0.0	0.0	0.0	33.177395733205685	9.331142549964099	0.0	0.0	0.0	0.0	0.0	0.0	0.0	0.0	93.57062390380668	16.588697866602843	0.0	83.98028294967689	9.331142549964099	0.0	83.98028294967689	0.0	0.0	0.0	0.0	0.0	16.588697866602843	0.0	0.0	0.0	0.0	18.662285099928198	0.0	20.995070737419212	12.700721804117801	0.0	0.0	0.0	0.0	0.0	0.0	0.0	0.0	0.0	0.0	0.0	0.0	0.0	0.0	0.0	0.0	0.0	0.0	9.331142549964099	9.331142549964099	0.0	0.0	0.0	0.0	0.0	0.0	0.0	20.995070737419212	0.0	9.331142549964099	0.0	0.0	0.0	0.0	0.0	0.0	0.0	0.0	0.0	0.0	0.0	0.0	0.0	0.0	25.919840416566945	25.919840416566945	0.0	0.0	0.0	0.0	0.0	149.29828079942558	33.177395733205685	12.700721804117801	0.0	0.0	0.0	0.0	0.0	20.995070737419212	0.0	0.0	0.0	0.0	0.0	0.0	9.331142549964099	0.0	9.331142549964099	0.0	0.0	116.63928187455123	0.0	0.0	0.0	9.331142549964099	0.0	0.0	0.0	0.0	20.995070737419212	0.0	0.0	58.319640937275615	0.0	0.0	0.0	0.0	0.0	0.0	37.324570199856396	0.0	0.0	0.0	0.0	43.804530303998135	0.0	0.0	18.662285099928198	0.0	25.919840416566945	20.995070737419212	0.0	0.0	0.0	0.0	0.0	0.0	0.0	41.990141474838424	12.700721804117801	38.10216541235341	20.995070737419212	74.64914039971279	0.0	0.0	0.0	0.0	0.0	0.0	0.0	9.331142549964099	0.0	0.0	0.0	0.0	0.0	0.0	0.0	0.0	0.0	0.0	0.0	0.0	0.0	0.0	0.0	181.43888291596863	0.0	0.0	20.995070737419212	0.0	0.0	25.919840416566945	0.0	0.0	0.0	9.331142549964099	9.331142549964099	0.0	9.331142549964099	342.9194887111807	0.0	0.0	0.0	0.0	0.0	0.0	0.0	20.995070737419212	0.0	0.0	83.98028294967689	0.0	0.0	0.0	0.0	0.0	43.804530303998135	0.0	0.0	9.331142549964099	0.0	0.0	9.331142549964099	0.0	0.0	16.588697866602843	0.0	0.0	58.319640937275615	27.9934276498923	0.0	0.0	0.0	0.0	0.0	0.0	16.588697866602843	0.0	0.0	0.0	0.0	0.0	0.0	0.0	0.0	0.0	0.0	0.0	0.0	0.0	0.0	0.0	9.331142549964099	0.0	0.0	0.0	0.0	0.0	0.0	0.0	0.0	0.0	0.0	0.0	0.0	18.662285099928198	9.331142549964099	0.0	25.919840416566945	20.995070737419212	20.995070737419212	0.0	0.0	0.0	0.0	0.0	0.0	0.0	0.0	9.331142549964099	0.0	0.0	74.64914039971279	0.0	0.0	0.0	0.0	62.98521221225764	9.331142549964099
CAPAR1305998_acpa-rejette	acpa-rejette	0.0	0.0	0.0	0.0	0.0	0.0	0.0	0.0	0.0	0.0	0.0	131.67061378031846	0.0	0.0	0.0	0.0	0.0	0.0	0.0	0.0	0.0	0.0	0.0	0.0	14.630068197813165	0.0	0.0	0.0	0.0	0.0	0.0	0.0	0.0	0.0	0.0	0.0	0.0	0.0	0.0	0.0	0.0	0.0	0.0	0.0	0.0	0.0	0.0	58.520272791252644	0.0	0.0	0.0	0.0	0.0	0.0	0.0	0.0	0.0	0.0	0.0	0.0	0.0	0.0	0.0	0.0	0.0	0.0	0.0	0.0	0.0	0.0	0.0	0.0	0.0	0.0	0.0	0.0	0.0	0.0	0.0	0.0	0.0	0.0	0.0	0.0	0.0	0.0	0.0	0.0	0.0	0.0	0.0	0.0	0.0	0.0	0.0	0.0	0.0	234.08109116501063	0.0	0.0	0.0	0.0	0.0	0.0	0.0	0.0	0.0	0.0	0.0	0.0	0.0	0.0	0.0	0.0	0.0	0.0	0.0	0.0	0.0	0.0	0.0	0.0	0.0	58.520272791252644	0.0	0.0	0.0	0.0	0.0	0.0	0.0	0.0	19.913148380356805	0.0	0.0	0.0	0.0	0.0	0.0	0.0	0.0	0.0	0.0	0.0	0.0	0.0	0.0	0.0	0.0	0.0	0.0	0.0	0.0	0.0	0.0	0.0	0.0	0.0	0.0	0.0	0.0	0.0	0.0	0.0	0.0	0.0	0.0	0.0	0.0	0.0	0.0	0.0	0.0	0.0	0.0	0.0	0.0	0.0	0.0	0.0	0.0	19.913148380356805	0.0	0.0	0.0	59.739445141070405	0.0	0.0	0.0	68.68004237306735	0.0	0.0	0.0	0.0	0.0	0.0	0.0	0.0	0.0	0.0	0.0	0.0	0.0	0.0	0.0	0.0	0.0	0.0	0.0	0.0	0.0	0.0	0.0	0.0	0.0	0.0	0.0	0.0	0.0	0.0	0.0	131.67061378031846	0.0	0.0	0.0	0.0	0.0	0.0	0.0	0.0	0.0	0.0	0.0	0.0	0.0	0.0	0.0	0.0	0.0	0.0	0.0	0.0	0.0	0.0	0.0	0.0	0.0	0.0	0.0	0.0	0.0	0.0	32.9176534450796	0.0	0.0	0.0	0.0	0.0	0.0	0.0	0.0	0.0	0.0	0.0	0.0	0.0	0.0	0.0	0.0	0.0	0.0	0.0	0.0	14.630068197813166	0.0	0.0	0.0	0.0	0.0	40.639078327258794	0.0	0.0	0.0	0.0	0.0	0.0	26.009010129445624	0.0	0.0	0.0	0.0	0.0	0.0	58.520272791252644	14.630068197813165	0.0	0.0	0.0	0.0	0.0
CAFOR1400518_acpa-rejette	acpa-rejette	0.0	8.735679248085587	39.31055661638512	0.0	0.0	0.0	0.0	0.0	0.0	0.0	0.0	0.0	0.0	0.0	0.0	0.0	0.0	0.0	0.0	0.0	0.0	0.0	0.0	0.0	0.0	0.0	0.0	0.0	0.0	0.0	0.0	0.0	0.0	0.0	0.0	0.0	0.0	0.0	0.0	0.0	69.88543398468468	0.0	0.0	0.0	0.0	0.0	0.0	0.0	0.0	0.0	0.0	0.0	0.0	15.53009644104104	15.53009644104104	0.0	0.0	0.0	23.780460175344093	0.0	17.471358496171174	0.0	0.0	0.0	0.0	0.0	0.0	8.735679248085587	0.0	0.0	0.0	0.0	19.65527830819256	0.0	0.0	0.0	0.0	0.0	0.0	123.02748274387201	123.02748274387201	123.02748274387201	0.0	0.0	0.0	0.0	0.0	0.0	0.0	0.0	0.0	0.0	0.0	0.0	0.0	0.0	0.0	0.0	0.0	0.0	0.0	0.0	0.0	48.53155137825326	48.53155137825326	0.0	0.0	0.0	0.0	19.65527830819256	139.7708679693694	0.0	11.890230087672046	0.0	0.0	0.0	0.0	0.0	0.0	0.0	0.0	0.0	0.0	34.94271699234234	0.0	0.0	0.0	0.0	0.0	0.0	54.597995300534905	0.0	35.67069026301615	0.0	0.0	0.0	0.0	0.0	0.0	0.0	0.0	0.0	0.0	0.0	0.0	0.0	0.0	0.0	15.53009644104104	0.0	0.0	0.0	0.0	0.0	0.0	0.0	0.0	0.0	0.0	0.0	0.0	0.0	8.735679248085587	0.0	0.0	0.0	0.0	0.0	0.0	0.0	0.0	0.0	0.0	0.0	0.0	0.0	0.0	0.0	0.0	0.0	0.0	0.0	0.0	0.0	0.0	35.67069026301615	0.0	0.0	0.0	0.0	0.0	0.0	0.0	0.0	0.0	0.0	72.7973270673799	0.0	46.59028932312313	0.0	0.0	0.0	0.0	0.0	0.0	0.0	0.0	0.0	0.0	0.0	0.0	0.0	0.0	0.0	0.0	0.0	0.0	0.0	0.0	0.0	0.0	0.0	0.0	0.0	0.0	0.0	0.0	0.0	0.0	0.0	0.0	0.0	0.0	0.0	0.0	0.0	0.0	0.0	0.0	0.0	0.0	0.0	0.0	0.0	0.0	0.0	0.0	0.0	15.53009644104104	0.0	0.0	0.0	0.0	0.0	0.0	0.0	0.0	0.0	0.0	0.0	0.0	0.0	0.0	0.0	0.0	0.0	0.0	0.0	0.0	0.0	0.0	0.0	0.0	17.471358496171177	0.0	0.0	0.0	0.0	0.0	0.0	0.0	0.0	0.0	0.0	0.0	0.0	0.0	0.0	0.0	0.0	0.0	0.0	0.0	69.88543398468468	0.0	0.0	15.53009644104104	0.0	0.0	0.0
CAPAR1411380_acpa-rejette	acpa-rejette	0.0	11.14021074855802	0.0	0.0	11.14021074855802	0.0	0.0	0.0	0.0	0.0	0.0	0.0	0.0	0.0	0.0	0.0	0.0	0.0	0.0	0.0	0.0	0.0	0.0	11.14021074855802	0.0	0.0	0.0	0.0	0.0	0.0	11.14021074855802	0.0	0.0	0.0	0.0	0.0	0.0	0.0	0.0	0.0	44.56084299423208	0.0	0.0	0.0	0.0	0.0	0.0	0.0	0.0	0.0	0.0	0.0	0.0	0.0	0.0	0.0	0.0	0.0	0.0	0.0	0.0	0.0	0.0	0.0	0.0	0.0	0.0	0.0	0.0	0.0	0.0	0.0	0.0	0.0	0.0	0.0	0.0	0.0	0.0	0.0	0.0	0.0	0.0	0.0	0.0	0.0	0.0	0.0	0.0	0.0	0.0	0.0	0.0	0.0	0.0	0.0	0.0	0.0	0.0	0.0	0.0	0.0	0.0	0.0	0.0	0.0	0.0	0.0	0.0	0.0	178.24337197692833	0.0	0.0	0.0	0.0	0.0	0.0	0.0	0.0	0.0	0.0	0.0	0.0	0.0	0.0	0.0	0.0	0.0	0.0	0.0	0.0	0.0	0.0	0.0	0.0	0.0	0.0	0.0	0.0	0.0	0.0	0.0	0.0	0.0	0.0	0.0	0.0	0.0	0.0	0.0	0.0	0.0	0.0	0.0	0.0	0.0	0.0	0.0	0.0	0.0	0.0	0.0	0.0	0.0	0.0	0.0	0.0	0.0	0.0	0.0	0.0	0.0	0.0	0.0	0.0	0.0	0.0	0.0	0.0	0.0	0.0	15.163064629981749	11.14021074855802	0.0	0.0	0.0	0.0	0.0	0.0	0.0	0.0	0.0	0.0	0.0	0.0	0.0	0.0	0.0	0.0	0.0	0.0	0.0	0.0	0.0	0.0	0.0	0.0	0.0	0.0	0.0	136.46758166983577	0.0	61.89005971421124	0.0	30.94502985710562	25.065474184255535	0.0	0.0	0.0	0.0	0.0	0.0	0.0	0.0	0.0	0.0	0.0	0.0	0.0	0.0	0.0	0.0	0.0	0.0	0.0	0.0	0.0	0.0	0.0	0.0	0.0	0.0	0.0	0.0	0.0	0.0	0.0	0.0	0.0	0.0	0.0	0.0	0.0	0.0	0.0	0.0	0.0	0.0	0.0	0.0	0.0	0.0	0.0	0.0	0.0	0.0	0.0	0.0	0.0	0.0	0.0	0.0	0.0	0.0	0.0	0.0	0.0	0.0	0.0	30.94502985710562	25.065474184255535	0.0	0.0	0.0	0.0	0.0	0.0	0.0	0.0	0.0	0.0	0.0	0.0	0.0	0.0	0.0	0.0	0.0	0.0	0.0
CADIJ1500876_acpa-rejette	acpa-rejette	3.9731746120025355	0.0	17.879285754011402	3.9731746120025355	0.0	28.253686129795813	0.0	0.0	3.9731746120025355	0.0	3.9731746120025355	178.79285754011408	28.253686129795813	0.0	0.0	0.0	0.0	0.0	0.0	3.9731746120025355	3.9731746120025355	0.0	3.9731746120025355	0.0	0.0	0.0	8.939642877005701	3.9731746120025355	0.0	0.0	0.0	0.0	3.9731746120025355	3.9731746120025355	0.0	27.812222284017746	3.9731746120025355	3.9731746120025355	0.0	0.0	15.892698448010142	35.758571508022825	0.0	0.0	35.758571508022825	28.253686129795813	0.0	15.892698448010142	28.253686129795813	0.0	0.0	7.063421532448952	0.0	0.0	0.0	0.0	0.0	0.0	16.223796332343685	3.9731746120025355	0.0	3.9731746120025355	0.0	17.879285754011402	0.0	3.9731746120025355	0.0	0.0	0.0	0.0	7.946349224005071	7.946349224005071	0.0	0.0	0.0	0.0	0.0	0.0	0.0	0.0	0.0	0.0	0.0	8.939642877005701	17.879285754011402	0.0	8.939642877005701	0.0	0.0	3.9731746120025355	3.9731746120025355	0.0	0.0	8.939642877005701	107.27571452406846	3.9731746120025355	3.9731746120025355	63.57079379204057	28.253686129795813	7.063421532448952	0.0	0.0	3.9731746120025355	33.10978843335447	33.10978843335447	44.146384577805954	44.146384577805954	3.9731746120025355	0.0	0.0	0.0	0.0	10.815864221562459	3.9731746120025355	3.9731746120025355	7.946349224005071	3.9731746120025355	0.0	0.0	3.9731746120025355	3.9731746120025355	3.9731746120025355	0.0	0.0	8.939642877005701	0.0	0.0	0.0	3.9731746120025355	3.9731746120025355	0.0	0.0	32.44759266468737	8.939642877005701	0.0	7.063421532448952	3.9731746120025355	0.0	3.9731746120025355	0.0	0.0	31.785396896020284	24.832341325015843	3.9731746120025355	3.9731746120025355	3.9731746120025355	5.407932110781229	3.9731746120025355	0.0	0.0	3.9731746120025355	3.9731746120025355	3.9731746120025355	3.9731746120025355	18.651847484123014	3.9731746120025355	7.946349224005071	0.0	3.9731746120025355	11.036596144451488	0.0	7.063421532448952	3.9731746120025355	44.146384577805954	0.0	0.0	7.946349224005071	7.946349224005071	0.0	5.407932110781229	0.0	0.0	0.0	0.0	3.9731746120025355	0.0	56.50737225959163	28.253686129795813	3.9731746120025355	0.0	0.0	10.815864221562459	0.0	3.9731746120025355	3.9731746120025355	10.815864221562459	7.946349224005071	7.946349224005071	0.0	18.651847484123014	28.253686129795813	28.253686129795813	0.0	7.946349224005071	7.946349224005071	0.0	22.073192288902977	7.946349224005071	0.0	0.0	0.0	0.0	11.036596144451488	3.9731746120025355	0.0	0.0	0.0	0.0	3.9731746120025355	0.0	97.34277799406213	3.9731746120025355	44.146384577805954	8.939642877005701	22.073192288902977	0.0	0.0	8.939642877005701	0.0	0.0	0.0	178.79285754011408	3.9731746120025355	3.9731746120025355	3.9731746120025355	3.9731746120025355	3.9731746120025355	0.0	3.9731746120025355	3.9731746120025355	0.0	7.063421532448952	3.9731746120025355	0.0	3.9731746120025355	0.0	0.0	0.0	3.9731746120025355	24.832341325015843	0.0	0.0	8.939642877005701	3.9731746120025355	3.9731746120025355	0.0	11.919523836007606	0.0	0.0	0.0	0.0	22.073192288902977	8.939642877005701	23.839047672015212	3.9731746120025355	3.9731746120025355	3.9731746120025355	28.253686129795813	0.0	0.0	0.0	0.0	3.9731746120025355	0.0	7.946349224005071	7.946349224005071	3.9731746120025355	0.0	0.0	19.865873060012678	7.946349224005071	47.67809534403042	3.9731746120025355	7.946349224005073	0.0	0.0	0.0	0.0	0.0	0.0	0.0	0.0	0.0	17.879285754011402	3.9731746120025355	8.939642877005701	0.0	8.939642877005701	0.0	0.0	0.0	0.0	0.0	15.892698448010142	0.0	3.9731746120025355	0.0	0.0	0.0	0.0
CANIM1601140_acpa-rejette	acpa-rejette	0.0	0.0	0.0	0.0	0.0	0.0	0.0	0.0	0.0	0.0	0.0	0.0	0.0	0.0	0.0	0.0	8.883781214551615	0.0	8.883781214551615	0.0	0.0	0.0	0.0	0.0	0.0	0.0	0.0	0.0	0.0	0.0	0.0	0.0	0.0	0.0	8.883781214551615	0.0	0.0	0.0	0.0	0.0	0.0	0.0	0.0	0.0	0.0	0.0	8.883781214551615	0.0	0.0	0.0	0.0	0.0	0.0	0.0	0.0	0.0	0.0	0.0	0.0	0.0	0.0	0.0	0.0	0.0	0.0	0.0	0.0	8.883781214551615	0.0	0.0	0.0	0.0	0.0	0.0	0.0	0.0	0.0	0.0	0.0	41.704417368311745	41.704417368311745	41.704417368311745	15.793388825869535	0.0	39.977015465482246	0.0	0.0	0.0	0.0	0.0	0.0	0.0	0.0	0.0	239.86209279289355	0.0	0.0	0.0	0.0	0.0	0.0	0.0	0.0	0.0	0.0	74.03151012126345	74.03151012126345	0.0	0.0	0.0	0.0	0.0	12.091813319806363	0.0	0.0	0.0	0.0	0.0	0.0	0.0	0.0	0.0	0.0	35.53512485820645	0.0	0.0	0.0	0.0	0.0	0.0	0.0	0.0	0.0	0.0	0.0	0.0	0.0	0.0	0.0	0.0	0.0	0.0	0.0	0.0	0.0	0.0	12.091813319806363	0.0	0.0	35.53512485820645	0.0	0.0	0.0	0.0	0.0	0.0	0.0	0.0	0.0	0.0	0.0	0.0	0.0	74.03151012126345	0.0	0.0	0.0	0.0	0.0	12.091813319806363	0.0	0.0	0.0	0.0	0.0	0.0	0.0	0.0	0.0	0.0	0.0	0.0	0.0	0.0	0.0	0.0	0.0	0.0	0.0	0.0	0.0	0.0	0.0	0.0	0.0	15.793388825869535	0.0	0.0	0.0	0.0	0.0	0.0	0.0	0.0	0.0	0.0	0.0	0.0	0.0	0.0	0.0	0.0	49.354340080842306	0.0	24.677170040421153	0.0	0.0	0.0	0.0	8.883781214551615	0.0	0.0	0.0	0.0	0.0	0.0	0.0	0.0	0.0	0.0	0.0	0.0	0.0	0.0	0.0	19.988507732741123	0.0	0.0	0.0	0.0	0.0	0.0	0.0	0.0	0.0	0.0	0.0	0.0	0.0	0.0	15.793388825869535	0.0	0.0	0.0	0.0	0.0	0.0	0.0	0.0	0.0	17.76756242910323	0.0	0.0	0.0	0.0	0.0	0.0	178.16916769184073	0.0	0.0	0.0	0.0	0.0	35.535124858206466	0.0	8.883781214551615	0.0	0.0	0.0	0.0	0.0	0.0	0.0	0.0	0.0	0.0	0.0	0.0	0.0	12.091813319806363	0.0	0.0	0.0	0.0	0.0	0.0	0.0	0.0	0.0	0.0
CAPAR1507851_acpa-rejette	acpa-rejette	0.0	0.0	0.0	0.0	0.0	0.0	0.0	0.0	0.0	0.0	0.0	0.0	0.0	0.0	0.0	0.0	0.0	0.0	0.0	0.0	0.0	0.0	0.0	0.0	0.0	0.0	0.0	0.0	0.0	0.0	0.0	0.0	0.0	0.0	0.0	0.0	0.0	0.0	0.0	0.0	0.0	0.0	0.0	0.0	0.0	0.0	0.0	0.0	0.0	0.0	0.0	0.0	0.0	0.0	0.0	0.0	0.0	0.0	0.0	0.0	0.0	0.0	0.0	79.83875952355399	0.0	0.0	0.0	0.0	0.0	0.0	0.0	0.0	0.0	0.0	0.0	0.0	0.0	0.0	0.0	0.0	0.0	0.0	0.0	0.0	0.0	0.0	0.0	0.0	0.0	0.0	0.0	0.0	0.0	0.0	0.0	0.0	0.0	0.0	0.0	0.0	0.0	0.0	0.0	98.5663697821655	0.0	0.0	0.0	0.0	0.0	0.0	0.0	0.0	0.0	0.0	0.0	0.0	0.0	0.0	0.0	0.0	0.0	0.0	0.0	0.0	0.0	0.0	0.0	0.0	0.0	0.0	0.0	0.0	96.59504238652215	0.0	0.0	0.0	0.0	0.0	0.0	0.0	0.0	0.0	0.0	0.0	35.48389312157957	35.48389312157957	48.297521193261076	0.0	0.0	0.0	0.0	0.0	0.0	0.0	0.0	0.0	0.0	0.0	0.0	0.0	0.0	0.0	0.0	0.0	0.0	0.0	0.0	0.0	0.0	0.0	0.0	0.0	0.0	0.0	0.0	0.0	0.0	0.0	0.0	0.0	0.0	0.0	0.0	0.0	0.0	0.0	0.0	0.0	0.0	0.0	0.0	0.0	0.0	0.0	0.0	0.0	197.132739564331	0.0	0.0	0.0	0.0	0.0	0.0	0.0	0.0	0.0	0.0	0.0	0.0	0.0	0.0	0.0	0.0	0.0	0.0	0.0	0.0	0.0	0.0	0.0	0.0	0.0	0.0	0.0	0.0	0.0	0.0	0.0	0.0	0.0	0.0	0.0	0.0	0.0	0.0	0.0	0.0	0.0	0.0	0.0	0.0	0.0	0.0	0.0	0.0	0.0	0.0	0.0	0.0	0.0	0.0	0.0	0.0	0.0	0.0	0.0	0.0	0.0	0.0	0.0	35.48389312157957	0.0	0.0	0.0	0.0	0.0	0.0	0.0	0.0	0.0	0.0	0.0	0.0	0.0	0.0	0.0	0.0	0.0	0.0	0.0	0.0	0.0	0.0	0.0	0.0	0.0	0.0	0.0	0.0	0.0	0.0	0.0	0.0	141.93557248631828	0.0	0.0	0.0	0.0	0.0	0.0
