@id	@sens-resultat	absence de décision	abus de procédure	abus leur droit	abusif en application	abusif pouvoir	abusif à hauteur	accorder	acquitter	adversaire	affaire	agir	agir en justice	ailleurs	ajouter	allouer	alléguer	alors	an	août	appartenir	appel et payer	appel interjeter	appelant	appelant qui pouvoir	appréciation	après	article	articler	atteindre	attribution	aucun	audience	auquel	autre demande	avant	avocat	avocat engager	avril	axiome bâtiment	axiome ne caractériser	bien	bâtiment	caractère	caractère abusif	caractériser	cause	cause de appel	causer	celui	celui qui agir	chef	circonstance	circonstance particulier	civil	civil attendu	civil celui	civil condamner	code	code civil	code de procédure	coder	coder de procédure	comme	comprendre	compte	condamnation	condamnation au titre	condamnation de monsieur	condamnation ne appartenir	condamne	condamner	condamner monsieur	condamner à verser	confirmation	confirme	confirmer le décision	confirmer le jugement	conseil	consort	consort riehl	constituer	constitutif	contestation	contester	contractuel	contraindre	contrat	contrat de travail	convenir	convenir convier	convier	convier en conséquence	demande	demande de dommage	demande de dommages	demande fin	demande former	demande reconventionnel	demander	dette	deux	devant le cour	devoir	devoir se étendre	dilatoire	dilatoire ou abusif	dispos	disposer	dit	dommage	dommage et intérêt	dommages	dommages intérêts	droit de agir	dès	dès lors	débat	déboute	débouter	décembre	décision	décision devoir	défendre	déférer	dégénérer en abus	délai	démontrer	dépens	dépens de appel	dépens de premier	dépourvue	détailler	effet	encontre	encontre du appelant	entreprendre	euro	euro en application	euro par application	euro sans préjudice	exécution	faire	fait	faute même non	fin	financier	fixer	foi fois	fois	fonder	former	formuler	frais	frais de avocat	frais irrépétibles	français	février	gain	gain de cause	grossier ou dolosif	hauteur	hauteur de appel	in	in solidum	indemnisation	initiative	instance	interjeter	intimer	intérêt pour abus	intérêts	inéquitable	inéquitable de laisser	irrépétibles	jacques	jacques riehl	janvier	juge	jugement	jugement déférer	jugement entreprendre	jugement rendre	juridiction	justement	justice	justice de manière	laisser	lequel	lieu	lieu à application	lors	légitimement penser	madame	madame michelle	madame michelle riehl	manifestement	manière	manière dilatoire	maximum	mener	mois	monsieur	monsieur p	moyen	nature	ni	non	nouveau	obligation	observation	observation oral	observer	obtenir gain	oral	outre	particulier	partie	partie qui pouvoir	payer	payer le somme	payer payer	payer un amende	pendant	penser	percevoir	pierre	pourtant	pouvoir	pouvoir légitimement	pouvoir être recevable	premier foi fois	premier juge	procédure	procédure civil	procédure civil condamner	procédure civil déclare	procédure civil vu	produire	profit	prononcer	précisément	préjudice	préjudice du dommages	présent	public	qualité pour solliciter	quoi le consort	raison	reconnaître	reconventionnel	recours	rejet	rejeter	rendre	revanche	riehl	riehl avoir faire	riehl in	réclamer	réformer	réformer le jugement	régler	régulier	résulter	saisir	salaire	sarl axiome	savoir	sci	seulement	société axiome	solliciter	solliciter le condamnation	somme	sommer	soutenir	statuer	subir	suivant	supporter	supporter le dépens	surplus	tel	tel condamnation	texte	titre de amende	titre du disposition	toujours	tout	travail	tribunal	trésor	trésor public	verser	verser du dommage	verser un amende	verser à madame	verser à monsieur	vocation	vu
CAVER1501501_acpa-accepte	acpa-accepte	0.0	0.0	0.0	0.0	0.0	0.0	0.0	0.044242374642601646	0.02583206961749616	0.025408593066389665	0.06514080082895742	0.0	0.044242374642601646	0.0	0.07573897045341535	0.0	0.02583206961749616	0.0	0.0	0.0	0.0	0.0	0.025408593066389665	0.0	0.0	0.0	0.03667381469735476	0.0	0.0	0.04497974755331167	0.0	0.044242374642601646	0.0	0.0	0.044242374642601646	0.0	0.0	0.0	0.0	0.0	0.0	0.0	0.07573897045341535	0.044242374642601646	0.0	0.0	0.0	0.07573897045341535	0.06514080082895742	0.0	0.0	0.05690518887720336	0.025408593066389665	0.03850750543222251	0.0	0.0	0.0	0.03667381469735476	0.0	0.03667381469735476	0.0	0.0	0.0	0.0	0.0	0.0	0.0	0.0	0.0	0.11241278515077012	0.03667381469735476	0.0	0.0	0.0	0.0	0.0	0.0	0.044242374642601646	0.0	0.0	0.0	0.0	0.11428633156994962	0.02583206961749616	0.11241278515077012	0.044242374642601646	0.0	0.0	0.043103063205306526	0.043103063205306526	0.043103063205306526	0.0	0.03667381469735476	0.0	0.0	0.0	0.0	0.044242374642601646	0.025408593066389665	0.044242374642601646	0.07573897045341535	0.0	0.0	0.0	0.08734543784790817	0.0	0.044242374642601646	0.0	0.0	0.0	0.0	0.03254648233784083	0.03254648233784083	0.0	0.0	0.0	0.0	0.0	0.0	0.0	0.0	0.0	0.044242374642601646	0.0	0.0	0.0457171204640217	0.0	0.03667381469735476	0.0	0.0	0.0	0.0	0.0	0.025408593066389665	0.0	0.0	0.0	0.0	0.0	0.0	0.044242374642601646	0.0	0.07573897045341535	0.0	0.025408593066389665	0.0	0.0	0.0	0.0	0.0	0.0	0.0	0.02089842618635577	0.0	0.025408593066389665	0.0	0.0	0.0	0.0	0.0	0.0	0.0	0.025408593066389665	0.0	0.0	0.0	0.03307142560135439	0.0	0.044242374642601646	0.0	0.03254648233784083	0.0	0.0	0.025408593066389665	0.0	0.0	0.0	0.0212467332894617	0.0	0.0	0.0	0.0	0.0	0.0	0.0	0.0	0.0	0.0	0.02089842618635577	0.0	0.0	0.0	0.0	0.0	0.0	0.11241278515077012	0.0	0.0	0.0	0.044242374642601646	0.044242374642601646	0.03359636886486795	0.04497974755331167	0.0	0.0	0.0	0.0	0.0	0.044242374642601646	0.0	0.0	0.0	0.0	0.0	0.0	0.025408593066389665	0.07573897045341535	0.0	0.0	0.0	0.0	0.0	0.11241278515077012	0.0	0.0	0.0	0.0	0.06514080082895742	0.0	0.0	0.0	0.043103063205306526	0.039118735677178426	0.03667381469735476	0.0	0.0	0.0	0.0	0.0	0.044242374642601646	0.0	0.054840544267059574	0.0	0.0	0.0	0.0	0.0	0.044242374642601646	0.044242374642601646	0.025408593066389665	0.044242374642601646	0.0	0.0	0.0	0.0	0.0	0.0	0.0	0.0	0.0	0.0	0.0	0.0	0.0	0.0	0.0	0.0	0.0	0.0833128674987569	0.044242374642601646	0.0	0.0	0.0	0.019461574295419035	0.0	0.0	0.025408593066389665	0.0	0.0	0.0314965958108137	0.0	0.0	0.0	0.0	0.0	0.0	0.0	0.044242374642601646	0.0	0.0	0.0	0.0	0.0	0.044242374642601646	0.0	0.0	0.0	0.025408593066389665	0.0	0.0
CACHA1502356_acpa-accepte	acpa-accepte	0.0	0.0	0.0	0.0	0.05774378948559038	0.04489436584101123	0.0	0.0	0.0	0.0	0.0677532872364191	0.05918738422273015	0.0	0.0	0.07877649882744066	0.0	0.0	0.0	0.0	0.0	0.0	0.0	0.0	0.0	0.0	0.0	0.040935696463395115	0.0	0.0	0.0	0.0	0.0	0.0	0.0	0.0	0.02642761038232601	0.0	0.0	0.0	0.0	0.0	0.0	0.0	0.0	0.0	0.0	0.0	0.07685512080725918	0.0677532872364191	0.05774378948559038	0.0	0.05774378948559038	0.0	0.04558748015241728	0.0	0.04489436584101123	0.0	0.040005339725590686	0.0	0.040005339725590686	0.0	0.0	0.0	0.04489436584101123	0.0	0.0	0.0	0.0	0.0	0.0	0.038144626249981814	0.0	0.07685512080725918	0.0	0.0	0.0	0.0	0.0	0.0	0.0	0.0	0.04489436584101123	0.11406939031943655	0.0	0.0	0.0	0.0	0.0	0.043738264594503466	0.043738264594503466	0.043738264594503466	0.04489436584101123	0.038144626249981814	0.0	0.0	0.0	0.0	0.0	0.0	0.0	0.07877649882744066	0.0	0.0	0.0	0.0886326304355147	0.05774378948559038	0.0	0.0	0.0	0.035955849337028924	0.035955849337028924	0.0	0.0	0.0	0.0	0.0	0.0	0.0	0.0	0.0	0.021736562249382578	0.0	0.0	0.0	0.0	0.0	0.0	0.038144626249981814	0.0	0.0	0.0	0.0	0.025783034519342444	0.0	0.0	0.0	0.022796882359108556	0.0	0.0	0.0	0.0	0.02642761038232601	0.07685512080725918	0.0	0.0	0.0	0.0	0.027072186245309566	0.027072186245309566	0.0	0.0	0.0	0.021206402194519587	0.0	0.0	0.0	0.0	0.0	0.0	0.0	0.043738264594503466	0.0	0.0	0.0	0.0	0.0	0.0	0.0	0.0	0.0	0.0	0.04489436584101123	0.04489436584101123	0.0	0.0	0.0	0.0	0.022796882359108556	0.0	0.0	0.0	0.0	0.0	0.04489436584101123	0.0606309789598699	0.05774378948559038	0.04489436584101123	0.0	0.0	0.0	0.0	0.0	0.0	0.0	0.0	0.0	0.043738264594503466	0.05774378948559038	0.05774378948559038	0.0	0.0	0.0	0.0	0.0	0.04489436584101123	0.0	0.03196075496624794	0.04938380242511236	0.0	0.0	0.0	0.0	0.0	0.0	0.0	0.0	0.07685512080725918	0.0	0.034357811588716536	0.0	0.032759773840404134	0.0	0.0	0.0	0.0	0.0	0.11406939031943655	0.06940580643730736	0.0	0.0	0.0	0.043738264594503466	0.04186605320119954	0.040005339725590686	0.0	0.0	0.0	0.0	0.04601672498703652	0.0	0.0	0.05703993657805807	0.0	0.0	0.07685512080725918	0.0	0.0	0.0	0.0	0.0	0.0	0.04489436584101123	0.04489436584101123	0.03196075496624794	0.0	0.0	0.0	0.0	0.05774378948559038	0.0	0.0	0.0	0.0	0.025783034519342444	0.0	0.0	0.0	0.025783034519342444	0.08069787684762213	0.0	0.0	0.0	0.0	0.020066897887752216	0.04489436584101123	0.0	0.0	0.0	0.0	0.03196075496624794	0.0	0.0	0.0	0.0	0.0	0.04489436584101123	0.0	0.0	0.021206402194519587	0.0	0.0	0.07685512080725918	0.07685512080725918	0.04489436584101123	0.025783034519342444	0.0	0.0	0.0	0.0	0.0
CAMET1502360_acpa-accepte	acpa-accepte	0.0	0.0	0.0	0.0	0.05957695352521058	0.0	0.0	0.0	0.0	0.0	0.06819923701433327	0.05957695352521058	0.0	0.0	0.0	0.0	0.0	0.04631960546893402	0.0	0.0	0.0	0.0	0.0	0.0	0.0	0.02660155599384559	0.04223526213724528	0.0	0.0	0.0	0.0	0.0	0.0	0.0	0.0	0.0	0.0	0.0	0.0	0.0	0.0	0.0	0.07929500300029901	0.0	0.0	0.0	0.0	0.0	0.06819923701433327	0.05957695352521058	0.0	0.0	0.0	0.04607483142244939	0.04631960546893402	0.0	0.04631960546893402	0.0409554057088439	0.0	0.03967554928044253	0.04631960546893402	0.04631960546893402	0.0	0.0	0.0	0.021879631545399254	0.0	0.0	0.0	0.11769069585234018	0.03967554928044253	0.0	0.07929500300029901	0.0	0.0	0.0	0.0	0.0	0.0	0.0	0.0	0.0	0.0	0.0	0.11769069585234018	0.0	0.0	0.0	0.0	0.0	0.0	0.0	0.03839569285204116	0.0	0.0	0.0	0.0	0.0	0.0	0.0	0.0	0.0	0.0	0.0	0.09144640750658617	0.05957695352521058	0.0	0.04631960546893402	0.0	0.0	0.0	0.03297539753136498	0.03297539753136498	0.0	0.02660155599384559	0.02660155599384559	0.0	0.0	0.0	0.04631960546893402	0.021879631545399254	0.0	0.0	0.0	0.0	0.0	0.0	0.03839569285204116	0.0	0.0	0.04631960546893402	0.0	0.0	0.0	0.0	0.0	0.024796915751452486	0.02660155599384559	0.0	0.02660155599384559	0.0	0.0	0.0	0.0	0.0	0.0	0.0	0.0	0.0	0.0	0.0	0.0	0.0	0.0	0.0	0.04631960546893402	0.0	0.0	0.0	0.0	0.04512680203765214	0.0	0.0	0.0	0.0	0.0	0.0	0.0	0.0	0.0	0.03297539753136498	0.0	0.0	0.0	0.0	0.0	0.0	0.0	0.021879631545399254	0.0	0.0	0.0	0.02660155599384559	0.0	0.05957695352521058	0.05957695352521058	0.0	0.0	0.0	0.0	0.02660155599384559	0.0	0.021879631545399254	0.0	0.0	0.11769069585234018	0.04512680203765214	0.05957695352521058	0.05957695352521058	0.0	0.0	0.0	0.0	0.0	0.0	0.0	0.03297539753136498	0.0	0.0	0.0	0.0	0.02660155599384559	0.0	0.0	0.02660155599384559	0.0	0.07929500300029901	0.0	0.0	0.0	0.0	0.0	0.11769069585234018	0.0	0.0	0.0	0.11769069585234018	0.07047254491481104	0.0	0.0	0.0	0.0	0.04479497499404802	0.0409554057088439	0.04631960546893402	0.0	0.0	0.0	0.0	0.0	0.0	0.05741537145489976	0.02660155599384559	0.02660155599384559	0.07929500300029901	0.0	0.0	0.0	0.0	0.0	0.0	0.0	0.0	0.03297539753136498	0.0	0.0	0.0	0.0	0.05957695352521058	0.0	0.0	0.0	0.0	0.0	0.0	0.0	0.0	0.0	0.0	0.0	0.0	0.0	0.0	0.020375317790924705	0.0	0.0	0.0	0.0	0.0	0.0	0.0	0.0	0.0	0.0	0.0	0.0	0.0	0.0	0.021879631545399254	0.0	0.02660155599384559	0.07929500300029901	0.07929500300029901	0.04786359231789849	0.0	0.0	0.04631960546893402	0.0	0.0	0.0
CANAN1101988_acpa-accepte	acpa-accepte	0.0	0.0	0.0	0.0	0.0	0.0	0.0	0.0	0.0	0.0	0.0	0.0	0.0	0.0	0.0	0.0	0.044171232821223934	0.07605798737101852	0.0	0.0	0.0	0.0	0.0	0.0	0.0	0.0	0.06446349858088506	0.0	0.0	0.0	0.05736585566393521	0.0	0.0	0.0	0.0	0.0	0.0	0.0	0.0	0.0	0.0	0.0	0.130204440986151	0.0	0.0	0.11324316431290307	0.0	0.130204440986151	0.11324316431290307	0.0	0.07605798737101852	0.0	0.0	0.06658866886377136	0.0	0.0	0.0	0.06446349858088506	0.03237754602558595	0.0637551084865896	0.0	0.0	0.03237754602558595	0.07605798737101852	0.0	0.0359269195606301	0.0	0.0	0.0	0.1932511593784452	0.06446349858088506	0.0561050676273652	0.0	0.03237754602558595	0.0	0.0	0.0	0.0	0.0	0.0	0.0	0.0	0.0	0.0	0.0	0.0	0.0	0.0	0.0	0.0	0.0	0.0	0.06871383914665768	0.0	0.0	0.03237754602558595	0.0	0.0	0.04613439872438944	0.0	0.130204440986151	0.0	0.11450142169415757	0.0	0.0	0.0	0.0	0.0	0.0	0.057188389211488236	0.057188389211488236	0.0	0.0	0.0	0.04368044134543256	0.04368044134543256	0.0	0.0	0.16028032886889224	0.0	0.0359269195606301	0.0	0.0	0.0	0.0	0.0	0.0	0.06304671839229417	0.0	0.0	0.0	0.0	0.04466202429701531	0.0	0.0	0.0	0.0359269195606301	0.0	0.0	0.0	0.0	0.04466202429701531	0.0	0.0	0.044171232821223934	0.0561050676273652	0.033105131329531697	0.0	0.0	0.07691257149878276	0.0	0.0	0.0359269195606301	0.0	0.0	0.0	0.07947632388207553	0.0	0.0	0.0	0.0740993733587858	0.0	0.0	0.0	0.0	0.0	0.054754840734403634	0.0	0.0	0.0	0.0	0.0	0.0	0.0	0.0	0.0	0.0	0.0359269195606301	0.0359269195606301	0.0	0.0	0.0	0.044171232821223934	0.07605798737101852	0.0	0.0	0.0	0.0	0.03633059281412032	0.0	0.04368044134543256	0.0	0.0359269195606301	0.0	0.0	0.0	0.0	0.0	0.0	0.0	0.0	0.055363227853674785	0.0	0.0	0.0	0.0	0.054754840734403634	0.07691257149878276	0.0	0.0	0.0	0.0	0.0	0.0	0.0	0.0	0.130204440986151	0.0	0.054754840734403634	0.0	0.054146453615132484	0.0	0.0	0.0	0.0	0.0	0.0	0.11324316431290307	0.0	0.0	0.0	0.0740993733587858	0.06658866886377136	0.0637551084865896	0.0	0.0	0.0	0.056735461645650194	0.0	0.0	0.0	0.09957401139324679	0.0	0.044171232821223934	0.0	0.0	0.0	0.0	0.0	0.0	0.0	0.0	0.07691257149878276	0.0	0.0561050676273652	0.0	0.0	0.0	0.0	0.0	0.0	0.0	0.032741338677558816	0.04368044134543256	0.0	0.0	0.0	0.0	0.0	0.0	0.0	0.07776715562654703	0.0	0.03237754602558595	0.0	0.0	0.044171232821223934	0.03237754602558595	0.03237754602558595	0.0	0.0	0.0	0.0561050676273652	0.0	0.0	0.0	0.0	0.0	0.03834895908157145	0.0	0.044171232821223934	0.0	0.0	0.0	0.0	0.0	0.0	0.0	0.0	0.0
CADIJ1501045_acpa-rejette	acpa-rejette	0.018804066444619925	0.03258441571548278	0.018804066444619925	0.0	0.056815406314476194	0.04482216755549937	0.018804066444619925	0.0	0.025368504479640307	0.025368504479640307	0.06599446600778676	0.056815406314476194	0.0	0.0190805968335114	0.0	0.018804066444619925	0.0	0.0	0.0	0.018804066444619925	0.018804066444619925	0.0	0.025368504479640307	0.018804066444619925	0.018804066444619925	0.0	0.040923711425186006	0.0	0.0	0.0	0.03258441571548278	0.0	0.0	0.018804066444619925	0.044172570924260246	0.025368504479640307	0.018804066444619925	0.0	0.019910188000185805	0.018804066444619925	0.0	0.019910188000185805	0.0	0.0	0.044172570924260246	0.06503802447144202	0.0	0.0	0.06503802447144202	0.056815406314476194	0.044172570924260246	0.056815406314476194	0.025368504479640307	0.04200065119953301	0.0	0.0	0.0	0.040385241538012505	0.0	0.040385241538012505	0.0	0.0	0.0	0.0	0.0	0.021785988262498626	0.018804066444619925	0.0	0.018804066444619925	0.0	0.03715442221497151	0.0	0.07561947275909614	0.018804066444619925	0.018804066444619925	0.0	0.03258441571548278	0.0	0.019633657611294333	0.019633657611294333	0.03258441571548278	0.044172570924260246	0.0	0.0	0.0	0.0	0.0	0.0	0.0	0.0	0.0	0.0	0.04200065119953301	0.033063598299534	0.03354278088358521	0.0	0.03258441571548278	0.044172570924260246	0.0	0.044172570924260246	0.0	0.03258441571548278	0.0669509075441315	0.018804066444619925	0.0872076279678736	0.056815406314476194	0.0	0.044172570924260246	0.04482216755549937	0.032834265151078644	0.032834265151078644	0.03375917402857383	0.03375917402857383	0.018804066444619925	0.025368504479640307	0.025368504479640307	0.0	0.033063598299534	0.08977255820222281	0.0	0.021172298452287398	0.018804066444619925	0.0	0.03258441571548278	0.018804066444619925	0.044172570924260246	0.0	0.03715442221497151	0.03258441571548278	0.0	0.044172570924260246	0.0	0.0	0.025368504479640307	0.018804066444619925	0.05716963770655763	0.02270652297781547	0.025368504479640307	0.03258441571548278	0.025368504479640307	0.0	0.026114636964335608	0.0	0.018804066444619925	0.0	0.03258441571548278	0.0	0.0	0.0	0.044172570924260246	0.05475401921191435	0.0	0.020865453547181785	0.018804066444619925	0.0	0.0	0.0	0.018804066444619925	0.018804066444619925	0.018804066444619925	0.04493366250141982	0.019357127222402865	0.02574157072198796	0.0190805968335114	0.0	0.018804066444619925	0.031446901834835894	0.0	0.0	0.0	0.03375917402857383	0.0	0.0	0.0	0.018804066444619925	0.018804066444619925	0.0	0.021172298452287398	0.022399678072709858	0.03258441571548278	0.04612136081797761	0.0	0.025368504479640307	0.0	0.05765092699557144	0.056815406314476194	0.0	0.018804066444619925	0.020865453547181785	0.018804066444619925	0.025368504479640307	0.018804066444619925	0.020865453547181785	0.018804066444619925	0.018804066444619925	0.0	0.04303505704361335	0.056815406314476194	0.056815406314476194	0.0	0.0	0.031446901834835894	0.0	0.03258441571548278	0.0	0.018804066444619925	0.031446901834835894	0.044172570924260246	0.0	0.0	0.0	0.025368504479640307	0.018804066444619925	0.0	0.0	0.025368504479640307	0.07673152382908285	0.018804066444619925	0.032834265151078644	0.03258441571548278	0.031909356273583475	0.0	0.0	0.03258441571548278	0.0	0.0	0.0	0.0669509075441315	0.018804066444619925	0.018804066444619925	0.0	0.043667925529548846	0.04361606086105351	0.040385241538012505	0.0	0.018804066444619925	0.0	0.0	0.0	0.0	0.0	0.05475401921191435	0.025368504479640307	0.025368504479640307	0.0	0.03258441571548278	0.018804066444619925	0.044172570924260246	0.0	0.025368504479640307	0.0	0.0	0.0	0.031446901834835894	0.03258441571548278	0.020463248777968745	0.018804066444619925	0.018804066444619925	0.056815406314476194	0.018804066444619925	0.018804066444619925	0.0	0.018804066444619925	0.0	0.018804066444619925	0.0	0.020463248777968745	0.025368504479640307	0.0	0.044172570924260246	0.019357127222402865	0.04547176418673848	0.018804066444619925	0.019357127222402865	0.0	0.0	0.02574157072198796	0.0	0.0	0.0	0.0	0.0	0.03258441571548278	0.018804066444619925	0.03258441571548278	0.0	0.03258441571548278	0.0	0.020865453547181785	0.0	0.0	0.0	0.0	0.044172570924260246	0.0	0.018804066444619925	0.0	0.0	0.0	0.0
CALYO1501346_acpa-rejette	acpa-rejette	0.0	0.0	0.0	0.0	0.0	0.0	0.0	0.0	0.0	0.0	0.0	0.0	0.0	0.0	0.0	0.0	0.0	0.0	0.0	0.0	0.0	0.05619892251586547	0.0	0.0	0.0	0.0	0.1185519364436147	0.0	0.0	0.0	0.0	0.0	0.0	0.0	0.0	0.0	0.0	0.057760003696861725	0.0	0.0	0.0	0.0	0.0	0.0	0.0	0.19977575302505288	0.0	0.0	0.0	0.0	0.0	0.0	0.0	0.12159172968575865	0.0	0.0	0.0	0.1185519364436147	0.05619892251586547	0.11551214320147073	0.0	0.0	0.05619892251586547	0.1320167048978564	0.0	0.0	0.0	0.0	0.0	0.0	0.11551214320147073	0.0	0.0	0.0	0.0	0.0	0.09738367280355452	0.1320167048978564	0.0	0.0	0.0	0.0	0.0	0.0	0.0	0.0	0.05932108487785799	0.05932108487785799	0.0	0.0	0.0	0.0	0.1185519364436147	0.0	0.0	0.05619892251586547	0.0	0.0	0.0779238318926018	0.0	0.0	0.0	0.1943764083487001	0.0	0.0	0.0	0.0	0.0	0.1320167048978564	0.0	0.0	0.0	0.0	0.0	0.0	0.0	0.0	0.0	0.2606337699025297	0.0	0.0	0.0	0.0	0.0	0.0	0.0	0.0	0.11247234995932677	0.0	0.0	0.0	0.0	0.0779238318926018	0.0	0.0	0.16818661864508927	0.0	0.0	0.0	0.0	0.0	0.0	0.0	0.0	0.07581778238199093	0.0	0.0	0.07581778238199093	0.07581778238199093	0.0	0.0	0.05619892251586547	0.06409191743558935	0.0	0.0	0.0	0.1320167048978564	0.0	0.0	0.0	0.0	0.0	0.0	0.0	0.0	0.0	0.09398403291037138	0.09738367280355452	0.0	0.0	0.0	0.0	0.0	0.0	0.0	0.0	0.10279387684819644	0.0	0.065824131420335	0.0	0.13568383558946356	0.05619892251586547	0.0	0.0	0.0	0.0	0.0	0.0	0.0	0.0	0.0	0.0	0.0	0.0	0.0	0.0	0.0	0.0	0.0	0.0	0.0	0.0	0.0	0.0	0.0	0.0	0.0	0.0	0.0	0.057760003696861725	0.057760003696861725	0.0	0.0	0.057760003696861725	0.0	0.0	0.0	0.0	0.11748004113796423	0.0	0.104426703233746	0.09738367280355452	0.0	0.0	0.0	0.0	0.0	0.0	0.0	0.0	0.05619892251586547	0.0	0.1185519364436147	0.11551214320147073	0.0	0.0	0.057760003696861725	0.1000887748258755	0.0	0.0	0.0	0.1636410343573841	0.0	0.0	0.0	0.0	0.0	0.0	0.0	0.07581778238199093	0.0	0.0	0.0	0.09398403291037138	0.0	0.0	0.0	0.0	0.0	0.05619892251586547	0.05619892251586547	0.0	0.0	0.0	0.0	0.05619892251586547	0.0	0.0	0.0	0.0	0.0	0.0	0.0	0.05932108487785799	0.0	0.0	0.07581778238199093	0.0	0.05619892251586547	0.0	0.0	0.09738367280355452	0.0	0.0	0.0	0.0	0.09738367280355452	0.0	0.065824131420335	0.060882166058854256	0.0	0.0	0.0	0.0	0.0	0.0	0.0	0.0	0.0	0.1000887748258755
CAROU1501728_acpa-rejette	acpa-rejette	0.0	0.0	0.0	0.04463015003726646	0.0	0.0	0.0429771815173677	0.0	0.0	0.0	0.14864609160322836	0.0	0.10095755640365174	0.0429771815173677	0.0	0.0	0.0	0.0	0.0	0.0	0.0	0.0	0.0	0.0	0.0	0.0	0.09656158688156628	0.0	0.0	0.0	0.0	0.0	0.0	0.0	0.0	0.0	0.0	0.0	0.0	0.0	0.0	0.0	0.0	0.0	0.0	0.0	0.0	0.0	0.14864609160322836	0.0	0.0	0.0	0.0	0.10943646513244178	0.10095755640365174	0.0	0.0	0.09656158688156628	0.0	0.0933428673188474	0.0	0.0	0.0	0.0	0.0	0.04768853519957663	0.0	0.0	0.0	0.0	0.08690542819340967	0.0	0.0	0.0	0.0429771815173677	0.0	0.0	0.0	0.0	0.0	0.0	0.0	0.0	0.0	0.0	0.10095755640365174	0.0	0.0	0.0	0.0	0.0	0.0	0.09656158688156628	0.0	0.0	0.0	0.0	0.0	0.0	0.0	0.0	0.07447252715076105	0.0	0.0	0.0	0.0	0.0	0.0	0.10095755640365174	0.071872709676649	0.071872709676649	0.0	0.0	0.0	0.0	0.0	0.0	0.07447252715076105	0.19931529533319142	0.0	0.0	0.0	0.0	0.0	0.0	0.0	0.0	0.08368670863069079	0.07447252715076105	0.0	0.0	0.0	0.0	0.0	0.0	0.0	0.0	0.0	0.0	0.0	0.0	0.0	0.0	0.0	0.0	0.0	0.0	0.0	0.0	0.10095755640365174	0.1251417308807241	0.0	0.04768853519957663	0.0	0.05798037488628401	0.0	0.10095755640365174	0.0	0.0	0.0	0.0	0.0	0.0	0.0	0.0	0.0	0.071872709676649	0.0	0.0	0.0	0.0	0.10095755640365174	0.10095755640365174	0.05798037488628401	0.0	0.0	0.0	0.0	0.04768853519957663	0.0	0.0	0.0429771815173677	0.0	0.0	0.0	0.0	0.10095755640365174	0.0	0.0	0.0	0.0	0.0	0.05502523292258842	0.0	0.0	0.0	0.0	0.0	0.0	0.0	0.0	0.08293004962690269	0.0	0.0	0.0	0.0	0.0	0.0	0.0	0.0	0.0	0.0	0.0	0.0	0.0	0.0	0.0	0.0	0.07463704466421243	0.0	0.071872709676649	0.07447252715076105	0.0	0.0	0.07447252715076105	0.0	0.0	0.0	0.0	0.0	0.0	0.0	0.09978030644428516	0.0933428673188474	0.0	0.0	0.0	0.0	0.0	0.10095755640365174	0.0	0.0	0.0	0.0	0.17283026608030075	0.0	0.0	0.0	0.0	0.0	0.0	0.0	0.0	0.071872709676649	0.0	0.0	0.0	0.0	0.0	0.0	0.0	0.0	0.0	0.0	0.0	0.0	0.0	0.0	0.0	0.0	0.0	0.10095755640365174	0.0	0.0429771815173677	0.0	0.0	0.0	0.0	0.0	0.0	0.0	0.07447252715076105	0.0	0.0	0.07447252715076105	0.0	0.0	0.0	0.0	0.0	0.05798037488628401	0.17283026608030075	0.17283026608030075	0.0	0.0	0.0	0.0	0.0	0.0429771815173677	0.0
CALYO1504370_acpa-rejette	acpa-rejette	0.0	0.0	0.0	0.0	0.0	0.0	0.0	0.09465148294734649	0.0	0.0	0.13936126730642384	0.0	0.0	0.0	0.0	0.0	0.054358768776928953	0.0	0.0	0.0	0.0	0.0	0.0	0.0	0.0	0.0	0.08528197562124955	0.0	0.0	0.09465148294734649	0.0	0.0	0.0	0.0	0.0	0.0	0.0	0.0	0.0	0.0	0.040292714170417514	0.0	0.0	0.0	0.0	0.13936126730642384	0.0	0.16203483488922116	0.13936126730642384	0.0	0.0	0.0	0.0	0.08528197562124955	0.0	0.0	0.0	0.08528197562124955	0.0	0.08528197562124955	0.0	0.0	0.0	0.0	0.06982077800568766	0.0	0.0	0.0	0.0	0.0	0.0784594175715496	0.06982077800568766	0.0	0.0	0.0	0.0	0.0	0.0	0.0	0.0	0.0	0.0	0.0	0.0	0.0	0.0	0.0	0.0	0.0	0.0	0.0	0.0	0.0784594175715496	0.06982077800568766	0.0	0.0	0.0	0.0	0.0	0.0	0.0	0.0	0.1575388239116096	0.0	0.0	0.0	0.0	0.0	0.09465148294734649	0.06738335194187467	0.06738335194187467	0.07031306289586921	0.07031306289586921	0.0	0.0	0.0	0.040292714170417514	0.0	0.18686553983087997	0.0	0.0	0.0	0.0	0.06982077800568766	0.0	0.0	0.0	0.0784594175715496	0.0	0.0	0.0	0.0	0.0	0.0	0.0	0.0	0.050541495362435296	0.0	0.06982077800568766	0.0	0.0	0.0	0.16203483488922116	0.0	0.0	0.06982077800568766	0.040292714170417514	0.0	0.0	0.09465148294734649	0.11732505053014378	0.0	0.0	0.0	0.0	0.0	0.0	0.0	0.0	0.0	0.0	0.0	0.0	0.0	0.0	0.0	0.06738335194187467	0.0	0.0	0.0	0.07031306289586921	0.0	0.0	0.0	0.0	0.0	0.07285646400593493	0.04470978435907738	0.04470978435907738	0.06982077800568766	0.0	0.0	0.0	0.09465148294734649	0.0	0.0	0.0	0.0	0.04470978435907738	0.0	0.0	0.0	0.04470978435907738	0.0	0.0	0.0	0.0	0.0	0.0	0.0	0.0	0.07617248480385833	0.0	0.0	0.09465148294734649	0.04379642844610599	0.0	0.0	0.09465148294734649	0.0	0.0	0.0	0.0	0.0	0.0	0.0	0.0	0.0	0.0	0.0	0.0	0.0	0.0	0.0	0.0	0.0	0.0	0.0	0.0	0.0	0.0	0.09221405688353351	0.0955158126957995	0.08528197562124955	0.0	0.0	0.0	0.06982077800568766	0.0	0.0	0.0	0.11732505053014378	0.0	0.0	0.0	0.0	0.0	0.0	0.0	0.0	0.0	0.0	0.0	0.0	0.0	0.0	0.0	0.0	0.0	0.0	0.0	0.0	0.040292714170417514	0.0	0.0	0.0	0.0	0.054358768776928953	0.0	0.0	0.0	0.0	0.0	0.04554828558395023	0.0	0.0	0.0	0.0	0.04204457130826175	0.0	0.0	0.0	0.06982077800568766	0.0	0.0	0.0	0.0	0.0	0.04470978435907738	0.0	0.054358768776928953	0.0	0.0	0.09876676481462242	0.0	0.0	0.0	0.0	0.0	0.0
CAROU1501321_acpa-rejette	acpa-rejette	0.0	0.0	0.0	0.0	0.0	0.0	0.0	0.0	0.0	0.0	0.0	0.0	0.0	0.0	0.14285018117170803	0.0	0.04792278137823954	0.08518334104485893	0.03552212413509163	0.0	0.0	0.0	0.0	0.0	0.0	0.04792278137823954	0.07205203502475976	0.0	0.03552212413509163	0.0	0.0615541145487696	0.0	0.03552212413509163	0.0	0.0	0.0	0.0	0.0	0.0	0.0	0.0	0.0	0.0	0.0	0.0	0.122861126106938	0.03552212413509163	0.0	0.0	0.0	0.08518334104485893	0.0	0.0	0.07781619782674054	0.0	0.0	0.0	0.07205203502475976	0.03552212413509163	0.07061099432426457	0.0	0.0	0.0	0.0	0.0615541145487696	0.039416220593606825	0.0	0.03552212413509163	0.0	0.0	0.07205203502475976	0.064118869321635	0.0	0.0	0.0	0.0	0.0615541145487696	0.0	0.0	0.0	0.0615541145487696	0.0	0.0	0.0	0.0	0.0	0.0	0.0	0.08298973467758299	0.08298973467758299	0.08298973467758299	0.0	0.07349307572525494	0.0	0.0	0.03552212413509163	0.0	0.0	0.0	0.0	0.14285018117170803	0.0	0.12542073290083258	0.0	0.0	0.0	0.0	0.0	0.0	0.061880495477475886	0.061880495477475886	0.0	0.0	0.0	0.0	0.0	0.03552212413509163	0.0	0.16474097213626962	0.0	0.0	0.0	0.08344490551333118	0.0	0.0	0.0	0.08518334104485893	0.07205203502475976	0.0	0.03552212413509163	0.0	0.03552212413509163	0.04792278137823954	0.0	0.0	0.10558883475681166	0.0	0.0	0.0	0.0	0.0	0.0	0.0	0.0	0.04792278137823954	0.0	0.03626216838790604	0.0	0.0	0.0	0.0	0.0	0.0	0.0	0.0	0.0	0.0	0.0	0.0	0.0	0.0	0.0	0.0	0.0	0.03552212413509163	0.0	0.05940527565837685	0.0615541145487696	0.0	0.0	0.0	0.0	0.0	0.0	0.0	0.0	0.0	0.0	0.04187973438070725	0.0	0.08518334104485893	0.0	0.0	0.0	0.0	0.0	0.0	0.0	0.039416220593606825	0.0	0.0	0.0	0.0	0.0	0.0	0.0	0.0	0.0	0.0	0.08344490551333118	0.0	0.0841574738493672	0.0	0.0615541145487696	0.0	0.0	0.06064288556792637	0.0	0.0	0.0	0.0	0.0	0.0	0.0	0.04792278137823954	0.0	0.0	0.0	0.06559332520612443	0.0615541145487696	0.061880495477475886	0.0	0.0	0.0615541145487696	0.0615541145487696	0.03626216838790604	0.0	0.12542073290083258	0.0	0.0	0.0	0.0	0.08069827922773093	0.07061099432426457	0.0	0.0	0.0	0.0	0.0	0.0	0.03552212413509163	0.10774370893552208	0.0	0.0	0.0	0.0615541145487696	0.0	0.0	0.0	0.0	0.0	0.08344490551333118	0.0	0.0	0.0	0.0	0.0	0.0	0.0	0.0	0.0	0.03552212413509163	0.0	0.04792278137823954	0.0	0.0	0.0	0.0	0.0	0.0	0.0	0.08344490551333118	0.0	0.03774225689353485	0.08344490551333118	0.03552212413509163	0.0	0.03552212413509163	0.0	0.05940527565837685	0.0615541145487696	0.0	0.0	0.0	0.0	0.0	0.0	0.08518334104485893	0.039416220593606825	0.0	0.0	0.0	0.0	0.08692177657638667	0.0	0.0	0.0	0.04792278137823954	0.03552212413509163	0.0615541145487696
CAROU1406104_acpa-rejette	acpa-rejette	0.0	0.0	0.0	0.0	0.0	0.0	0.0	0.0	0.0	0.0	0.0	0.0	0.0	0.0	0.0	0.0	0.0	0.0	0.0	0.0	0.0	0.03772702329204278	0.0	0.0	0.0	0.05235161514426346	0.07556236694772471	0.03772702329204278	0.03772702329204278	0.0	0.0	0.09115655338750749	0.03772702329204278	0.0	0.0	0.0	0.0	0.0	0.0	0.0	0.0	0.0	0.15171705644183484	0.08862442690452116	0.0	0.13048725770720576	0.03772702329204278	0.0	0.13048725770720576	0.0	0.0	0.0	0.0	0.0818592308600351	0.0	0.08862442690452116	0.0	0.07766132158516151	0.0	0.07766132158516151	0.0	0.0	0.038804938243244005	0.0	0.06537484933251472	0.04186283080268464	0.0	0.0	0.0	0.0	0.07346341231028791	0.0	0.0	0.0	0.0	0.0	0.0	0.0	0.0	0.0	0.0	0.0	0.0	0.050897403612478354	0.0	0.0	0.03772702329204278	0.03772702329204278	0.0	0.0	0.0	0.0	0.07556236694772471	0.0	0.0	0.0	0.06537484933251472	0.0	0.0	0.0	0.0	0.0	0.0	0.0	0.0	0.0	0.0	0.0	0.0	0.06309262953731369	0.06309262953731369	0.0	0.0	0.0	0.0	0.0	0.0	0.0	0.17496663401384127	0.09115655338750749	0.04186283080268464	0.0	0.0	0.06537484933251472	0.0	0.0	0.0	0.07346341231028791	0.0	0.03772702329204278	0.0	0.03772702329204278	0.0	0.0	0.0	0.1129929178002688	0.0	0.0	0.0	0.0	0.0	0.0	0.0	0.0	0.0	0.06537484933251472	0.0	0.0	0.0	0.0	0.1098542256391502	0.0	0.0	0.0	0.0	0.0	0.08862442690452116	0.0	0.0	0.0	0.08634220710932011	0.0	0.0	0.0	0.038804938243244005	0.0	0.06309262953731369	0.06537484933251472	0.0	0.0	0.0	0.0	0.0	0.0	0.0	0.0	0.06724270217058659	0.04186283080268464	0.04425499256283805	0.06537484933251472	0.09115655338750749	0.0	0.0	0.0	0.0	0.0	0.0	0.03772702329204278	0.0	0.0	0.0	0.0	0.0	0.0	0.0	0.0	0.0	0.0	0.0	0.0	0.0	0.07390850888656746	0.0	0.06537484933251472	0.0	0.0	0.06309262953731369	0.0	0.0	0.03772702329204278	0.03772702329204278	0.050897403612478354	0.0	0.03772702329204278	0.0	0.0	0.1603866025242254	0.0	0.0	0.0	0.0	0.0	0.0	0.0	0.06537484933251472	0.0	0.0	0.13048725770720576	0.0	0.0	0.0	0.08634220710932011	0.0818592308600351	0.07766132158516151	0.0	0.0	0.03772702329204278	0.0	0.08862442690452116	0.0	0.0	0.1098542256391502	0.0	0.0	0.0	0.0	0.0	0.0	0.08862442690452116	0.0	0.0	0.0	0.0	0.0	0.0	0.0	0.0	0.0	0.0	0.0	0.0	0.0	0.0	0.050897403612478354	0.0	0.03772702329204278	0.0	0.0	0.0	0.0	0.0	0.0	0.0	0.0	0.0	0.038804938243244005	0.0	0.03772702329204278	0.0	0.06309262953731369	0.06537484933251472	0.06537484933251472	0.0	0.0	0.0	0.0	0.0	0.0	0.0	0.03772702329204278	0.0	0.0	0.0	0.09115655338750749	0.050897403612478354	0.0	0.0	0.050897403612478354	0.0	0.06911055500865843
CAPAR1305998_acpa-rejette	acpa-rejette	0.0	0.0	0.0	0.0	0.0	0.0	0.0	0.0	0.0	0.0	0.2968305261867608	0.0	0.0	0.0	0.0	0.0	0.0	0.0	0.0	0.0	0.0	0.0	0.0	0.0	0.0	0.0	0.17996839279159368	0.08582088682072773	0.0	0.0	0.0	0.0	0.0	0.0	0.0	0.0	0.0	0.0	0.0	0.0	0.0	0.0	0.0	0.0	0.0	0.0	0.0	0.0	0.0	0.0	0.20160156426995277	0.0	0.0	0.21853304838979234	0.0	0.0	0.0	0.19282327799099322	0.0	0.19282327799099322	0.0	0.0	0.0	0.0	0.0	0.0	0.0	0.0	0.0	0.0	0.17996839279159368	0.0	0.0	0.0	0.0	0.0	0.0	0.0	0.0	0.0	0.0	0.0	0.0	0.0	0.0	0.0	0.0	0.0	0.0	0.0	0.0	0.0	0.1671135075921941	0.0	0.0	0.0	0.0	0.0	0.0	0.0	0.0	0.0	0.0	0.0	0.3980115679646697	0.0	0.0	0.0	0.0	0.0	0.0	0.0	0.0	0.0	0.0	0.0	0.0	0.0	0.0	0.0	0.0	0.0	0.0	0.0	0.0	0.0	0.20160156426995277	0.1671135075921941	0.0	0.0	0.0	0.0	0.0	0.0	0.0	0.0	0.09522896191680807	0.0	0.0	0.0	0.0	0.0	0.0	0.0	0.0	0.0	0.0	0.0	0.0	0.0	0.0	0.0	0.0	0.0	0.0	0.0	0.0	0.0	0.0	0.0	0.0	0.0	0.0	0.0	0.0	0.0	0.0	0.0	0.0	0.0	0.0	0.0	0.0	0.0	0.0	0.0	0.0	0.0	0.0	0.0	0.0	0.0	0.0	0.0	0.0	0.0	0.0	0.0	0.09522896191680807	0.0	0.0	0.0	0.10987957144247086	0.0	0.0	0.0	0.19641000369471695	0.0	0.0	0.0	0.0	0.0	0.0	0.0	0.0	0.0	0.0	0.0	0.0	0.0	0.0	0.0	0.0	0.0	0.0	0.0	0.0	0.0	0.0	0.0	0.0	0.0	0.0	0.0	0.0	0.0	0.0	0.2968305261867608	0.0	0.0	0.0	0.0	0.20567816319039275	0.19282327799099322	0.0	0.0	0.0	0.0	0.0	0.0	0.0	0.0	0.0	0.0	0.0	0.0	0.0	0.0	0.0	0.0	0.0	0.0	0.0	0.0	0.1487137615405566	0.0	0.0	0.0	0.0	0.0	0.0	0.0	0.0	0.0	0.0	0.0	0.0	0.0	0.0	0.0	0.0	0.0	0.0	0.08582088682072773	0.0	0.0	0.0	0.0	0.0	0.14352220096532076	0.0	0.0	0.0	0.0	0.0	0.20160156426995277	0.0	0.0	0.0	0.0	0.0	0.0	0.0	0.20160156426995277	0.0	0.0	0.0	0.0	0.0	0.0
CAFOR1400518_acpa-rejette	acpa-rejette	0.0	0.12204236720023462	0.0	0.0	0.0	0.0	0.0	0.0	0.0	0.0	0.0	0.0	0.0	0.0	0.0	0.0	0.0	0.0	0.0	0.0	0.0	0.0	0.0	0.0	0.0	0.0	0.14262785743744824	0.0	0.0	0.0	0.0	0.0	0.0	0.0	0.0	0.0	0.0	0.0	0.0	0.0	0.0	0.0	0.0	0.0	0.16544489144715363	0.0	0.0	0.0	0.0	0.0	0.0	0.0	0.0	0.15359923108648277	0.0	0.0	0.0	0.13714217061293102	0.0	0.13714217061293102	0.1588270957892675	0.1588270957892675	0.0	0.0	0.0	0.07814991577076581	0.0	0.07042915244914077	0.0	0.0	0.13165648378841377	0.0	0.0	0.0	0.0	0.06761198635117516	0.0	0.0	0.0	0.0	0.11716067251222524	0.0	0.0	0.0	0.0	0.0	0.0	0.0	0.16763179954680868	0.16763179954680868	0.16763179954680868	0.0	0.13714217061293102	0.0	0.0	0.0	0.0	0.0	0.0	0.0	0.0	0.0	0.0	0.0	0.0	0.0	0.0	0.0	0.0	0.11778189839424318	0.11778189839424318	0.0	0.0	0.0	0.0	0.0	0.0	0.11716067251222524	0.3135641415247832	0.0	0.07502391913993517	0.0	0.0	0.0	0.0	0.0	0.1588270957892675	0.13165648378841377	0.0	0.0	0.0	0.0	0.0	0.0	0.0	0.19687379910780578	0.08127591240159643	0.0	0.0	0.0	0.0	0.0	0.0	0.0	0.0	0.0	0.0	0.0	0.0	0.0	0.0	0.0	0.0	0.0	0.0	0.1588270957892675	0.0	0.0	0.0	0.0	0.0	0.0	0.0	0.0	0.0	0.0	0.0	0.0	0.0	0.06761198635117516	0.0	0.0	0.0	0.0	0.0	0.0	0.0	0.0	0.0	0.0	0.0	0.0	0.0	0.0	0.0	0.0	0.0	0.0	0.0	0.0	0.0	0.0	0.08127591240159643	0.0	0.0	0.0	0.0	0.0	0.0	0.0	0.0	0.1224931743300129	0.17206268710503977	0.0	0.0	0.0	0.0	0.0	0.0	0.0	0.0	0.0	0.0	0.0	0.0	0.0	0.0	0.0	0.0	0.0	0.0	0.0	0.0	0.0	0.0	0.0	0.0	0.0	0.0	0.0	0.0	0.0	0.15359923108648277	0.14262785743744824	0.0	0.0	0.0	0.0	0.0	0.0	0.0	0.0	0.0	0.0	0.0	0.0	0.0	0.0	0.0	0.0	0.1588270957892675	0.0	0.0	0.0	0.0	0.0	0.0	0.0	0.0	0.0	0.0	0.0	0.0	0.0	0.0	0.0	0.0	0.0	0.0	0.0	0.0	0.0	0.0	0.07042915244914077	0.0	0.0	0.0	0.0	0.0	0.0	0.0	0.0	0.0	0.0	0.0	0.0	0.0	0.0	0.0	0.0	0.0	0.0	0.0	0.16544489144715363	0.09121510943809231	0.0	0.1588270957892675	0.0	0.0	0.0
CAPAR1411380_acpa-rejette	acpa-rejette	0.0	0.0	0.0	0.10154238775612312	0.0	0.0	0.0	0.0	0.0	0.0	0.0	0.0	0.0	0.0	0.0	0.0	0.0	0.0	0.0	0.0	0.0	0.0	0.0	0.0	0.10154238775612312	0.0	0.2174996756317061	0.0	0.0	0.0	0.0	0.0	0.0	0.10154238775612312	0.0	0.0	0.0	0.0	0.0	0.0	0.0	0.0	0.0	0.0	0.2385328906482038	0.0	0.0	0.0	0.0	0.0	0.0	0.0	0.0	0.2570450712011072	0.0	0.0	0.0	0.2174996756317061	0.0	0.2174996756317061	0.0	0.0	0.0	0.0	0.0	0.0	0.0	0.0	0.0	0.0	0.19772697784700555	0.0	0.0	0.0	0.0	0.0	0.0	0.0	0.0	0.0	0.0	0.0	0.0	0.0	0.0	0.0	0.0	0.0	0.0	0.0	0.0	0.0	0.2174996756317061	0.0	0.0	0.0	0.0	0.0	0.0	0.0	0.0	0.0	0.0	0.0	0.0	0.0	0.0	0.0	0.0	0.0	0.0	0.0	0.0	0.0	0.0	0.0	0.0	0.0	0.47092318039214065	0.0	0.0	0.0	0.0	0.0	0.0	0.0	0.0	0.19772697784700555	0.0	0.0	0.0	0.0	0.0	0.0	0.0	0.0	0.0	0.0	0.0	0.0	0.0	0.0	0.0	0.0	0.0	0.0	0.0	0.0	0.0	0.0	0.0	0.0	0.0	0.0	0.0	0.0	0.0	0.0	0.0	0.0	0.0	0.0	0.0	0.0	0.0	0.0	0.0	0.0	0.0	0.0	0.0	0.0	0.0	0.0	0.0	0.0	0.0	0.0	0.0	0.0	0.0	0.0	0.0	0.0	0.0	0.0	0.0	0.0	0.11267392513397022	0.10154238775612312	0.0	0.0	0.0	0.0	0.0	0.0	0.0	0.0	0.0	0.0	0.0	0.0	0.0	0.0	0.0	0.0	0.0	0.0	0.0	0.0	0.0	0.0	0.0	0.0	0.0	0.0	0.4083468779177105	0.0	0.1867953859964573	0.0	0.16981398726950667	0.17595658817377366	0.0	0.0	0.0	0.0	0.0	0.0	0.0	0.0	0.0	0.0	0.2372723734164066	0.2174996756317061	0.0	0.0	0.0	0.0	0.0	0.0	0.0	0.0	0.0	0.0	0.0	0.0	0.0	0.0	0.0	0.0	0.0	0.0	0.0	0.0	0.0	0.0	0.0	0.0	0.0	0.0	0.0	0.0	0.0	0.0	0.0	0.0	0.0	0.0	0.0	0.0	0.0	0.0	0.0	0.0	0.0	0.0	0.0	0.0	0.0	0.16981398726950667	0.17595658817377366	0.0	0.0	0.0	0.0	0.0	0.0	0.0	0.0	0.0	0.0	0.0	0.0	0.0	0.0	0.0	0.0	0.0	0.0	0.0
CADIJ1500876_acpa-rejette	acpa-rejette	0.023190492835873173	0.041078394075709776	0.023190492835873173	0.0	0.07006874161945213	0.0	0.0	0.0	0.031286217963787145	0.031286217963787145	0.08733917965777355	0.07006874161945213	0.0	0.0	0.0	0.0	0.0	0.0	0.0	0.023190492835873173	0.023190492835873173	0.0	0.031286217963787145	0.023190492835873173	0.0	0.0	0.050174843394603645	0.0	0.0	0.0	0.04018538550884652	0.0	0.0	0.0	0.0	0.031286217963787145	0.023190492835873173	0.0	0.023190492835873173	0.023190492835873173	0.023190492835873173	0.023190492835873173	0.0	0.0	0.054476710799660336	0.08020945070611857	0.0	0.0	0.08020945070611857	0.07006874161945213	0.054476710799660336	0.07006874161945213	0.031286217963787145	0.055192327734064	0.0	0.0	0.054476710799660336	0.050174843394603645	0.0	0.050174843394603645	0.0	0.0	0.0	0.0	0.0	0.02687641723563417	0.023190492835873173	0.0	0.023190492835873173	0.0	0.04616085592303534	0.041078394075709776	0.0	0.023190492835873173	0.0	0.0	0.0	0.0	0.0237058371211148	0.0237058371211148	0.0	0.0	0.0	0.0	0.0	0.0	0.0	0.0	0.0	0.0	0.0	0.0	0.05117834026249571	0.04018538550884652	0.041078394075709776	0.0	0.04018538550884652	0.0	0.031286217963787145	0.0	0.0	0.04018538550884652	0.08377431518194607	0.023190492835873173	0.10755055974613914	0.07006874161945213	0.054476710799660336	0.0	0.0	0.04050619137369455	0.04050619137369455	0.04136802523270932	0.04136802523270932	0.023190492835873173	0.031286217963787145	0.031286217963787145	0.0	0.0	0.0	0.0	0.02630457857104621	0.023190492835873173	0.0	0.0	0.023190492835873173	0.0	0.0	0.047164352790927414	0.04018538550884652	0.0	0.0	0.0	0.0	0.031286217963787145	0.023190492835873173	0.0	0.028591933229398056	0.031286217963787145	0.04018538550884652	0.031286217963787145	0.054476710799660336	0.031286217963787145	0.0	0.023190492835873173	0.0	0.0	0.0	0.031286217963787145	0.031286217963787145	0.055687304372986114	0.06752649454886708	0.023190492835873173	0.025732739906458246	0.023190492835873173	0.0	0.0	0.0	0.023190492835873173	0.023190492835873173	0.023190492835873173	0.053073848946478805	0.023190492835873173	0.03198146725187131	0.0237058371211148	0.0	0.023190492835873173	0.038782523655664994	0.0	0.054476710799660336	0.023190492835873173	0.04136802523270932	0.0	0.0	0.0	0.0237058371211148	0.0237058371211148	0.0	0.025732739906458246	0.0	0.0	0.0	0.0	0.031286217963787145	0.0	0.07162582476655108	0.07006874161945213	0.0	0.0	0.02630457857104621	0.0	0.031286217963787145	0.023190492835873173	0.02630457857104621	0.0237058371211148	0.0237058371211148	0.0	0.053073848946478805	0.07006874161945213	0.07006874161945213	0.0	0.0	0.03964435751467977	0.0	0.0	0.0	0.0	0.038782523655664994	0.0	0.0	0.0	0.0	0.0	0.023190492835873173	0.0	0.0	0.031286217963787145	0.0953316618876659	0.023190492835873173	0.04136802523270932	0.04018538550884652	0.03964435751467977	0.0	0.0	0.04018538550884652	0.0	0.0	0.0	0.08733917965777355	0.023190492835873173	0.023190492835873173	0.023190492835873173	0.0	0.05619582460195607	0.050174843394603645	0.054476710799660336	0.023190492835873173	0.0	0.0	0.0	0.0	0.023190492835873173	0.06752649454886708	0.031286217963787145	0.031286217963787145	0.0	0.04018538550884652	0.023190492835873173	0.0	0.0	0.0	0.0	0.0	0.0	0.03964435751467977	0.04018538550884652	0.025767214262081308	0.023190492835873173	0.023190492835873173	0.07006874161945213	0.0	0.0	0.0	0.0	0.0	0.023190492835873173	0.0	0.0237058371211148	0.0	0.0	0.0	0.02525186997683968	0.0568978979463119	0.023190492835873173	0.0237058371211148	0.0	0.0	0.0	0.0	0.0	0.0	0.0	0.0	0.041078394075709776	0.023190492835873173	0.04018538550884652	0.0	0.04018538550884652	0.0	0.0	0.0	0.0	0.0	0.0	0.054476710799660336	0.0	0.023190492835873173	0.0	0.0	0.0	0.0
CANIM1601140_acpa-rejette	acpa-rejette	0.0	0.0	0.0	0.0	0.0	0.0	0.0	0.0	0.0	0.0	0.0	0.0	0.0	0.0	0.0	0.07370737868847194	0.0	0.0	0.07370737868847194	0.0	0.0	0.0	0.0	0.0	0.0	0.0	0.14976589593833475	0.0	0.0	0.0	0.0	0.0	0.0	0.0	0.0	0.0	0.0	0.07370737868847194	0.0	0.0	0.0	0.0	0.0	0.0	0.0	0.0	0.0	0.0	0.0	0.0	0.0	0.0	0.0	0.1684866329306266	0.0	0.0	0.0	0.14976589593833475	0.0	0.14976589593833475	0.0	0.0	0.0	0.0	0.0	0.0	0.0	0.0	0.0	0.0	0.14352565027423747	0.0	0.0	0.0	0.0	0.07370737868847194	0.0	0.0	0.0	0.0	0.0	0.0	0.0	0.09943838328522982	0.0	0.0	0.0	0.0	0.16868698351686315	0.16868698351686315	0.16868698351686315	0.1731457619737018	0.14976589593833475	0.0	0.133276178906089	0.0	0.0	0.0	0.0	0.0	0.0	0.0	0.27710138915412985	0.0	0.0	0.0	0.0	0.0	0.0	0.0	0.0	0.13398285470452534	0.13398285470452534	0.0	0.0	0.0	0.0	0.0	0.0	0.0	0.08178751604809771	0.0	0.0	0.0	0.0	0.0	0.1731457619737018	0.14976589593833475	0.0	0.0	0.0	0.0	0.0	0.0	0.0	0.0	0.0	0.0	0.0	0.0	0.0	0.0	0.0	0.0	0.0	0.0	0.0	0.0	0.0	0.0	0.0	0.0	0.08178751604809771	0.0	0.09943838328522982	0.0	0.1731457619737018	0.0	0.0	0.0	0.0	0.0	0.0	0.0	0.0	0.0	0.0	0.0	0.0	0.0	0.13398285470452534	0.0	0.0	0.09943838328522982	0.0	0.0	0.0	0.08178751604809771	0.0	0.0	0.0	0.0	0.0	0.0	0.0	0.0	0.0	0.0	0.0	0.0	0.0	0.0	0.0	0.0	0.0	0.0	0.0	0.0	0.0	0.0	0.1731457619737018	0.0	0.0	0.0	0.0	0.0	0.0	0.0	0.0	0.0	0.0	0.0	0.0	0.0	0.09943838328522982	0.0	0.0	0.0	0.1286235405163443	0.0	0.1232642263281633	0.0	0.0	0.0	0.0	0.07370737868847194	0.0	0.0	0.0	0.0	0.0	0.0	0.156006141602432	0.14976589593833475	0.0	0.0	0.0	0.12772300478500198	0.0	0.0	0.0	0.0	0.0	0.0	0.0	0.0	0.0	0.0	0.0	0.0	0.0	0.0	0.1731457619737018	0.0	0.0	0.0	0.0	0.0	0.0	0.0	0.0	0.07691204732710115	0.0	0.0	0.0	0.0	0.0	0.0	0.30929737909759836	0.0	0.0	0.0	0.0	0.08332138460435959	0.0	0.0	0.0	0.0	0.0	0.0	0.0	0.0	0.0	0.0	0.0	0.0	0.0	0.0	0.08178751604809771	0.0	0.0	0.0	0.0	0.0	0.0	0.0	0.0	0.0	0.0	0.0
CAPAR1507851_acpa-rejette	acpa-rejette	0.0	0.0	0.0	0.0	0.0	0.0	0.0	0.0	0.0	0.0	0.0	0.0	0.0	0.0	0.0	0.0	0.0	0.0	0.0	0.0	0.0	0.0	0.0	0.0	0.0	0.0	0.32111666502328756	0.0	0.0	0.0	0.0	0.0	0.0	0.0	0.0	0.0	0.0	0.0	0.0	0.0	0.0	0.0	0.0	0.0	0.0	0.0	0.0	0.0	0.0	0.0	0.0	0.0	0.0	0.40139583127910944	0.0	0.0	0.0	0.32111666502328756	0.0	0.32111666502328756	0.0	0.0	0.0	0.0	0.0	0.0	0.0	0.0	0.0	0.0	0.32111666502328756	0.2857606655322373	0.0	0.0	0.0	0.0	0.0	0.0	0.0	0.0	0.0	0.0	0.0	0.0	0.0	0.0	0.0	0.0	0.0	0.0	0.0	0.0	0.0	0.0	0.0	0.0	0.0	0.0	0.0	0.0	0.0	0.0	0.0	0.0	0.0	0.0	0.0	0.0	0.0	0.2757848314886224	0.0	0.0	0.0	0.0	0.0	0.0	0.0	0.0	0.0	0.0	0.0	0.0	0.0	0.0	0.0	0.0	0.0	0.0	0.0	0.0	0.0	0.0	0.0	0.0	0.0	0.0	0.22873380423396306	0.0	0.0	0.0	0.0	0.0	0.0	0.0	0.0	0.0	0.0	0.0	0.0	0.0	0.0	0.0	0.18298704338717045	0.0	0.22247815602889498	0.0	0.0	0.0	0.0	0.0	0.0	0.0	0.0	0.0	0.0	0.0	0.0	0.0	0.0	0.0	0.0	0.0	0.0	0.22247815602889498	0.0	0.0	0.0	0.0	0.0	0.0	0.0	0.0	0.0	0.0	0.0	0.0	0.0	0.0	0.0	0.0	0.0	0.0	0.0	0.0	0.0	0.0	0.0	0.0	0.0	0.0	0.0	0.3447310393607779	0.0	0.0	0.0	0.0	0.0	0.0	0.0	0.0	0.0	0.0	0.0	0.0	0.0	0.0	0.0	0.0	0.0	0.0	0.0	0.0	0.0	0.0	0.0	0.0	0.0	0.0	0.0	0.0	0.0	0.0	0.40139583127910944	0.32111666502328756	0.0	0.0	0.0	0.0	0.0	0.0	0.0	0.0	0.0	0.0	0.0	0.0	0.0	0.0	0.0	0.0	0.0	0.0	0.0	0.0	0.0	0.0	0.0	0.0	0.0	0.0	0.0	0.16490897332167756	0.0	0.0	0.0	0.0	0.0	0.0	0.0	0.0	0.0	0.0	0.0	0.0	0.0	0.0	0.0	0.0	0.0	0.0	0.0	0.0	0.0	0.0	0.0	0.0	0.0	0.0	0.0	0.0	0.0	0.0	0.0	0.3873871293505726	0.0	0.0	0.0	0.0	0.0	0.0
