@id	@sens-resultat	absence de décision	abus de procédure	abusif ainsi	abusif considérant	abusif à hauteur	acquitter	action	action en justice	adversaire au paiement	agir	agir en justice	ainsi	ajouter	allouer	allouer à monsieur	appartenir	appel et payer	appel interjeter	application du disposition	après	argument	articler	assignation	assurance	atteindre	attendre	attendu	attribution	aucun	aucun faute	audience	auquel	autre demande	avant	avocat engager	avocat engager devant	avril	axiome	axiome bâtiment	axiome ne caractériser	bien	blâmable	bon	bon droit	bâtiment	cadre	caractériser	cause	cause de appel	causer	chacun	chef	circonstance	civil celui	civil dit	civil déclare	civil la condamner	civil vu	code civil	comprendre	compte	condamnation	condamnation au titre	condamnation de monsieur	condamnation ne appartenir	condamne	condamner à verser	confirmation	confirmer le jugement	conformément	conseil	considérer	consort	consort riehl	constater	constituer	constitutif	contestation	contester	contractuel	contraindre	contrat	contrat de travail	convenir	convenir convier	convier	demande de dommages	demande fin	demande former	dernier	destiner	destiner l initiative	deux	deux foi	deux foi fois	devant	devoir	devoir prendre	devoir se étendre	dilatoire	dispos	disposition	dol	dolosif	donner au litige	droit	droit de agir	dès	dès lors	débat	débouter	décision de justice	décision devoir	déclare	déclarer	déduire	défense	déférer	dégénérer	dégénérer en abus	déjà rendre	délai	démontrer	dépens	dépens de appel	dépens de premier	détailler	engager devant	entreprendre	entreprendre en tout	erreur	espèce	euro chacun	euro par application	exercice	exigence	exposer détailler	faire	faire application	faire droit	faire dégénérer	fait	faute même non	financier	fixer	fonder	formuler	frai	frai frais	frai frais irrépétibles	frais de avocat	gain	gain de cause	grossier	grossier ou dolosif	hauteur de appel	in solidum	indemnisation	initiative	interjeter	intimer	invoquer	jacques	jacques riehl	janvier	jugement	jugement déférer	jugement entreprendre	juger	juridiction	juridiction saisir	justement	justice de manière	justice déjà rendre	laisser	lequel	lieu	lieu à application	litige	lors	légitimement	légitimement penser	légèreté blâmable	madame	madame michelle	madame michelle riehl	mai	mal	mal fonder	manifestement	manière	mauvais	mauvais foi	mener	michelle	michelle riehl	monsieur jacques	monsieur jacques riehl	montant	moyen	méprendre	ni	non grossier	obligation	observation	observation oral	observer	obtenir gain	oral	ordonnance	particulier	partie qui pouvoir	payer un amende	payer à monsieur	penser	pension	percevoir	permettre	personnel	pouvoir	pouvoir donner	pouvoir légitimement	pouvoir légitimement penser	pouvoir être recevable	pouvoir être reprocher	premier foi	premier foi fois	premier juge	prendre	prendre en charge	preuve	prise	procédure abusif ainsi	procédure abusif considérant	procédure civil dit	procédure civil déclare	procédure civil vu	procédure de appel	produire	profit	précisément	préjudice	préjudice du dommages	prétention	qualité pour solliciter	question	quoi	quoi le consort	recevable	reconnaître	rejet	rejeté le demande	relation	reprocher	reprocher à monsieur	revanche	riehl	riehl avoir faire	riehl in	riehl in solidum	rupture	réclame	réformer	réformer le jugement	régler	régler un amende	régulier	résulter	saisir	salaire	sarl	sarl axiome	sarl axiome bâtiment	sci	sen	sen sens	sens	seulement	société axiome	solliciter	solliciter le condamnation	soutenir	suivant	supporter le dépens	surplus	tant	tel	tel condamnation	texte	titre	titre de amende	titre du disposition	toujours	travail	tribunal	venir	verser du dommage	verser le somme	verser un amende	vu
CAPAR1415151_acpa-accepte	acpa-accepte	0.0	0.0	0.0	0.06520512182325602	0.0	0.0	0.0	0.0	0.0	0.11410896319069805	0.15214528425426405	0.0	0.0	0.0	0.0	0.0	0.0	0.0	0.0	0.0	0.0	0.0	0.0	0.0	0.0	0.0	0.0	0.0	0.0	0.0	0.0	0.0	0.0	0.0	0.0	0.0	0.06520512182325602	0.0	0.0	0.0	0.0	0.0	0.0	0.0	0.0	0.0	0.0	0.0	0.0	0.0	0.0	0.0	0.0	0.0	0.0	0.0	0.0	0.0	0.0	0.0	0.0	0.0	0.0	0.0	0.0	0.6339386843927668	0.0	0.0	0.0	0.0	0.0	0.0	0.0	0.0	0.0	0.0	0.0	0.0	0.0	0.0	0.0	0.0	0.0	0.0	0.0	0.0	0.0	0.0	0.0	0.0	0.0	0.0	0.0	0.0	0.0	0.0	0.2738615116576753	0.0	0.0	0.0	0.0	0.0	0.0	0.0	0.06520512182325602	0.22476007901198097	0.0	0.0	0.0	0.0	0.0	0.0	0.0	0.0	0.0	0.0	0.0	0.0	0.0	0.0	0.0	0.0	0.0	0.0	0.0	0.0	0.0	0.0	0.0	0.0	0.0	0.0	0.0	0.0	0.0	0.0	0.0	0.11410896319069805	0.0	0.06520512182325602	0.0	0.0	0.0	0.0	0.0	0.0	0.0	0.0	0.0	0.0	0.0	0.0	0.0	0.0	0.0	0.0	0.0	0.0	0.0	0.0	0.0	0.0	0.0	0.0	0.0	0.0	0.0	0.0	0.0	0.0	0.0	0.0	0.15214528425426405	0.0	0.0	0.0	0.0	0.0	0.074689503179366	0.0	0.0	0.0	0.0	0.0	0.0	0.0	0.06520512182325602	0.0	0.0	0.0	0.074689503179366	0.0	0.0	0.0	0.0	0.0	0.0	0.0	0.15214528425426405	0.0	0.06520512182325602	0.0	0.0	0.0	0.0	0.0	0.0	0.0	0.0	0.0	0.0	0.0	0.0	0.0	0.0	0.0	0.0	0.0	0.0	0.15214528425426405	0.0	0.0	0.0	0.0	0.0	0.0	0.0	0.0	0.0	0.0	0.0	0.0	0.0	0.06520512182325602	0.0	0.0	0.0	0.0	0.0	0.0	0.0	0.0	0.0	0.0	0.0	0.5868460964093043	0.0	0.0	0.0	0.0	0.15214528425426405	0.5868460964093043	0.0	0.0	0.0	0.0	0.0	0.0	0.0	0.0	0.0	0.0	0.0	0.0	0.06520512182325602	0.06520512182325602	0.0	0.15214528425426405	0.0	0.0	0.0	0.0	0.0	0.0	0.06520512182325602	0.06520512182325602	0.06520512182325602	0.0	0.0	0.0	0.0	0.0	0.0	0.0	0.0	0.0	0.0	0.0	0.0	0.0	0.0	0.0	0.0	0.0	0.0	0.6112980170930252	0.0	0.0	0.0	0.0
CAVER1501501_acpa-accepte	acpa-accepte	0.0	0.0	0.0	0.0	0.0	0.05222154439879669	0.0	0.0	0.0	0.0913877026978942	0.0	0.0	0.0	0.059817405402258016	0.05222154439879669	0.0	0.0	0.0	0.0	0.0	0.0	0.0	0.0	0.0	0.0	0.0	0.0	0.053091903472109965	0.0	0.0	0.05222154439879669	0.0	0.0	0.05222154439879669	0.0	0.0	0.0	0.0	0.0	0.0	0.0	0.0	0.0	0.0	0.0	0.0	0.0	0.0	0.0	0.23432744281511333	0.0	0.0	0.12185027026385893	0.0	0.0	0.0	0.0	0.0	0.0	0.0	0.0	0.0	0.0	0.0	0.0	0.4874010810554357	0.0	0.0	0.0	0.0	0.05222154439879669	0.0	0.0	0.0	0.05222154439879669	0.0	0.0	0.23823290019536522	0.053091903472109965	0.05222154439879669	0.05222154439879669	0.0	0.0	0.12185027026385893	0.12185027026385893	0.12185027026385893	0.0	0.0	0.0	0.0	0.0	0.0	0.32567254052340483	0.0	0.0	0.12185027026385893	0.0	0.0	0.0	0.059817405402258016	0.05222154439879669	0.0	0.0	0.0	0.0	0.16892878377489537	0.0	0.0	0.0	0.0	0.0	0.0	0.0	0.0	0.0	0.0	0.23432744281511333	0.0	0.0	0.0	0.0	0.05396226254542325	0.0	0.05222154439879669	0.0	0.0	0.0	0.0	0.0	0.0	0.0	0.0	0.0	0.0	0.0	0.0	0.0	0.0	0.0	0.0	0.0	0.12185027026385893	0.0	0.0	0.0	0.0	0.0	0.0	0.0	0.0	0.0	0.0	0.0	0.0	0.0	0.0	0.0	0.0	0.0	0.0	0.05222154439879669	0.0	0.0	0.0	0.0	0.0	0.0	0.0	0.0	0.0	0.0	0.0	0.0	0.0	0.0	0.0	0.0913877026978942	0.0	0.059817405402258016	0.0	0.0	0.0	0.0	0.0	0.0	0.0	0.0	0.0	0.0	0.46999389958917026	0.0	0.0	0.0	0.05222154439879669	0.0	0.0	0.0	0.0	0.12388110810158992	0.0	0.0	0.0	0.0	0.05222154439879669	0.0	0.0	0.0	0.0	0.0	0.0	0.12185027026385893	0.0	0.0	0.0	0.0	0.0	0.0	0.12185027026385893	0.0	0.12185027026385893	0.0	0.0	0.0	0.0	0.0	0.0	0.0	0.059817405402258016	0.0	0.0	0.0	0.0	0.0	0.0	0.0	0.0	0.0	0.0	0.0	0.0	0.0	0.05222154439879669	0.0	0.0	0.0	0.0	0.0	0.0	0.0	0.05222154439879669	0.0	0.0	0.0	0.0	0.0	0.0	0.0	0.0	0.0	0.0	0.0	0.0	0.0	0.0	0.0	0.0	0.0	0.0	0.0	0.0	0.0	0.0	0.0	0.5169932895480873	0.0	0.0	0.0	0.05222154439879669	0.0	0.0	0.0	0.0	0.0	0.0	0.0	0.0	0.0	0.0	0.0	0.05483262161873653	0.0	0.0	0.05222154439879669	0.0	0.0	0.47782713124898973	0.0	0.0	0.0	0.0
CABAS1400506_acpa-accepte	acpa-accepte	0.0	0.0	0.0	0.0	0.0	0.0	0.0	0.0	0.0	0.0	0.0	0.0	0.03815868341260935	0.0	0.0	0.0	0.0	0.0	0.0	0.0	0.03815868341260935	0.0	0.0	0.03815868341260935	0.0	0.0	0.0	0.0	0.0	0.0	0.0	0.0	0.0	0.0	0.0	0.0	0.0	0.0	0.0	0.0	0.0	0.0	0.34342815071348415	0.34342815071348415	0.0	0.0	0.0	0.06677769597206637	0.0	0.0	0.1786694206610471	0.0	0.0	0.0	0.0	0.0	0.0	0.0	0.0	0.0	0.0	0.03815868341260935	0.0	0.0	0.0	0.35614771185102057	0.0	0.0	0.0	0.0	0.0	0.0	0.0	0.0	0.0	0.0	0.0	0.0	0.0	0.0	0.0	0.0	0.0	0.0	0.0	0.0	0.0	0.0	0.0	0.0	0.0	0.0	0.23797142564590923	0.0	0.0	0.08903692796275514	0.0	0.0	0.0	0.0	0.0	0.0	0.0	0.0	0.0	0.1214139926764843	0.0	0.0	0.0	0.0	0.0	0.0	0.0	0.0	0.0	0.0	0.17122486146683683	0.0	0.0	0.0	0.0	0.0	0.0	0.03981775660446193	0.0	0.0	0.0	0.0	0.0	0.0	0.0	0.0	0.3583598094401574	0.0	0.0	0.0	0.0	0.06968107405780838	0.17122486146683683	0.0	0.0	0.0	0.0	0.0	0.0	0.0	0.0	0.0	0.0	0.0	0.0	0.0	0.0	0.0	0.0	0.0	0.0	0.0	0.0	0.0	0.0	0.0	0.0	0.0	0.0	0.0	0.0	0.0	0.0	0.0	0.0	0.0	0.0	0.0	0.34342815071348415	0.0	0.0	0.0	0.0	0.0	0.0	0.0	0.0	0.0	0.0	0.0	0.0	0.0	0.0	0.34342815071348415	0.0	0.03815868341260935	0.03815868341260935	0.0	0.0	0.0	0.0	0.0	0.0	0.0	0.0	0.0	0.0	0.0	0.0	0.0	0.0	0.0	0.0	0.0	0.08903692796275514	0.0	0.0	0.0	0.0	0.0	0.0	0.08903692796275514	0.0	0.08903692796275514	0.0	0.0	0.0	0.0	0.0	0.0	0.0	0.0	0.0	0.0	0.0	0.0	0.0	0.0	0.0	0.0	0.0	0.0	0.0	0.0	0.0	0.03815868341260935	0.0	0.0	0.0	0.0	0.0	0.0	0.0	0.0	0.0	0.34342815071348415	0.0	0.0	0.0	0.0	0.0	0.0	0.0	0.0	0.0	0.0	0.0	0.0	0.0	0.0	0.0	0.0	0.0	0.0	0.0	0.0	0.0	0.0	0.0	0.0	0.0	0.0	0.0	0.0	0.0	0.0	0.0	0.0	0.0	0.0	0.0	0.0	0.0	0.03981775660446193	0.0	0.0	0.0	0.0	0.0	0.0	0.0	0.0	0.0	0.0
CACHA1502356_acpa-accepte	acpa-accepte	0.0	0.0	0.0	0.0	0.03884305422227194	0.0	0.0	0.0	0.0	0.0696747285112003	0.09289963801493373	0.0	0.0	0.04560527684369473	0.0	0.0	0.0	0.0	0.0	0.0	0.0	0.0	0.0	0.0	0.0	0.0	0.0	0.0	0.0	0.0	0.0	0.0	0.0	0.0	0.0	0.0	0.0	0.0	0.0	0.0	0.0	0.0	0.3495874880004474	0.3495874880004474	0.0	0.0	0.0	0.0	0.0	0.17429575612557918	0.18301054393185814	0.0	0.09063379318530117	0.03884305422227194	0.0	0.0	0.03884305422227194	0.0	0.0	0.03884305422227194	0.0	0.0	0.0	0.0	0.0	0.0	0.03884305422227194	0.0	0.0	0.0	0.0	0.0	0.0	0.0	0.0	0.0	0.03884305422227194	0.17429575612557918	0.0	0.0	0.0	0.0	0.0	0.09063379318530117	0.09063379318530117	0.09063379318530117	0.0	0.0	0.0	0.0	0.0	0.0	0.24829539614900467	0.03981413057782873	0.03981413057782873	0.0	0.0	0.0	0.0	0.04449295301823876	0.0	0.16721934842688072	0.0	0.0	0.0	0.12359153616177433	0.0	0.0	0.0	0.0	0.0	0.0	0.0	0.0	0.0	0.0	0.0	0.0	0.0	0.0	0.0	0.0	0.0	0.03981413057782873	0.0	0.0	0.0	0.0	0.0	0.0	0.0	0.0	0.3495874880004474	0.0	0.0	0.0	0.0	0.0696747285112003	0.17429575612557918	0.0	0.0	0.09063379318530117	0.0	0.0	0.0	0.0	0.0	0.0	0.0	0.0	0.0	0.0	0.0	0.0	0.0	0.0	0.0	0.0	0.0	0.0	0.0	0.0	0.0	0.0	0.0	0.0	0.0	0.0	0.0	0.0	0.0	0.03884305422227194	0.09063379318530117	0.0	0.3495874880004474	0.0	0.0	0.0	0.0	0.0	0.0	0.0	0.0	0.0	0.0	0.0	0.0	0.0	0.0	0.0	0.04449295301823876	0.0	0.0	0.0	0.0	0.0	0.0	0.0	0.0	0.0	0.0	0.0	0.0	0.0	0.0	0.0	0.0	0.0	0.0	0.03884305422227194	0.0	0.0	0.0	0.0	0.0	0.0	0.0	0.0	0.0	0.09516548284456625	0.0	0.0	0.0	0.0	0.0	0.0	0.0	0.04449295301823876	0.0	0.0	0.0	0.0	0.0	0.0	0.0	0.0	0.0	0.0	0.0	0.03981413057782873	0.0	0.03981413057782873	0.0	0.0	0.0	0.3495874880004474	0.0	0.0	0.0	0.0	0.09063379318530117	0.0	0.0	0.0	0.0	0.0	0.0	0.0	0.0	0.0	0.0	0.0	0.0	0.0	0.0	0.0	0.0	0.09063379318530117	0.0	0.0	0.0	0.0	0.0	0.3670668624004698	0.0	0.0	0.0	0.0	0.0	0.0	0.0	0.0	0.0	0.0	0.0	0.0	0.0	0.0	0.0	0.041756283288942334	0.03884305422227194	0.0	0.0	0.0	0.0	0.0	0.03884305422227194	0.0	0.0	0.0
CAMET1502360_acpa-accepte	acpa-accepte	0.0	0.0	0.09346702465654058	0.0	0.0	0.0	0.0965825921450919	0.0	0.0	0.163567293148946	0.21808972419859468	0.29739507845262914	0.0	0.0	0.0	0.0	0.0	0.0	0.15098519367595017	0.15098519367595017	0.0	0.0	0.0	0.0	0.0	0.21808972419859468	0.1560180334651485	0.0	0.0	0.0	0.0	0.0	0.0	0.0	0.0	0.0	0.0	0.0	0.0	0.0	0.0	0.0	0.0	0.0	0.0	0.0	0.0	0.0	0.0	0.0	0.0	0.0	0.0	0.0	0.0	0.0	0.0	0.0	0.0	0.0	0.0	0.09346702465654058	0.0	0.0	0.0	0.8723588967943787	0.09346702465654058	0.0	0.0	0.0	0.0	0.0	0.0	0.0	0.0	0.0	0.0	0.0	0.0	0.09346702465654058	0.0	0.0	0.0	0.0	0.0	0.0	0.0	0.0	0.0	0.0	0.0	0.0	0.0	0.0	0.0	0.0	0.0	0.0	0.0	0.10706222824294648	0.0	0.39256150355747044	0.0	0.0	0.0	0.0	0.0	0.15098519367595017	0.15098519367595017	0.0	0.0	0.0	0.0	0.0	0.0	0.0	0.0	0.0	0.0	0.0	0.0	0.0	0.0	0.09346702465654058	0.0	0.0	0.0	0.0	0.0	0.0	0.0	0.29739507845262914	0.0	0.0	0.0	0.0	0.0	0.0	0.0	0.0	0.0	0.0	0.0	0.0	0.0	0.0	0.0	0.0	0.0	0.0	0.0	0.0	0.0	0.0	0.0	0.0	0.0	0.0	0.0	0.0	0.0	0.0	0.0	0.0	0.0	0.5088760231300542	0.0	0.0	0.0	0.09346702465654058	0.0	0.0	0.21808972419859468	0.0	0.0	0.0	0.0	0.0	0.0	0.21808972419859468	0.0	0.0	0.0	0.21808972419859468	0.0	0.0	0.0	0.0	0.0	0.8412032219088653	0.10706222824294648	0.0	0.0	0.0	0.0	0.0	0.0	0.0	0.0	0.0	0.0	0.0	0.0	0.0	0.0	0.0	0.09346702465654058	0.0	0.0	0.0	0.0	0.0	0.0	0.0	0.0	0.0	0.0	0.0	0.0	0.22535938167188113	0.0	0.0	0.0	0.0	0.0	0.0	0.0	0.0	0.0	0.0	0.0	0.0	0.09346702465654058	0.0	0.0	0.0	0.0	0.0	0.0	0.0	0.0	0.09346702465654058	0.09346702465654058	0.0	0.0	0.0	0.0	0.0	0.0	0.0	0.0	0.0	0.0	0.0	0.0	0.0	0.0	0.0	0.0	0.0	0.0	0.0	0.0	0.0	0.0	0.0	0.0	0.0	0.0	0.0	0.0	0.0	0.0	0.0	0.0	0.0	0.0	0.0	0.0	0.0	0.0	0.0	0.0	0.0	0.0	0.0	0.0	0.0	0.0	0.0965825921450919	0.0	0.0	0.0	0.0	0.09346702465654058	0.0	0.0	0.0	0.0	0.0
CADIJ1501045_acpa-rejette	acpa-rejette	0.07696163036785542	0.12432263367115107	0.0	0.0	0.07809341904973564	0.0	0.0	0.0	0.07696163036785542	0.13666348333703737	0.17957713752499596	0.0	0.07809341904973564	0.0	0.0	0.07696163036785542	0.07696163036785542	0.0	0.12615090769572682	0.0	0.0	0.0	0.07696163036785542	0.0	0.0	0.17957713752499596	0.12615090769572682	0.0	0.17957713752499596	0.07696163036785542	0.0	0.0	0.07696163036785542	0.07696163036785542	0.07696163036785542	0.07696163036785542	0.0	0.08714772850477745	0.08148878509537631	0.07696163036785542	0.0	0.0	0.0	0.0	0.08148878509537631	0.0	0.17957713752499596	0.13468285314374698	0.0	0.0	0.0	0.17957713752499596	0.17957713752499596	0.0	0.07696163036785542	0.07696163036785542	0.0	0.0	0.0	0.0	0.0	0.08035699641349608	0.07696163036785542	0.0	0.07696163036785542	0.0	0.07696163036785542	0.07696163036785542	0.12432263367115107	0.0	0.0	0.0	0.08035699641349608	0.08035699641349608	0.0	0.07696163036785542	0.07696163036785542	0.0	0.0	0.0	0.0	0.0	0.0	0.0	0.0	0.0	0.07922520773161586	0.0	0.12432263367115107	0.0	0.07696163036785542	0.07696163036785542	0.0	0.0	0.0	0.17957713752499596	0.33274587247278664	0.07696163036785542	0.07696163036785542	0.08815604933045255	0.0	0.33749938493668363	0.0	0.07696163036785542	0.0	0.2520802064187777	0.07696163036785542	0.12432263367115107	0.12432263367115107	0.0	0.33274587247278664	0.07696163036785542	0.07696163036785542	0.07696163036785542	0.0	0.07696163036785542	0.0	0.12432263367115107	0.17957713752499596	0.12432263367115107	0.07696163036785542	0.07696163036785542	0.0	0.07809341904973564	0.17957713752499596	0.0	0.0	0.07696163036785542	0.1874996582981575	0.07696163036785542	0.0	0.0	0.0	0.12432263367115107	0.0	0.0	0.0	0.13864411353032774	0.0	0.07696163036785542	0.07696163036785542	0.0	0.07696163036785542	0.12432263367115107	0.0	0.17957713752499596	0.0	0.0	0.0	0.0	0.07696163036785542	0.07696163036785542	0.07696163036785542	0.12432263367115107	0.07696163036785542	0.07922520773161586	0.07809341904973564	0.0	0.07696163036785542	0.0	0.0	0.0	0.07696163036785542	0.07696163036785542	0.0	0.4498231238983967	0.12432263367115107	0.1874996582981575	0.0	0.07696163036785542	0.07696163036785542	0.0	0.17957713752499596	0.07696163036785542	0.0	0.07696163036785542	0.13468285314374698	0.07696163036785542	0.0	0.17957713752499596	0.07696163036785542	0.07696163036785542	0.0	0.17957713752499596	0.07696163036785542	0.07696163036785542	0.0	0.0	0.0	0.0	0.08815604933045255	0.0	0.0	0.0	0.07696163036785542	0.07696163036785542	0.07696163036785542	0.07696163036785542	0.0	0.12432263367115107	0.0	0.07696163036785542	0.07696163036785542	0.0	0.0	0.0	0.07696163036785542	0.07696163036785542	0.0	0.0	0.17957713752499596	0.07696163036785542	0.0	0.0	0.12432263367115107	0.0	0.0	0.0	0.07696163036785542	0.184858818040437	0.0	0.07696163036785542	0.07696163036785542	0.07696163036785542	0.0	0.0	0.0	0.08945246182060627	0.07696163036785542	0.07696163036785542	0.07696163036785542	0.0	0.0	0.0	0.07696163036785542	0.07696163036785542	0.0	0.0	0.0	0.0	0.0	0.07696163036785542	0.07696163036785542	0.0	0.12432263367115107	0.0	0.07696163036785542	0.07696163036785542	0.07696163036785542	0.0	0.0	0.0	0.0	0.0	0.0	0.12432263367115107	0.08375236245913678	0.07696163036785542	0.07696163036785542	0.07696163036785542	0.0	0.0	0.07696163036785542	0.07696163036785542	0.0	0.0	0.07696163036785542	0.0	0.07696163036785542	0.0	0.08375236245913678	0.08375236245913678	0.08148878509537631	0.0	0.0	0.0	0.0	0.07696163036785542	0.07922520773161586	0.12797918172030254	0.07696163036785542	0.0	0.0	0.0	0.0	0.07696163036785542	0.12432263367115107	0.07696163036785542	0.07696163036785542	0.08148878509537631	0.0	0.12432263367115107	0.0	0.0	0.0	0.0	0.0	0.0	0.07696163036785542	0.0
CAPAR1507861_acpa-rejette	acpa-rejette	0.0	0.0	0.1105945034237477	0.1105945034237477	0.0	0.0	0.0	0.0	0.0	0.0	0.0	0.3518916018028336	0.0	0.0	0.0	0.0	0.0	0.0	0.0	0.1786526593768232	0.0	0.0	0.0	0.1105945034237477	0.0	0.0	0.0	0.0	0.0	0.0	0.0	0.0	0.0	0.0	0.0	0.0	0.0	0.0	0.0	0.0	0.1786526593768232	0.0	0.0	0.0	0.0	0.0	0.0	0.0	0.0	0.0	0.0	0.0	0.0	0.0	0.0	0.0	0.0	0.0	0.0	0.0	0.0	0.0	0.0	0.0	0.0	1.0322153652883117	0.0	0.0	0.0	0.0	0.0	0.1105945034237477	0.0	0.0	0.0	0.0	0.0	0.49625738715784223	0.0	0.0	0.12064854918954293	0.0	0.0	0.2580538413220779	0.2580538413220779	0.2580538413220779	0.0	0.0	0.0	0.1786526593768232	0.0	0.0	0.6897075395335539	0.1105945034237477	0.1105945034237477	0.0	0.46449691437974044	0.0	0.0	0.0	0.0	0.0	0.0	0.0	0.1105945034237477	0.0	0.0	0.0	0.0	0.0	0.0	0.0	0.0	0.0	0.0	0.0	0.49625738715784223	0.0	0.0	0.0	0.0	0.0	0.0	0.0	0.0	0.0	0.0	0.0	0.0	0.0	0.0	0.0	0.0	0.0	0.0	0.0	0.0	0.19354038099155846	0.0	0.0	0.0	0.0	0.0	0.0	0.0	0.0	0.0	0.1786526593768232	0.1786526593768232	0.1105945034237477	0.0	0.0	0.0	0.0	0.0	0.0	0.0	0.0	0.0	0.0	0.0	0.0	0.0	0.0	0.0	0.0	0.0	0.0	0.0	0.0	0.0	0.0	0.0	0.0	0.0	0.0	0.0	0.0	0.1266809766490201	0.2580538413220779	0.0	0.0	0.0	0.0	0.0	0.0	0.0	0.0	0.0	0.0	0.0	0.0	0.0	0.0	0.0	0.0	0.0	0.0	0.0	0.0	0.0	0.0	0.0	0.0	0.0	0.0	0.0	0.0	0.0	0.0	0.0	0.0	0.0	0.0	0.0	0.0	0.0	0.0	0.0	0.0	0.0	0.0	0.0	0.0	0.0	0.0	0.0	0.0	0.0	0.0	0.0	0.0	0.1105945034237477	0.1105945034237477	0.0	0.0	0.0	0.0	0.0	0.0	0.0	0.0	0.0	0.0	0.0	0.0	0.0	0.0	0.0	0.0	0.2580538413220779	0.0	0.0	0.0	0.0	0.0	0.0	0.0	0.0	0.0	0.0	0.0	0.0	0.0	0.0	0.0	0.0	0.0	0.0	0.0	0.0	0.0	0.0	0.0	0.0	0.0	0.0	0.0	0.0	0.0	0.0	0.0	0.0	0.0	0.0	0.0	0.0	0.0	0.0	0.11562152630664531	0.0	0.0	0.0	0.0	0.0	0.0	0.0	0.0	0.0	0.0
CALYO1501346_acpa-rejette	acpa-rejette	0.0	0.0	0.0	0.0	0.0	0.0	0.0	0.0	0.0	0.0	0.0	0.0	0.0	0.0	0.0	0.0	0.0	0.18891411136906888	0.0	0.0	0.0	0.0	0.0	0.0	0.0	0.0	0.0	0.0	0.0	0.0	0.0	0.0	0.0	0.0	0.0	0.0	0.19416172557376526	0.0	0.0	0.0	0.0	0.0	0.0	0.0	0.0	0.0	0.0	0.3397830197540892	0.0	0.0	0.0	0.0	0.0	0.0	0.0	0.0	0.0	0.19416172557376526	0.30516894913464976	0.18891411136906888	0.0	0.0	0.0	0.0	0.0	0.0	0.0	0.0	0.30516894913464976	0.0	0.18891411136906888	0.0	0.0	0.0	0.0	0.0	0.0	0.0	0.0	0.0	0.0	0.19940933977846156	0.19940933977846156	0.0	0.0	0.0	0.0	0.18891411136906888	0.0	0.0	0.0	0.0	0.0	0.0	0.0	0.0	0.7934392677500894	0.0	0.0	0.0	0.0	0.8154792474098143	0.0	0.0	0.0	0.0	0.0	0.0	0.0	0.0	0.7934392677500894	0.0	0.0	0.0	0.0	0.0	0.0	0.0	0.0	0.0	0.0	0.0	0.0	0.19416172557376526	0.0	0.0	0.0	0.0	0.4530440263387856	0.0	0.0	0.0	0.0	0.0	0.0	0.0	0.0	0.0	0.0	0.0	0.0	0.0	0.0	0.0	0.0	0.0	0.18891411136906888	0.0	0.0	0.0	0.0	0.0	0.0	0.0	0.0	0.0	0.0	0.0	0.0	0.30516894913464976	0.0	0.0	0.0	0.0	0.3221227796421303	1.0856730721271797	0.0	0.4530440263387856	0.19940933977846156	0.0	0.0	0.0	0.0	0.0	0.0	0.0	0.0	0.0	0.0	0.0	0.0	0.0	0.0	0.0	0.0	0.0	0.0	0.0	0.0	0.0	0.0	0.0	0.0	0.0	0.0	0.0	0.0	0.0	0.0	0.0	0.0	0.0	0.0	0.0	0.19416172557376526	0.19416172557376526	0.0	0.0	0.19416172557376526	0.0	0.0	0.0	0.18891411136906888	0.0	0.0	0.0	0.0	0.0	0.0	0.0	0.0	0.0	0.0	0.0	0.0	0.18891411136906888	0.18891411136906888	0.0	0.0	0.0	0.0	0.19416172557376526	0.0	0.0	0.0	0.0	0.19416172557376526	0.0	0.19416172557376526	0.0	0.0	0.18891411136906888	0.0	0.0	0.0	0.0	0.0	0.0	0.0	0.0	0.0	0.0	0.0	0.0	0.0	0.0	0.0	0.0	0.0	0.0	0.19940933977846156	0.0	0.18891411136906888	0.18891411136906888	0.0	0.0	0.0	0.0	0.0	0.18891411136906888	0.0	0.0	0.0	0.0	0.0	0.0	0.0	0.0	0.0	0.0	0.0	0.0	0.30516894913464976	0.0	0.18891411136906888	0.0	0.0	0.0	0.0	0.19940933977846156	0.0	0.30516894913464976	0.0	0.20465695398315797	0.0	0.0	0.0	0.0	0.0	0.3136458643883901
CALYO1504370_acpa-rejette	acpa-rejette	0.0	0.0	0.0	0.0	0.0	0.15268816555586354	0.0	0.0	0.0	0.26720428972276117	0.0	0.48582598131411125	0.0	0.0	0.0	0.0	0.0	0.0	0.0	0.0	0.15268816555586354	0.0	0.0	0.0	0.0	0.0	0.0	0.15268816555586354	0.0	0.0	0.0	0.0	0.0	0.0	0.0	0.0	0.0	0.0	0.0	0.0	0.2466501135902411	0.0	0.0	0.0	0.0	0.0	0.0	0.26720428972276117	0.0	0.6851392044173363	0.0	0.0	0.0	0.0	0.0	0.0	0.0	0.0	0.0	0.0	0.2466501135902411	0.0	0.0	0.0	0.0	0.0	0.0	0.0	0.0	0.0	0.0	0.0	0.0	0.0	0.0	0.0	0.0	0.0	0.0	0.0	0.0	0.0	0.0	0.0	0.0	0.0	0.0	0.0	0.0	0.0	0.0	0.0	0.0	0.0	0.0	0.0	0.7249368555956652	0.0	0.0	0.0	0.0	0.0	0.0	0.0	0.0	0.0	0.0	0.0	0.0	0.15268816555586354	0.6412902953346269	0.0	0.0	0.0	0.0	0.0	0.0	0.2466501135902411	0.0	0.0	0.0	0.0	0.0	0.15268816555586354	0.0	0.0	0.0	0.0	0.0	0.0	0.0	0.0	0.0	0.2466501135902411	0.0	0.0	0.0	0.0	0.0	0.0	0.0	0.3562723862970149	0.0	0.2466501135902411	0.15268816555586354	0.3562723862970149	0.0	0.0	0.0	0.0	0.0	0.0	0.0	0.0	0.0	0.0	0.0	0.0	0.0	0.0	0.0	0.0	0.0	0.0	0.2573740315724255	0.8313022346930347	0.2466501135902411	0.0	0.0	0.0	0.0	0.15268816555586354	0.0	0.0	0.0	0.0	0.26720428972276117	0.0	0.0	0.0	0.0	0.0	0.0	0.3562723862970149	0.0	0.0	0.0	0.0	0.0	0.0	0.0	0.0	0.0	0.0	0.0	0.0	0.0	0.0	0.3562723862970149	0.0	0.0	0.16596539734332993	0.0	0.15268816555586354	0.0	0.0	0.0	0.0	0.0	0.0	0.0	0.0	0.0	0.0	0.0	0.15268816555586354	0.0	0.3562723862970149	0.0	0.0	0.0	0.0	0.0	0.0	0.0	0.0	0.0	0.17489735327308006	0.0	0.0	0.0	0.0	0.0	0.0	0.0	0.0	0.0	0.2466501135902411	0.15268816555586354	0.0	0.0	0.15268816555586354	0.0	0.0	0.0	0.0	0.0	0.0	0.0	0.0	0.0	0.0	0.0	0.0	0.0	0.0	0.0	0.0	0.0	0.0	0.0	0.0	0.0	0.0	0.0	0.0	0.15268816555586354	0.0	0.0	0.0	0.0	0.0	0.0	0.0	0.0	0.0	0.0	0.0	0.0	0.0	0.0	0.0	0.2573740315724255	0.0	0.0	0.0	0.2466501135902411	0.0	0.0	0.15268816555586354	0.0	0.0	0.0	0.0	0.15268816555586354	0.0	0.0	0.2466501135902411	0.0	0.0
CAAIX1416771_acpa-rejette	acpa-rejette	0.0	0.0	0.0	0.0	0.0	0.0	0.17191266233506244	0.17191266233506244	0.0	0.3008471590863593	0.0	0.0	0.0	0.1969181404928897	0.17191266233506244	0.0	0.0	0.0	0.0	0.0	0.0	0.0	0.0	0.0	0.0	0.0	0.0	0.0	0.0	0.0	0.0	0.0	0.0	0.0	0.0	0.0	0.0	0.0	0.0	0.0	0.0	0.17191266233506244	0.0	0.0	0.0	0.0	0.40112954544847906	0.0	0.0	0.0	0.0	0.0	0.0	0.0	0.0	0.0	0.0	0.0	0.27770506992587013	0.0	0.0	0.17191266233506244	0.0	0.0	0.0	0.0	0.0	0.0	0.0	0.17191266233506244	0.0	0.0	0.0	0.0	0.0	0.0	0.0	0.0	0.0	0.0	0.0	0.0	0.0	0.0	0.0	0.0	0.0	0.0	0.0	0.0	0.0	0.0	0.0	0.0	0.0	0.0	0.7701687272610799	0.0	0.0	0.0	0.0	0.7220331818072624	0.17191266233506244	0.0	0.0	0.5469948347024715	0.0	0.27770506992587013	0.27770506992587013	0.0	0.0	0.0	0.0	0.0	0.0	0.0	0.0	0.0	0.40112954544847906	0.0	0.0	0.0	0.0	0.18337350649073328	0.40112954544847906	0.0	0.0	0.0	0.0	0.0	0.17191266233506244	0.5469948347024715	0.0	0.0	0.17191266233506244	0.0	0.0	0.0	0.0	0.0	0.0	0.40112954544847906	0.0	0.0	0.0	0.0	0.0	0.0	0.0	0.0	0.0	0.0	0.0	0.0	0.0	0.0	0.0	0.0	0.0	0.0	0.0	0.0	0.0	0.0	0.0	0.9359689393797844	0.0	0.0	0.0	0.0	0.0	0.0	0.0	0.0	0.0	0.0	0.3008471590863593	0.0	0.0	0.40112954544847906	0.0	0.0	0.17191266233506244	0.0	0.0	0.0	0.0	0.0	0.0	0.0	0.0	0.0	0.0	0.0	0.0	0.0	0.0	0.0	0.0	0.0	0.17191266233506244	0.0	0.0	0.0	0.0	0.0	0.0	0.0	0.0	0.0	0.0	0.0	0.0	0.0	0.0	0.0	0.0	0.0	0.0	0.40112954544847906	0.17191266233506244	0.0	0.0	0.0	0.0	0.0	0.0	0.0	0.0	0.0	0.0	0.0	0.0	0.0	0.0	0.0	0.0	0.0	0.0	0.0	0.0	0.0	0.0	0.40112954544847906	0.0	0.0	0.0	0.0	0.0	0.0	0.0	0.0	0.0	0.0	0.0	0.0	0.0	0.0	0.0	0.0	0.0	0.0	0.0	0.0	0.0	0.0	0.0	0.0	0.0	0.0	0.0	0.0	0.0	0.0	0.0	0.0	0.0	0.0	0.0	0.0	0.0	0.0	0.0	0.0	0.0	0.0	0.0	0.0	0.0	0.18337350649073328	0.0	0.0	0.0	0.0	0.0	0.0	0.0	0.27770506992587013	0.0	0.0
CAROU1501321_acpa-rejette	acpa-rejette	0.0	0.0	0.0	0.0	0.0	0.0	0.0	0.0	0.0	0.0	0.0	0.3122918458791144	0.0	0.11242506451648118	0.0	0.0	0.0	0.0	0.0	0.1585481679078581	0.0	0.0	0.0	0.0	0.09814886584772167	0.22901402031135057	0.0	0.0	0.22901402031135057	0.0	0.0	0.09814886584772167	0.0	0.0	0.0	0.0	0.0	0.0	0.0	0.0	0.0	0.0	0.0	0.0	0.0	0.09814886584772167	0.0	0.17176051523351293	0.1585481679078581	0.0	0.0	0.23378514573450374	0.0	0.0	0.0	0.0	0.0	0.0	0.1585481679078581	0.0	0.1585481679078581	0.09814886584772167	0.0	0.09814886584772167	0.0	0.0	0.0	0.0	0.1585481679078581	0.0	0.0	0.09814886584772167	0.0	0.0	0.0	0.09814886584772167	0.0	0.0	0.0	0.0	0.0	0.0	0.0	0.23378514573450374	0.23378514573450374	0.23378514573450374	0.0	0.09814886584772167	0.0	0.16185125473927184	0.0	0.0	0.6120920179230643	0.0	0.0	0.0	0.4208132623221068	0.0	0.0	0.0	0.0	0.4208132623221068	0.0	0.0	0.0	0.0	0.0	0.0	0.0	0.09814886584772167	0.41222523656043103	0.0	0.0	0.0	0.0	0.0	0.0	0.0	0.0	0.0	0.0	0.0	0.1001936338862159	0.10223840192471008	0.0	0.09814886584772167	0.09814886584772167	0.0	0.23378514573450374	0.09814886584772167	0.0	0.0	0.0	0.0	0.0	0.09814886584772167	0.09814886584772167	0.0	0.0	0.0	0.0	0.0	0.0	0.0	0.1001936338862159	0.0	0.0	0.0	0.0	0.0	0.0	0.0	0.0	0.0	0.0	0.0	0.0	0.09814886584772167	0.0	0.1585481679078581	0.0	0.09814886584772167	0.0	0.0	0.0	0.5677639253552232	0.0	0.23378514573450374	0.0	0.0	0.0	0.0	0.0	0.0	0.0	0.0	0.17176051523351293	0.0	0.0	0.0	0.0	0.0	0.0	0.0	0.0	0.0	0.09814886584772167	0.0	0.0	0.0	0.0	0.0	0.0	0.09814886584772167	0.0	0.0	0.0	0.0	0.0	0.1585481679078581	0.0	0.0	0.0	0.0	0.0	0.0	0.0	0.0	0.0	0.0	0.0	0.0	0.0	0.1001936338862159	0.1585481679078581	0.0	0.09814886584772167	0.22901402031135057	0.0	0.23378514573450374	0.0	0.0	0.0	0.0	0.09814886584772167	0.0	0.0	0.0	0.0	0.0	0.0	0.0	0.0	0.0	0.0	0.0	0.0	0.0	0.0	0.0	0.09814886584772167	0.10223840192471008	0.0	0.22901402031135057	0.1585481679078581	0.0	0.0	0.0	0.0	0.0	0.22901402031135057	0.0	0.1001936338862159	0.09814886584772167	0.09814886584772167	0.0	0.0	0.0	0.0	0.0	0.0	0.09814886584772167	0.0	0.0	0.09814886584772167	0.09814886584772167	0.0	0.22901402031135057	0.0	0.0	0.0	0.0	0.0	0.0	0.0	0.0	0.0	0.0	0.0	0.1585481679078581	0.0	0.09814886584772167	0.0	0.22901402031135057	0.0	0.09814886584772167	0.0	0.0	0.0	0.10428316996320428	0.0	0.0	0.1001936338862159	0.0	0.0	0.0	0.0	0.0	0.0	0.1585481679078581
CAROU1406104_acpa-rejette	acpa-rejette	0.0	0.0	0.0	0.0	0.0	0.0	0.0	0.0	0.0	0.0	0.0	0.4076914208354816	0.0	0.0	0.0	0.0	0.0	0.12813158940543706	0.20698179827032145	0.2128955639351878	0.0	0.12813158940543706	0.0	0.0	0.12813158940543706	0.29897370861268646	0.2128955639351878	0.0	0.0	0.0	0.13179249195987813	0.12813158940543706	0.0	0.0	0.0	0.0	0.0	0.0	0.0	0.0	0.0	0.0	0.0	0.0	0.0	0.0	0.0	0.22423028145951487	0.20698179827032145	0.0	0.0	0.0	0.0	0.12813158940543706	0.0	0.0	0.0	0.12813158940543706	0.0	0.0	0.20698179827032145	0.12813158940543706	0.0	0.0	0.0	0.0	0.0	0.0	0.0	0.0	0.0	0.0	0.0	0.0	0.0	0.0	0.0	0.0	0.12813158940543706	0.0	0.0	0.12813158940543706	0.12813158940543706	0.0	0.0	0.0	0.0	0.0	0.20698179827032145	0.20698179827032145	0.0	0.0	0.0	0.0	0.0	0.0	0.0	0.0	0.0	0.0	0.0	0.5381526755028357	0.0	0.0	0.0	0.4076914208354816	0.0	0.0	0.0	0.0	0.5381526755028357	0.0	0.0	0.0	0.0	0.0	0.0	0.20698179827032145	0.0	0.0	0.0	0.0	0.0	0.12813158940543706	0.0	0.12813158940543706	0.12813158940543706	0.0	0.307515814573049	0.0	0.0	0.4076914208354816	0.0	0.0	0.0	0.0	0.12813158940543706	0.0	0.0	0.0	0.0	0.0	0.0	0.20698179827032145	0.0	0.0	0.0	0.0	0.0	0.0	0.0	0.0	0.0	0.0	0.0	0.0	0.0	0.13179249195987813	0.0	0.20698179827032145	0.0	0.0	0.0	0.0	0.2128955639351878	0.7374684812446266	0.20698179827032145	0.307515814573049	0.0	0.0	0.0	0.0	0.0	0.0	0.0	0.12813158940543706	0.0	0.0	0.0	0.0	0.0	0.0	0.0	0.0	0.0	0.0	0.0	0.0	0.0	0.0	0.0	0.0	0.0	0.0	0.0	0.0	0.0	0.0	0.29897370861268646	0.20698179827032145	0.0	0.0	0.0	0.0	0.12813158940543706	0.12813158940543706	0.12813158940543706	0.0	0.12813158940543706	0.0	0.0	0.0	0.0	0.0	0.0	0.12813158940543706	0.12813158940543706	0.0	0.12813158940543706	0.29897370861268646	0.0	0.0	0.0	0.0	0.0	0.0	0.0	0.14676891150077337	0.0	0.0	0.0	0.12813158940543706	0.0	0.0	0.0	0.0	0.12813158940543706	0.0	0.0	0.12813158940543706	0.0	0.12813158940543706	0.0	0.3160579205334115	0.0	0.0	0.0	0.0	0.0	0.12813158940543706	0.0	0.0	0.0	0.0	0.0	0.0	0.0	0.0	0.0	0.0	0.0	0.0	0.0	0.0	0.0	0.0	0.0	0.29897370861268646	0.0	0.12813158940543706	0.0	0.0	0.0	0.0	0.0	0.0	0.0	0.0	0.0	0.0	0.0	0.13179249195987813	0.0	0.29897370861268646	0.12813158940543706	0.0	0.0	0.0	0.0	0.12813158940543706	0.0	0.0	0.0	0.12813158940543706	0.0	0.0	0.12813158940543706	0.0	0.0	0.21880932960005411
CAPAR1305998_acpa-rejette	acpa-rejette	0.0	0.0	0.0	0.0	0.0	0.0	0.0	0.0	0.0	0.5959832443055496	0.0	0.0	0.0	0.0	0.0	0.0	0.0	0.0	0.0	0.0	0.0	0.3405618538888855	0.0	0.0	0.0	0.0	0.0	0.0	0.0	0.0	0.0	0.0	0.0	0.0	0.0	0.0	0.0	0.0	0.0	0.0	0.0	0.0	0.0	0.0	0.0	0.0	0.0	0.0	0.0	0.0	0.0	0.7946443257407328	0.0	0.0	0.0	0.0	0.0	0.0	0.0	0.0	0.0	0.0	0.0	0.0	0.0	0.0	0.0	0.0	0.0	0.3405618538888855	0.0	0.0	0.0	0.0	0.0	0.0	0.0	0.0	0.0	0.0	0.0	0.0	0.0	0.0	0.0	0.0	0.0	0.0	0.0	0.0	0.0	0.0	0.0	0.0	0.0	0.0	0.0	0.0	0.0	0.3900981235454506	0.0	1.5403874622051132	0.0	0.0	0.0	1.083605898737363	0.0	0.0	0.0	0.0	0.0	0.0	0.0	0.0	0.0	0.0	0.0	0.0	0.0	0.0	0.0	0.0	0.3405618538888855	0.3405618538888855	0.0	0.0	0.0	0.0	0.0	0.0	0.0	1.083605898737363	0.0	0.0	0.0	0.0	0.0	0.0	0.0	0.0	0.0	0.0	0.0	0.0	0.0	0.0	0.0	0.0	0.0	0.0	0.0	0.0	0.0	0.0	0.0	0.0	0.0	0.0	0.0	0.0	0.0	0.0	0.0	0.0	0.0	0.0	0.0	0.0	0.0	0.0	0.0	0.0	0.0	0.0	0.0	0.0	0.5959832443055496	0.0	0.0	0.0	0.0	0.0	0.0	0.9168972989316149	0.0	0.0	0.0	0.0	0.0	0.0	0.3900981235454506	0.0	0.0	0.0	0.0	0.0	0.0	0.0	0.0	0.0	0.0	0.0	0.0	0.0	0.0	0.0	0.0	0.0	0.0	0.0	0.0	0.0	0.0	0.0	0.0	0.0	0.0	0.0	0.0	0.7946443257407328	0.0	0.0	0.0	0.0	0.0	0.0	0.0	0.0	0.0	0.0	0.0	0.0	0.0	0.0	0.0	0.0	0.0	0.0	0.0	0.0	0.0	0.0	0.0	0.0	0.0	0.0	0.0	0.0	0.0	0.0	0.0	0.0	0.0	0.0	0.0	0.5501383793589689	0.0	0.0	0.0	0.0	0.0	0.0	0.0	0.0	0.0	0.0	0.0	0.0	0.0	0.0	0.0	0.0	0.0	0.0	0.0	0.0	0.0	0.0	0.0	0.0	0.0	0.0	0.0	0.0	0.0	0.0	0.0	0.0	0.0	0.3405618538888855	0.3405618538888855	0.0	0.0	0.0	0.0	0.0	0.0	0.5501383793589689	0.0	0.0
CAVER1501683_acpa-rejette	acpa-rejette	0.0	0.0	0.0	0.0	0.0	0.0	0.21104212051203428	0.21104212051203428	0.0	0.0	0.0	0.0	0.0	0.0	0.0	0.0	0.0	0.0	0.0	0.0	0.0	0.0	0.0	0.0	0.0	0.0	0.0	0.0	0.0	0.0	0.0	0.0	0.0	0.0	0.0	0.0	0.0	0.0	0.0	0.0	0.0	0.21104212051203428	0.0	0.0	0.0	0.0	0.0	0.36932371089606	0.34091419467328615	0.0	0.0	0.0	0.0	0.0	0.0	0.0	0.21104212051203428	0.0	0.0	0.0	0.0	0.0	0.0	0.0	0.0	0.0	0.0	0.0	0.0	0.0	0.0	0.0	0.0	0.0	0.0	0.0	0.0	0.0	0.0	0.0	0.0	0.0	0.0	0.0	0.0	0.0	0.0	0.0	0.0	0.0	0.0	0.0	0.0	0.0	0.0	0.0	0.886376906150544	0.0	0.0	0.0	0.0	0.886376906150544	0.21104212051203428	0.0	0.0	0.6714976561746545	0.0	0.0	0.0	0.0	0.0	0.0	0.0	0.0	0.21104212051203428	0.0	0.0	0.0	0.49243161452807993	0.34091419467328615	0.0	0.0	0.0	0.2202178648821227	0.0	0.0	0.0	0.0	0.0	0.0	0.21104212051203428	0.7006932064431177	0.0	0.0	0.21104212051203428	0.21104212051203428	0.0	0.36932371089606	0.9469838740924614	0.0	0.0	0.0	0.0	0.0	0.0	0.0	0.0	0.0	0.0	0.0	0.0	0.0	0.0	0.34091419467328615	0.0	0.0	0.0	0.0	0.0	0.0	0.0	0.0	0.0	0.0	0.0	0.0	0.0	0.0	0.0	0.0	0.0	0.0	0.0	0.0	0.0	0.0	0.0	0.0	0.24173915622287562	0.0	0.0	0.0	0.21104212051203428	0.0	0.0	0.0	0.0	0.0	0.0	0.0	0.0	0.21104212051203428	0.21104212051203428	0.0	0.0	0.0	0.0	0.0	0.0	0.0	0.0	0.0	0.0	0.0	0.0	0.0	0.0	0.0	0.0	0.0	0.0	0.0	0.0	0.0	0.0	0.0	0.0	0.0	0.0	0.513841684724953	0.21104212051203428	0.0	0.0	0.0	0.0	0.0	0.0	0.0	0.0	0.0	0.0	0.0	0.0	0.0	0.0	0.0	0.0	0.34091419467328615	0.0	0.0	0.0	0.0	0.0	0.49243161452807993	0.0	0.0	0.0	0.0	0.0	0.0	0.0	0.0	0.0	0.0	0.0	0.0	0.0	0.0	0.0	0.0	0.0	0.0	0.0	0.0	0.0	0.0	0.0	0.0	0.0	0.0	0.0	0.0	0.0	0.0	0.0	0.0	0.0	0.0	0.0	0.0	0.0	0.0	0.0	0.49243161452807993	0.0	0.0	0.0	0.0	0.0	0.21104212051203428	0.0	0.0	0.0	0.0	0.0	0.0	0.0	0.0	0.0	0.0
CAPAR1411380_acpa-rejette	acpa-rejette	0.0	0.0	0.0	0.0	0.0	0.0	0.0	0.0	0.0	0.0	0.0	0.0	0.0	0.0	0.0	0.0	0.0	0.0	0.5946386772471275	0.0	0.0	0.0	0.0	0.0	0.0	0.0	0.0	0.0	0.0	0.0	0.0	0.0	0.36810965734345985	0.0	0.0	0.0	0.0	0.0	0.0	0.0	0.0	0.0	0.0	0.0	0.0	0.0	0.8589225338014063	0.0	0.0	0.0	0.0	0.0	0.0	0.0	0.0	0.0	0.0	0.0	0.0	0.0	0.0	0.0	0.0	0.0	0.0	0.0	0.0	0.0	0.0	0.0	0.0	0.0	0.0	0.0	0.0	0.0	0.0	0.0	0.0	0.0	0.0	0.0	0.0	0.0	0.0	0.0	0.0	0.0	0.0	0.0	0.0	0.0	0.0	0.0	0.0	0.0	0.0	0.0	0.0	0.0	0.0	1.5460605608425315	0.0	0.0	0.0	1.2883838007021093	0.0	0.0	0.0	0.0	1.5460605608425315	0.0	0.0	0.0	0.0	0.0	0.0	0.0	0.0	0.0	0.0	0.0	0.0	0.36810965734345985	0.0	0.0	0.0	0.0	0.0	0.0	0.0	0.0	0.0	0.0	0.0	0.0	0.0	0.0	0.0	0.0	0.0	0.0	0.0	0.0	0.0	0.0	0.0	0.0	0.0	0.0	0.0	0.0	0.0	0.0	0.0	0.0	0.0	0.0	0.0	0.0	0.0	0.0	0.0	0.0	0.0	0.0	0.0	0.0	0.0	0.0	0.0	0.0	0.0	0.0	0.0	0.0	0.6441919003510547	0.36810965734345985	0.0	0.0	0.0	0.0	0.0	0.0	0.0	0.0	0.0	0.0	0.0	0.0	0.0	0.0	0.0	0.0	0.0	0.0	0.0	0.0	0.0	0.0	0.0	0.0	0.0	0.0	0.0	0.0	0.0	0.0	0.0	0.0	0.0	0.0	0.36810965734345985	0.0	0.0	0.0	0.0	0.0	0.0	0.0	0.0	0.0	0.0	0.0	0.0	0.0	0.0	0.0	0.0	0.0	0.0	0.0	0.0	0.0	0.0	0.0	0.0	0.0	0.0	0.0	0.0	0.0	0.0	0.0	0.0	0.0	0.0	0.0	0.0	0.0	0.0	0.0	0.0	0.0	0.0	0.0	0.0	0.0	0.0	0.0	0.0	0.0	0.0	0.0	0.0	0.0	0.0	0.0	0.0	0.0	0.0	0.0	0.0	0.0	0.36810965734345985	0.36810965734345985	0.36810965734345985	0.0	0.0	0.0	0.0	0.0	0.0	0.8589225338014063	0.0	0.0	0.0	0.0	0.0	0.0	0.0	0.0	0.0	0.0	0.0	0.0	0.0	0.0	0.0	0.0
CADIJ1500876_acpa-rejette	acpa-rejette	0.09582849103818314	0.15823986725279474	0.0	0.0	0.0	0.0	0.0	0.0	0.09582849103818314	0.18260651347831564	0.2235998124224273	0.0	0.0	0.0	0.0	0.09582849103818314	0.09582849103818314	0.0	0.0	0.0	0.0	0.0	0.0	0.0	0.0	0.22856869714292571	0.16167986436698592	0.0	0.2235998124224273	0.09582849103818314	0.0	0.0	0.0	0.0	0.09582849103818314	0.09582849103818314	0.0	0.10860562317660757	0.09582849103818314	0.09582849103818314	0.15479987013860355	0.0	0.0	0.0	0.09582849103818314	0.0	0.2235998124224273	0.1676998593168205	0.0	0.0	0.0	0.2235998124224273	0.2235998124224273	0.0	0.0	0.09795801306125389	0.0	0.0	0.0	0.0	0.0	0.10008753508432461	0.09582849103818314	0.0	0.09582849103818314	0.0	0.0	0.09582849103818314	0.0	0.0	0.0	0.0	0.09795801306125389	0.09795801306125389	0.0	0.0	0.0	0.0	0.0	0.0	0.0	0.0	0.0	0.0	0.0	0.0	0.09795801306125389	0.0	0.15479987013860355	0.0	0.09582849103818314	0.09582849103818314	0.0	0.0	0.0	0.2235998124224273	0.4203676473541634	0.09582849103818314	0.09582849103818314	0.10976718064373706	0.09582849103818314	0.40247966236036925	0.0	0.09582849103818314	0.0	0.3049088351214918	0.09582849103818314	0.15479987013860355	0.15479987013860355	0.0	0.0	0.09582849103818314	0.09582849103818314	0.09795801306125389	0.09582849103818314	0.09582849103818314	0.0	0.0	0.2235998124224273	0.15479987013860355	0.09582849103818314	0.0	0.0	0.10008753508432461	0.2235998124224273	0.0	0.0	0.09582849103818314	0.0	0.0	0.0	0.3049088351214918	0.0	0.15479987013860355	0.0	0.0	0.0	0.1676998593168205	0.0	0.0	0.09582849103818314	0.0	0.09582849103818314	0.0	0.0	0.22856869714292571	0.09582849103818314	0.15479987013860355	0.15479987013860355	0.0	0.09582849103818314	0.09582849103818314	0.09582849103818314	0.15479987013860355	0.09582849103818314	0.09582849103818314	0.09795801306125389	0.0	0.09582849103818314	0.0	0.09582849103818314	0.0	0.09795801306125389	0.09795801306125389	0.0	0.0	0.0	0.0	0.0	0.09582849103818314	0.09582849103818314	0.0	0.2235998124224273	0.09582849103818314	0.0	0.0	0.17142652285719429	0.0	0.0	0.2235998124224273	0.09582849103818314	0.09582849103818314	0.0	0.22856869714292571	0.09795801306125389	0.09795801306125389	0.0	0.09582849103818314	0.09582849103818314	0.0	0.10976718064373706	0.0	0.0	0.0	0.09795801306125389	0.09795801306125389	0.09795801306125389	0.09795801306125389	0.0	0.0	0.0	0.0	0.09582849103818314	0.0	0.0	0.0	0.0	0.09582849103818314	0.0	0.0	0.2235998124224273	0.09582849103818314	0.0	0.0	0.15479987013860355	0.0	0.0	0.0	0.0	0.24347535130442083	0.0	0.09582849103818314	0.09582849103818314	0.09582849103818314	0.0	0.09582849103818314	0.09582849103818314	0.0	0.09582849103818314	0.09582849103818314	0.0	0.0	0.0	0.0	0.0	0.09582849103818314	0.0	0.15479987013860355	0.0	0.0	0.09582849103818314	0.09582849103818314	0.09582849103818314	0.0	0.15479987013860355	0.0	0.09582849103818314	0.09582849103818314	0.10008753508432461	0.0	0.0	0.0	0.0	0.0	0.0	0.15479987013860355	0.10647610115353684	0.09582849103818314	0.09582849103818314	0.09582849103818314	0.0	0.0	0.0	0.0	0.0	0.0	0.0	0.0	0.09582849103818314	0.0	0.09795801306125389	0.09795801306125389	0.09582849103818314	0.0	0.0	0.0	0.0	0.0	0.10434657913046608	0.16167986436698592	0.09582849103818314	0.0	0.0	0.0	0.0	0.0	0.15823986725279474	0.09582849103818314	0.09582849103818314	0.10434657913046608	0.0	0.15479987013860355	0.0	0.0	0.0	0.0	0.0	0.0	0.09582849103818314	0.0
CALYO1406491_acpa-rejette	acpa-rejette	0.0	0.32133650818475773	0.19892260030484998	0.0	0.0	0.0	0.0	0.0	0.0	0.0	0.0	0.6329355464245227	0.0	0.22785679671282816	0.0	0.0	0.0	0.0	0.0	0.0	0.0	0.0	0.19892260030484998	0.0	0.0	0.0	0.0	0.0	0.4641527340446499	0.0	0.0	0.0	0.0	0.0	0.0	0.0	0.0	0.0	0.0	0.0	0.0	0.0	0.0	0.0	0.0	0.19892260030484998	0.0	0.0	0.0	0.0	0.8926014116243268	0.0	0.0	0.0	0.19892260030484998	0.0	0.0	0.0	0.0	0.0	0.0	0.20298224520903063	0.0	0.19892260030484998	0.0	0.0	0.0	0.0	0.0	0.0	0.0	0.0	0.0	0.0	0.19892260030484998	0.0	0.0	0.0	0.0	0.19892260030484998	0.0	0.0	0.0	0.0	0.0	0.0	0.0	0.0	0.0	0.0	0.0	0.0	0.0	0.0	0.0	0.0	0.83547492128037	0.0	0.0	0.0	0.0	0.0	0.0	0.0	0.0	0.0	0.0	0.0	0.0	0.0	0.0	0.0	0.0	0.0	0.0	0.0	0.0	0.0	0.0	0.0	0.0	0.0	0.0	0.20298224520903063	0.47362523882107144	0.0	0.0	0.0	0.0	0.0	0.0	0.0	0.0	0.0	0.0	0.0	0.0	0.3481145505334875	0.0	0.0	0.0	0.0	0.0	0.0	0.0	0.4641527340446499	0.0	0.32133650818475773	0.32133650818475773	0.19892260030484998	0.0	0.0	0.0	0.0	0.0	0.0	0.0	0.0	0.0	0.0	0.0	0.19892260030484998	0.0	0.0	0.0	1.0830230461041832	0.0	0.0	0.19892260030484998	0.0	0.0	0.0	0.0	0.0	0.0	0.0	0.0	0.0	0.22785679671282816	0.0	0.0	0.0	0.0	0.0	0.0	0.0	0.0	0.19892260030484998	0.19892260030484998	0.0	0.0	0.0	0.0	0.0	0.0	0.0	0.0	0.0	0.0	0.0	0.0	0.0	0.0	0.0	0.0	0.0	0.0	0.0	0.0	0.19892260030484998	0.0	0.0	0.0	0.19892260030484998	0.0	0.0	0.0	0.0	0.0	0.47362523882107144	0.0	0.0	0.0	0.0	0.19892260030484998	0.0	0.0	0.0	0.0	0.0	0.19892260030484998	0.0	0.19892260030484998	0.0	0.19892260030484998	0.0	0.0	0.0	0.0	0.0	0.0	0.0	0.0	0.0	0.0	0.0	0.0	0.0	0.0	0.0	0.0	0.0	0.19892260030484998	0.19892260030484998	0.19892260030484998	0.0	0.0	0.0	0.0	0.0	0.19892260030484998	0.19892260030484998	0.0	0.0	0.0	0.0	0.0	0.0	0.0	0.0	0.0	0.0	0.0	0.0	0.0	0.0	0.0	0.0	0.0	0.0	0.0	0.0	0.32133650818475773	0.0	0.0	0.0	0.0	0.0	0.0	0.21922082482575309	0.0	0.0	0.0	0.0	0.19892260030484998	0.0	0.0	0.0	0.0	0.0
CAPAR1305040_acpa-rejette	acpa-rejette	0.0	0.0	0.0	0.0	0.0	0.0	0.0	0.0	0.0	0.1465834921203662	0.19404361919876434	0.2646049352710423	0.0	0.09663334025999507	0.0	0.0	0.0	0.0831615510851847	0.0	0.1348228645474336	0.0	0.0	0.0	0.0	0.0	0.0	0.0	0.0	0.19404361919876434	0.0	0.08346177329126842	0.0	0.0	0.08376199549735211	0.0	0.0	0.0	0.0	0.0	0.0	0.13433789021452916	0.0	0.0	0.0	0.0	0.0831615510851847	0.19404361919876434	0.1465834921203662	0.13433789021452916	0.3772022589256735	0.0	0.19754621160307417	0.19474413767962628	0.0	0.0	0.0	0.0	0.0	0.0	0.0831615510851847	0.0	0.08346177329126842	0.0	0.0	0.0	0.0	0.0	0.0831615510851847	0.0	0.0	0.0831615510851847	0.0	0.0	0.0	0.0	0.0	0.0	0.0	0.0	0.08376199549735211	0.0	0.08616377314602171	0.08616377314602171	0.0	0.0	0.0	0.0	0.0	0.0	0.1348228645474336	0.0	0.0	0.5204979679800922	0.0	0.0	0.0	0.35810504741663657	0.0	0.0	0.09697723115060004	0.08346177329126842	0.35180038108887896	0.0	0.0	0.0	0.26747069269275037	0.0	0.13433789021452916	0.0	0.0	0.35053944782332735	0.0	0.0	0.0	0.0831615510851847	0.0	0.0	0.0	0.0	0.0	0.0	0.0	0.08346177329126842	0.0	0.0	0.0	0.0	0.0	0.19404361919876434	0.0	0.0	0.26651544021884765	0.0	0.0	0.0	0.0	0.0	0.14710888098101266	0.0	0.0	0.0	0.19474413767962628	0.0	0.1348228645474336	0.0831615510851847	0.0	0.0	0.13433789021452916	0.13433789021452916	0.0	0.0	0.0	0.0	0.0	0.0	0.0	0.0	0.0	0.0	0.1348228645474336	0.0	0.0	0.0	0.0	0.13433789021452916	0.46584478977320665	0.0	0.19404361919876434	0.0	0.0	0.0	0.0831615510851847	0.19404361919876434	0.0	0.0	0.0	0.14553271439907325	0.0	0.0	0.19404361919876434	0.0	0.0	0.0	0.20945502577772754	0.0	0.0	0.0831615510851847	0.0	0.0	0.0	0.09560166758818017	0.0	0.0	0.0	0.0	0.0	0.0	0.0	0.19614517464135023	0.13433789021452916	0.0	0.0	0.0	0.08376199549735211	0.0	0.0	0.0	0.0	0.0	0.0	0.0	0.0	0.0831615510851847	0.0	0.0	0.0	0.08376199549735211	0.0	0.0	0.20104880400738395	0.0	0.0	0.0	0.0	0.0	0.0	0.0	0.09663334025999507	0.08346177329126842	0.0831615510851847	0.0	0.0831615510851847	0.0	0.0	0.0	0.0	0.0	0.0	0.0	0.0	0.0	0.0870644397642728	0.0831615510851847	0.19404361919876434	0.0	0.0	0.0	0.0	0.0	0.0	0.0	0.0	0.08376199549735211	0.0	0.0	0.0	0.0	0.0	0.0	0.0	0.0873646619703565	0.0	0.0	0.0	0.0	0.0	0.0	0.19684569312221217	0.0	0.0873646619703565	0.08766488417644021	0.0	0.0	0.0	0.0	0.0	0.0	0.0831615510851847	0.0	0.13433789021452916	0.0	0.0	0.13676276187905137	0.0	0.0	0.0	0.1348228645474336	0.0	0.0831615510851847	0.09456999491636528	0.0	0.0	0.0	0.09547066153461639	0.0	0.0	0.0	0.0	0.0	0.0
