@id	@sens-resultat	absence	abus	abus de procédure	abusif ainsi	abusif considérant	abusif pouvoir	accueillir	action	action en justice	adversaire	affaire	agir	agir en justice	ailleurs	ainsi	ajouter	allouer	allouer à monsieur	appel interjeter	appelant	appeler	application	articler	assurance	attendre	attendu	aucun	audience	autre	avant	avocat	avril	blâmable	bon	bon droit	caractère	caractère abusif	caractériser	cas	cause	cause de appel	causer	celui	celui ci	celui qui agir	chacun	charge	charge de monsieur	chef	ci	circonstance	circonstance particulier	civil celui	civil devoir	civil la condamner	civil prévoir	civil vu	code civil	coder	coder de procédure	commander	comme	comprendre	conclusion	condamnation	condamnation de monsieur	condamne	condamner monsieur	confirmer	confirmer le décision	conformément	conseil	considérant	constater	conséquence	contestation	contester	contraindre	contraindre de exposer	contrat	contrat de travail	convenir	convenir convier	convier	convier en conséquence	cour	cour cours	cours	demande de condamnation	demande de dommage	demande de dommages	demande en dommages	demande former	demande reconventionnel	demander	dernier	dette	deux	devant	devant le cour	devoir	dilatoire	dilatoire ou abusif	dispos	dispositif	disposition	dit	dol	dommage et intérêt	dommages	dommages intérêts	donc	donner	dont	dès	dès lors	déboute	déboute madame	débouter	décision	déclarer	défaut	défense	dégénérer	dégénérer en abus	démontrer	dépens de appel	effet	encontre	encore	engager	entier	entier dépens	entre	entreprendre	erreur	espèce	euro	euro au titre	euro chacun	euro en application	euro à titre	exercice	exposer	exécution	faire	faire application	faire valoir	fait	faute	fin	foi	foi fois	fois	fond	fonder	former	formuler	frai	frai frais	frai frais irrépétibles	frais irrépétibles	février	grossier	hauteur	in	instance	interjeter	intimer	intérêt pour abus	intérêt pour procédure	intérêts	intérêts pour procédure	inéquitable	inéquitable de laisser	irrecevable	irrépétibles	janvier	jour	juge	jugement	jugement entreprendre	jugement rendre	juger	justice	justice de manière	justifier	laisser	lieu	litige	lors	légèreté blâmable	madame	mai	mal	mal fonder	manifestement	manière	manière dilatoire	mauvais	mauvais foi	maximum	mille	mille euro	mois	monsieur p	montant	motif	méprendre	nature	non	observation	observation oral	obtenir	oral	ordonnance	outre	paiement	particulier	partie	payer	payer le somme	payer un amende	percevoir	permettre	pièce	pouvoir donner	premier	premier foi	premier foi fois	premier instance	premier juge	principal	prise	procédure abusif ainsi	procédure abusif considérant	procédure civil vu	procédure de appel	produire	profit	prononcer	prononcer un amende	préjudice	préjudice du dommage	préjudice du dommages	présent	présenter	prétention	prévoir	public	question	raison	reconnaître	reconventionnel	recours	rejet	rejeter	rejette	rejette le demande	rejeté le demande	relatif	rendre	revanche	réclamer	régler	résulter	salaire	sarl	sci	seulement	solliciter	sommer	soutien	statuer	succomber	suivant	supporter	supporter le dépens	surplus	terme	texte	titre de amende	titre de dommage	titre de dommages	titre du disposition	tout	tout son disposition	travail	tribunal	trésor	trésor public	valoir	venir	verser	verser du dommage	verser le somme	verser à monsieur	voir	vu	vu le conclusion
CAPAR1415151_acpa-accepte	acpa-accepte	0.0	0.0	0.0	0.0	24.461844971656156	0.0	0.0	0.0	0.0	0.0	0.0	8.153948323885386	16.30789664777077	0.0	0.0	0.0	0.0	0.0	0.0	0.0	0.0	0.0	0.0	0.0	0.0	0.0	0.0	0.0	0.0	0.0	0.0	19.69209096936508	0.0	0.0	0.0	0.0	0.0	0.0	0.0	0.0	0.0	0.0	0.0	0.0	0.0	0.0	0.0	0.0	0.0	0.0	0.0	0.0	0.0	0.0	0.0	0.0	0.0	0.0	0.0	0.0	16.30789664777077	13.682911598052348	0.0	0.0	0.0	0.0	32.59547192373988	39.35964350126126	0.0	0.0	0.0	0.0	59.00271867458583	0.0	0.0	0.0	0.0	0.0	0.0	0.0	0.0	0.0	0.0	0.0	0.0	0.0	0.0	0.0	0.0	0.0	0.0	0.0	0.0	0.0	0.0	0.0	0.0	0.0	0.0	0.0	6.76838864318862	0.0	0.0	0.0	24.461844971656156	0.0	13.682911598052348	0.0	0.0	8.153948323885386	8.153948323885386	0.0	19.69209096936508	0.0	0.0	0.0	0.0	0.0	0.0	0.0	0.0	0.0	0.0	0.0	0.0	0.0	0.0	0.0	0.0	0.0	0.0	0.0	0.0	0.0	0.0	0.0	0.0	0.0	0.0	0.0	0.0	0.0	0.0	0.0	0.0	9.724766334278556	0.0	0.0	0.0	0.0	0.0	0.0	0.0	0.0	0.0	0.0	0.0	0.0	0.0	0.0	0.0	0.0	13.682911598052348	0.0	0.0	0.0	0.0	0.0	0.0	0.0	0.0	8.153948323885386	9.724766334278556	0.0	0.0	0.0	0.0	0.0	0.0	0.0	0.0	0.0	0.0	0.0	11.538142645479695	16.30789664777077	0.0	0.0	0.0	16.30789664777077	0.0	0.0	0.0	24.461844971656156	0.0	0.0	0.0	13.682911598052348	0.0	0.0	0.0	0.0	0.0	0.0	0.0	0.0	16.30789664777077	0.0	24.461844971656156	0.0	0.0	0.0	0.0	0.0	0.0	0.0	0.0	0.0	0.0	0.0	22.07458357551472	19.69209096936508	0.0	0.0	0.0	0.0	0.0	0.0	0.0	0.0	0.0	0.0	0.0	0.0	0.0	24.461844971656156	0.0	0.0	0.0	0.0	0.0	0.0	0.0	0.0	0.0	24.461844971656156	0.0	0.0	0.0	0.0	24.461844971656156	0.0	0.0	0.0	0.0	24.461844971656156	0.0	0.0	0.0	19.69209096936508	24.461844971656156	0.0	0.0	0.0	24.461844971656156	19.69209096936508	0.0	0.0	0.0	0.0	0.0	0.0	0.0	0.0	0.0	0.0	0.0	0.0	0.0	0.0	0.0	0.0	0.0	0.0	0.0	0.0	0.0	0.0	0.0	0.0	0.0	0.0	48.89320788560982	0.0	0.0	0.0	0.0	0.0	0.0	0.0
CAVER1501501_acpa-accepte	acpa-accepte	0.0	0.0	0.0	0.0	0.0	0.0	0.0	0.0	0.0	23.94923878892888	9.643119745863167	3.9929482456246363	0.0	11.978844736873908	0.0	0.0	7.985896491249273	11.978844736873908	0.0	9.643119745863167	7.985896491249273	0.0	0.0	0.0	0.0	0.0	0.0	9.643119745863167	11.978844736873908	11.978844736873908	0.0	0.0	0.0	0.0	0.0	11.978844736873908	11.978844736873908	0.0	0.0	0.0	0.0	11.978844736873908	3.314446509227791	0.0	0.0	0.0	0.0	0.0	0.0	0.0	7.985896491249273	11.978844736873908	0.0	0.0	0.0	0.0	0.0	0.0	0.0	0.0	0.0	0.0	0.0	15.966159192619255	0.0	0.0	7.985896491249273	0.0	0.0	0.0	0.0	9.643119745863167	0.0	11.978844736873908	0.0	23.94923878892888	19.279436584815564	9.643119745863167	0.0	0.0	0.0	7.985896491249273	7.985896491249273	7.985896491249273	0.0	7.9830795963096275	11.978844736873908	11.978844736873908	0.0	0.0	0.0	0.0	0.0	11.978844736873908	9.643119745863167	0.0	11.978844736873908	7.985896491249273	7.985896491249273	0.0	0.0	6.700454269551497	0.0	11.978844736873908	0.0	0.0	0.0	0.0	0.0	11.970398023708537	11.970398023708537	0.0	0.0	0.0	0.0	0.0	0.0	0.0	0.0	0.0	0.0	23.940796047417074	9.643119745863167	0.0	0.0	0.0	0.0	0.0	9.643119745863167	0.0	7.985896491249273	0.0	0.0	11.978844736873908	0.0	0.0	0.0	0.0	0.0	0.0	0.0	0.0	0.0	16.938562084840942	11.978844736873908	0.0	0.0	0.0	9.643119745863167	6.700454269551497	11.978844736873908	0.0	0.0	0.0	0.0	0.0	0.0	0.0	0.0	0.0	0.0	4.762170071622948	0.0	0.0	0.0	11.978844736873908	22.576792397402997	0.0	11.978844736873908	0.0	0.0	11.970398023708537	14.276436283987369	0.0	0.0	7.985896491249273	4.762170071622948	0.0	0.0	11.296356988505936	0.0	0.0	0.0	0.0	0.0	0.0	0.0	0.0	7.985896491249273	7.985896491249273	0.0	0.0	0.0	0.0	0.0	0.0	11.978844736873908	0.0	0.0	0.0	0.0	0.0	0.0	0.0	11.978844736873908	23.94923878892888	15.966159192619255	11.978844736873908	0.0	0.0	0.0	0.0	0.0	0.0	0.0	0.0	0.0	0.0	9.643119745863167	5.650171500238532	0.0	0.0	0.0	0.0	9.643119745863167	0.0	0.0	11.296356988505936	0.0	0.0	7.985896491249273	9.643119745863167	0.0	0.0	0.0	0.0	0.0	0.0	0.0	0.0	7.985896491249273	0.0	4.762170071622948	0.0	0.0	0.0	0.0	0.0	0.0	0.0	0.0	7.985896491249273	11.978844736873908	9.643119745863167	11.978844736873908	0.0	0.0	0.0	0.0	0.0	0.0	0.0	0.0	0.0	0.0	0.0	0.0	0.0	67.35931217684565	11.978844736873908	0.0	0.0	0.0	9.643119745863167	0.0	0.0	5.650171500238532	0.0	0.0	7.985896491249273	0.0	0.0	0.0	13.396181586845122	0.0	0.0	0.0	0.0	0.0	0.0	0.0	0.0	23.94923878892888	3.9929482456246363	0.0	0.0	11.978844736873908	19.279436584815564	0.0	0.0
CABAS1400506_acpa-accepte	acpa-accepte	0.0	0.0	0.0	0.0	0.0	0.0	11.06341944995133	0.0	0.0	0.0	0.0	0.0	0.0	0.0	0.0	13.743164799621104	0.0	0.0	0.0	0.0	0.0	7.599463663488808	0.0	13.743164799621104	0.0	0.0	0.0	0.0	0.0	0.0	0.0	0.0	0.0	13.743164799621104	13.743164799621104	0.0	0.0	0.0	0.0	7.687339579192376	0.0	0.0	0.0	0.0	0.0	22.11003795274166	6.482364516744293	13.743164799621104	0.0	0.0	0.0	0.0	0.0	0.0	0.0	0.0	0.0	0.0	0.0	0.0	0.0	0.0	0.0	0.0	4.581054933207035	0.0	9.16210986641407	0.0	0.0	0.0	0.0	0.0	0.0	0.0	0.0	0.0	0.0	0.0	0.0	0.0	0.0	0.0	0.0	0.0	0.0	4.581054933207035	0.0	0.0	13.743164799621104	13.743164799621104	0.0	0.0	0.0	0.0	0.0	0.0	0.0	9.16210986641407	9.16210986641407	11.06341944995133	0.0	0.0	0.0	0.0	0.0	0.0	0.0	0.0	7.599463663488808	0.0	0.0	0.0	0.0	0.0	0.0	0.0	0.0	0.0	0.0	0.0	0.0	0.0	11.06341944995133	0.0	0.0	0.0	0.0	0.0	0.0	0.0	0.0	0.0	0.0	0.0	0.0	0.0	0.0	43.47766601641033	13.743164799621104	27.465459181495884	13.743164799621104	6.482364516744293	0.0	0.0	0.0	10.918848235412952	11.06341944995133	0.0	0.0	0.0	0.0	6.482364516744293	0.0	0.0	0.0	0.0	7.687339579192376	0.0	0.0	0.0	0.0	0.0	0.0	0.0	15.363005137828731	0.0	6.482364516744293	0.0	0.0	0.0	10.918848235412952	0.0	0.0	0.0	0.0	0.0	0.0	0.0	0.0	0.0	0.0	0.0	0.0	0.0	0.0	0.0	0.0	11.06341944995133	0.0	0.0	0.0	0.0	0.0	0.0	0.0	0.0	13.743164799621104	0.0	0.0	11.06341944995133	11.06341944995133	0.0	13.743164799621104	13.743164799621104	0.0	0.0	0.0	0.0	0.0	0.0	0.0	0.0	0.0	9.16210986641407	0.0	0.0	27.465459181495884	0.0	11.06341944995133	0.0	0.0	0.0	0.0	0.0	11.06341944995133	0.0	0.0	6.482364516744293	0.0	0.0	9.16210986641407	0.0	0.0	0.0	0.0	0.0	0.0	0.0	0.0	0.0	0.0	0.0	5.463572617873102	0.0	0.0	0.0	13.743164799621104	0.0	0.0	0.0	0.0	0.0	0.0	0.0	0.0	0.0	0.0	0.0	0.0	11.06341944995133	0.0	0.0	0.0	0.0	0.0	0.0	0.0	0.0	0.0	0.0	0.0	0.0	0.0	0.0	0.0	0.0	0.0	0.0	0.0	0.0	0.0	0.0	7.687339579192376	0.0	0.0	0.0	0.0	0.0	0.0	0.0	0.0	0.0	0.0	0.0	0.0	0.0	0.0	0.0	0.0	0.0
CACHA1502356_acpa-accepte	acpa-accepte	9.91461032203053	8.318714515769596	0.0	0.0	0.0	11.97207785922041	0.0	0.0	0.0	0.0	0.0	9.911334930210705	19.82266986042141	0.0	0.0	0.0	19.82266986042141	0.0	0.0	0.0	0.0	12.336652350943972	0.0	0.0	0.0	0.0	0.0	0.0	0.0	0.0	29.734004790632113	0.0	0.0	14.871915483045791	14.871915483045791	0.0	0.0	0.0	0.0	0.0	0.0	14.871915483045791	8.227151327899408	0.0	11.97207785922041	35.89251344139315	7.014772698205145	0.0	0.0	0.0	9.91461032203053	0.0	14.871915483045791	0.0	14.871915483045791	14.871915483045791	0.0	0.0	0.0	0.0	0.0	0.0	14.871915483045791	0.0	0.0	0.0	0.0	0.0	8.318714515769596	0.0	0.0	0.0	0.0	0.0	7.014772698205145	14.871915483045791	0.0	0.0	0.0	0.0	0.0	9.91461032203053	9.91461032203053	9.91461032203053	14.871915483045791	0.0	0.0	0.0	0.0	0.0	0.0	0.0	0.0	0.0	0.0	0.0	0.0	19.82266986042141	0.0	0.0	0.0	8.318714515769596	11.97207785922041	0.0	0.0	9.911334930210705	0.0	0.0	24.648899834617197	0.0	0.0	9.91461032203053	0.0	11.97207785922041	0.0	0.0	0.0	0.0	0.0	11.820704820354337	0.0	0.0	0.0	0.0	0.0	0.0	0.0	14.871915483045791	0.0	14.871915483045791	0.0	8.318714515769596	8.318714515769596	0.0	0.0	0.0	0.0	23.625804745319176	0.0	14.871915483045791	0.0	14.024910594160408	0.0	0.0	0.0	11.820704820354337	11.97207785922041	0.0	11.97207785922041	0.0	0.0	21.03041980843257	35.89251344139315	35.89251344139315	0.0	0.0	0.0	0.0	0.0	0.0	0.0	0.0	0.0	0.0	8.318714515769596	0.0	0.0	0.0	0.0	0.0	11.820704820354337	0.0	0.0	14.871915483045791	14.871915483045791	0.0	0.0	0.0	0.0	28.031306449479516	0.0	0.0	0.0	0.0	21.03041980843257	9.91461032203053	11.97207785922041	11.97207785922041	0.0	0.0	0.0	0.0	0.0	0.0	0.0	0.0	0.0	8.318714515769596	11.97207785922041	0.0	0.0	11.97207785922041	0.0	0.0	0.0	0.0	0.0	0.0	0.0	14.871915483045791	9.91461032203053	0.0	0.0	0.0	0.0	14.871915483045791	0.0	14.862093632960585	0.0	7.014772698205145	13.432323437846382	0.0	0.0	0.0	0.0	9.91461032203053	0.0	7.014772698205145	0.0	0.0	0.0	11.97207785922041	14.871915483045791	0.0	0.0	0.0	0.0	0.0	0.0	29.734004790632113	0.0	0.0	11.820704820354337	14.871915483045791	0.0	0.0	0.0	0.0	14.871915483045791	14.871915483045791	14.871915483045791	0.0	0.0	0.0	0.0	14.871915483045791	8.318714515769596	0.0	0.0	0.0	0.0	9.91461032203053	0.0	11.97207785922041	0.0	11.97207785922041	0.0	0.0	35.89251344139315	0.0	0.0	9.91461032203053	0.0	0.0	4.957305161015265	0.0	7.014772698205145	0.0	0.0	0.0	0.0	14.871915483045791	16.63193268854811	0.0	0.0	9.91461032203053	11.97207785922041	0.0	0.0	14.871915483045791	14.871915483045791	0.0	0.0	4.957305161015265	11.97207785922041	0.0	0.0	0.0	0.0	0.0
CANAN1101988_acpa-accepte	acpa-accepte	0.0	0.0	0.0	0.0	0.0	0.0	0.0	0.0	0.0	0.0	0.0	0.0	0.0	0.0	12.282783990095345	0.0	0.0	0.0	0.0	0.0	0.0	10.193047458670204	0.0	0.0	0.0	0.0	36.83901144974126	0.0	18.424175985143016	0.0	0.0	0.0	0.0	0.0	0.0	18.424175985143016	0.0	0.0	18.424175985143016	10.30569736517315	0.0	18.424175985143016	10.193047458670204	0.0	0.0	0.0	0.0	0.0	18.424175985143016	0.0	0.0	0.0	0.0	0.0	0.0	0.0	0.0	18.424175985143016	0.0	0.0	12.282783990095345	10.30569736517315	18.424175985143016	12.282783990095345	6.141391995047672	0.0	12.282783990095345	14.83169196581104	10.30569736517315	0.0	0.0	0.0	0.0	0.0	0.0	0.0	0.0	0.0	0.0	0.0	0.0	0.0	0.0	0.0	0.0	12.279670483247086	0.0	0.0	0.0	0.0	0.0	0.0	0.0	0.0	59.2816829177318	0.0	0.0	12.282783990095345	0.0	0.0	10.193047458670204	0.0	0.0	0.0	0.0	12.279670483247086	0.0	0.0	25.463261486824866	0.0	0.0	0.0	0.0	29.655864695829276	14.83169196581104	18.424175985143016	0.0	0.0	73.6034248040274	7.324500934608438	0.0	12.282783990095345	0.0	0.0	0.0	0.0	0.0	36.83901144974126	0.0	0.0	0.0	10.30569736517315	10.30569736517315	0.0	0.0	0.0	0.0	7.324500934608438	0.0	0.0	0.0	0.0	0.0	0.0	0.0	14.64528856059916	14.83169196581104	0.0	0.0	0.0	18.424175985143016	0.0	0.0	0.0	0.0	0.0	0.0	0.0	12.282783990095345	12.282783990095345	0.0	0.0	20.60617004197786	0.0	10.30569736517315	0.0	8.690299970763366	0.0	0.0	0.0	7.324500934608438	0.0	0.0	0.0	0.0	0.0	0.0	0.0	0.0	8.690299970763366	8.690299970763366	0.0	0.0	0.0	0.0	0.0	29.655864695829276	0.0	24.559340966494172	0.0	14.83169196581104	0.0	0.0	0.0	0.0	0.0	0.0	0.0	0.0	0.0	0.0	0.0	18.424175985143016	18.424175985143016	0.0	0.0	12.282783990095345	0.0	0.0	0.0	0.0	0.0	0.0	0.0	0.0	0.0	0.0	6.141391995047672	0.0	8.690299970763366	8.326499558730777	0.0	0.0	0.0	14.83169196581104	24.559340966494172	0.0	8.690299970763366	0.0	0.0	0.0	14.83169196581104	0.0	0.0	0.0	0.0	0.0	0.0	36.83901144974126	0.0	0.0	0.0	21.96236664114624	0.0	0.0	18.424175985143016	0.0	29.655864695829276	0.0	0.0	0.0	0.0	0.0	0.0	0.0	0.0	20.60617004197786	0.0	0.0	0.0	36.83901144974126	0.0	18.424175985143016	0.0	0.0	0.0	0.0	0.0	0.0	0.0	14.83169196581104	0.0	18.424175985143016	29.655864695829276	0.0	18.424175985143016	0.0	0.0	0.0	0.0	0.0	0.0	0.0	0.0	0.0	61.35171287189479	0.0	0.0	36.83901144974126	0.0	0.0	0.0	0.0	0.0	0.0	0.0	0.0	0.0	0.0	0.0
CAPAR1507861_acpa-rejette	acpa-rejette	0.0	0.0	0.0	17.79839913650368	17.79839913650368	0.0	0.0	0.0	0.0	0.0	0.0	0.0	0.0	0.0	11.865599424335787	0.0	0.0	0.0	0.0	0.0	0.0	0.0	0.0	17.79839913650368	0.0	0.0	0.0	0.0	0.0	0.0	0.0	0.0	0.0	0.0	0.0	0.0	0.0	0.0	0.0	0.0	0.0	0.0	4.9246687125208135	0.0	0.0	0.0	0.0	0.0	0.0	0.0	0.0	0.0	0.0	0.0	0.0	0.0	0.0	0.0	0.0	0.0	0.0	0.0	0.0	0.0	0.0	0.0	11.865599424335787	0.0	0.0	0.0	0.0	0.0	28.622585455081683	0.0	0.0	0.0	0.0	28.622585455081683	17.79839913650368	0.0	0.0	0.0	0.0	0.0	0.0	0.0	0.0	0.0	0.0	0.0	0.0	0.0	0.0	0.0	0.0	17.79839913650368	0.0	0.0	0.0	0.0	4.9246687125208135	0.0	0.0	0.0	0.0	0.0	0.0	0.0	0.0	5.932799712167894	5.932799712167894	0.0	0.0	0.0	0.0	0.0	0.0	0.0	0.0	0.0	0.0	0.0	14.327933780596194	0.0	0.0	0.0	0.0	0.0	0.0	0.0	11.865599424335787	0.0	0.0	0.0	0.0	0.0	0.0	14.13501267420582	17.79839913650368	0.0	0.0	0.0	0.0	8.3951340684283	0.0	7.075724375135102	0.0	17.79839913650368	0.0	0.0	0.0	0.0	0.0	0.0	0.0	0.0	0.0	0.0	11.865599424335787	11.865599424335787	14.327933780596194	14.13501267420582	0.0	0.0	9.955664515649286	0.0	0.0	0.0	0.0	0.0	7.075724375135102	5.932799712167894	7.075724375135102	0.0	0.0	0.0	14.13501267420582	0.0	0.0	0.0	0.0	0.0	0.0	0.0	0.0	0.0	0.0	0.0	0.0	0.0	14.327933780596194	0.0	0.0	0.0	0.0	0.0	0.0	0.0	0.0	0.0	0.0	0.0	0.0	0.0	0.0	0.0	0.0	0.0	0.0	0.0	0.0	0.0	0.0	0.0	0.0	0.0	0.0	0.0	0.0	0.0	8.036384964859552	0.0	0.0	0.0	0.0	0.0	0.0	0.0	0.0	0.0	0.0	0.0	0.0	0.0	17.79839913650368	17.79839913650368	0.0	0.0	0.0	0.0	0.0	0.0	0.0	0.0	0.0	0.0	0.0	0.0	0.0	0.0	0.0	0.0	0.0	0.0	0.0	0.0	0.0	0.0	0.0	0.0	0.0	0.0	0.0	0.0	0.0	0.0	0.0	0.0	0.0	0.0	0.0	11.865599424335787	0.0	0.0	0.0	0.0	0.0	0.0	0.0	0.0	0.0	0.0	0.0	9.955664515649286	0.0	0.0	0.0	0.0	0.0	0.0	0.0	17.79839913650368	0.0	11.851818227927597	0.0	0.0	0.0	0.0	0.0	0.0
CALYO1501346_acpa-rejette	acpa-rejette	0.0	0.0	0.0	0.0	0.0	0.0	0.0	0.0	0.0	0.0	0.0	0.0	0.0	0.0	0.0	0.0	0.0	0.0	8.729901625836428	0.0	0.0	0.0	0.0	0.0	0.0	0.0	0.0	0.0	0.0	0.0	0.0	14.049554259347603	0.0	0.0	0.0	0.0	0.0	0.0	0.0	9.762234453505132	0.0	0.0	0.0	0.0	0.0	0.0	0.0	0.0	0.0	0.0	0.0	0.0	0.0	0.0	0.0	0.0	17.452591436211176	8.729901625836428	0.0	0.0	0.0	4.883134217571083	8.729901625836428	17.445387557812484	0.0	0.0	0.0	0.0	4.883134217571083	0.0	0.0	7.027679930470108	0.0	0.0	8.232023780610543	0.0	0.0	0.0	0.0	26.168081336718725	26.168081336718725	0.0	0.0	0.0	0.0	8.722693778906242	0.0	0.0	0.0	0.0	0.0	0.0	0.0	0.0	14.049554259347603	0.0	0.0	0.0	0.0	0.0	2.4154910264916425	0.0	0.0	0.0	0.0	5.817530478737059	4.883134217571083	0.0	0.0	0.0	0.0	0.0	0.0	0.0	0.0	0.0	0.0	0.0	5.819934417224286	0.0	0.0	5.819934417224286	0.0	0.0	0.0	0.0	0.0	17.452591436211176	0.0	0.0	0.0	4.883134217571083	4.883134217571083	0.0	14.049554259347603	0.0	0.0	0.0	0.0	0.0	0.0	0.0	0.0	0.0	0.0	0.0	0.0	0.0	0.0	0.0	8.729901625836428	4.1177127218579646	7.027679930470108	7.027679930470108	0.0	0.0	0.0	8.729901625836428	0.0	0.0	0.0	0.0	4.883134217571083	0.0	0.0	0.0	4.1177127218579646	7.027679930470108	0.0	0.0	0.0	0.0	0.0	0.0	0.0	0.0	0.0	21.065632570784857	0.0	0.0	12.342938791878616	17.452591436211176	8.729901625836428	26.168081336718725	0.0	0.0	0.0	0.0	0.0	0.0	0.0	0.0	0.0	0.0	0.0	0.0	0.0	0.0	0.0	0.0	0.0	0.0	0.0	0.0	0.0	0.0	0.0	0.0	0.0	0.0	0.0	17.452591436211176	17.452591436211176	0.0	17.452591436211176	0.0	0.0	2.909967208612143	0.0	0.0	19.658639669245694	0.0	7.027679930470108	0.0	0.0	0.0	0.0	4.1177127218579646	8.729901625836428	8.729901625836428	0.0	0.0	0.0	17.452591436211176	0.0	0.0	17.452591436211176	0.0	17.452591436211176	0.0	0.0	0.0	3.4705580683250457	0.0	0.0	0.0	0.0	0.0	0.0	0.0	0.0	0.0	0.0	7.027679930470108	0.0	0.0	0.0	0.0	0.0	0.0	0.0	5.819934417224286	0.0	0.0	0.0	0.0	8.729901625836428	0.0	0.0	0.0	0.0	0.0	17.452591436211176	7.027679930470108	0.0	8.729901625836428	0.0	0.0	7.027679930470108	0.0	0.0	0.0	0.0	0.0	8.729901625836428	17.445387557812484	7.027679930470108	28.075924425228408	0.0	0.0	0.0	0.0	0.0	0.0	0.0	0.0	0.0	0.0	17.452591436211176	17.452591436211176
CAROU1501728_acpa-rejette	acpa-rejette	0.0	0.0	0.0	0.0	0.0	0.0	0.0	0.0	0.0	0.0	0.0	6.269304977579387	0.0	18.80791493273816	0.0	18.80791493273816	0.0	0.0	0.0	0.0	0.0	10.401550036055571	0.0	0.0	0.0	30.262486439595666	0.0	0.0	0.0	0.0	0.0	0.0	0.0	0.0	0.0	0.0	0.0	0.0	0.0	0.0	0.0	0.0	5.203993320221913	0.0	0.0	0.0	8.871301637690342	18.80791493273816	0.0	0.0	0.0	0.0	0.0	0.0	0.0	0.0	0.0	0.0	0.0	0.0	0.0	0.0	0.0	0.0	6.269304977579387	0.0	0.0	0.0	0.0	0.0	0.0	0.0	0.0	0.0	0.0	0.0	0.0	15.140606615269732	18.80791493273816	0.0	0.0	0.0	0.0	0.0	0.0	6.269304977579387	0.0	0.0	18.80791493273816	0.0	0.0	0.0	0.0	0.0	0.0	0.0	0.0	0.0	12.538609955158774	15.140606615269732	0.0	0.0	0.0	0.0	18.80791493273816	0.0	10.520344547458784	0.0	5.203993320221913	0.0	0.0	12.538609955158774	0.0	0.0	0.0	0.0	15.140606615269732	0.0	12.538609955158774	0.0	0.0	12.538609955158774	0.0	0.0	0.0	0.0	12.538609955158774	0.0	0.0	0.0	0.0	0.0	0.0	0.0	0.0	0.0	0.0	0.0	0.0	0.0	0.0	0.0	0.0	8.871301637690342	0.0	0.0	0.0	0.0	0.0	10.520344547458784	0.0	0.0	0.0	0.0	0.0	15.140606615269732	10.520344547458784	0.0	12.538609955158774	12.538609955158774	15.140606615269732	7.477055723629818	10.520344547458784	0.0	0.0	0.0	8.871301637690342	0.0	0.0	0.0	0.0	0.0	0.0	18.80791493273816	18.80791493273816	25.061711421567882	7.477055723629818	0.0	0.0	0.0	8.871301637690342	0.0	18.80791493273816	0.0	0.0	0.0	0.0	15.140606615269732	0.0	0.0	0.0	0.0	52.4719218335489	0.0	0.0	0.0	0.0	0.0	0.0	0.0	0.0	0.0	0.0	0.0	0.0	0.0	0.0	0.0	0.0	0.0	0.0	0.0	0.0	0.0	0.0	0.0	0.0	6.269304977579387	0.0	0.0	8.496821204502844	0.0	15.140606615269732	15.140606615269732	0.0	0.0	0.0	0.0	0.0	0.0	0.0	0.0	0.0	0.0	0.0	0.0	0.0	0.0	0.0	0.0	12.538609955158774	18.80791493273816	0.0	0.0	0.0	0.0	0.0	0.0	0.0	18.80791493273816	0.0	0.0	0.0	0.0	0.0	0.0	0.0	0.0	0.0	15.140606615269732	0.0	12.538609955158774	0.0	0.0	0.0	0.0	0.0	0.0	0.0	0.0	15.140606615269732	0.0	0.0	0.0	0.0	0.0	0.0	0.0	15.140606615269732	12.538609955158774	18.80791493273816	0.0	0.0	0.0	0.0	0.0	0.0	0.0	18.80791493273816	18.80791493273816	18.80791493273816	0.0	0.0	0.0	0.0	0.0	0.0	15.140606615269732	0.0	0.0
CAAIX1416771_acpa-rejette	acpa-rejette	0.0	0.0	0.0	0.0	0.0	0.0	0.0	21.578086960540375	21.578086960540375	0.0	0.0	7.192695653513459	0.0	0.0	0.0	0.0	14.385391307026918	21.578086960540375	0.0	0.0	14.385391307026918	0.0	0.0	0.0	0.0	0.0	0.0	0.0	0.0	0.0	0.0	0.0	21.578086960540375	0.0	0.0	0.0	0.0	17.37062972413495	0.0	0.0	0.0	0.0	5.970476834216069	0.0	0.0	0.0	10.177934070621493	0.0	0.0	0.0	0.0	0.0	0.0	0.0	0.0	0.0	0.0	21.578086960540375	0.0	0.0	14.385391307026918	0.0	0.0	0.0	7.192695653513459	0.0	0.0	17.37062972413495	12.069860498186719	0.0	21.578086960540375	0.0	0.0	0.0	0.0	0.0	0.0	0.0	0.0	0.0	0.0	0.0	0.0	0.0	0.0	0.0	0.0	0.0	0.0	0.0	0.0	0.0	0.0	0.0	0.0	0.0	0.0	0.0	0.0	0.0	11.931928000843358	0.0	0.0	0.0	0.0	7.192695653513459	0.0	21.578086960540375	17.884380747196662	0.0	0.0	0.0	17.37062972413495	0.0	17.37062972413495	21.578086960540375	0.0	0.0	0.0	8.578333068300491	0.0	0.0	0.0	17.37062972413495	0.0	0.0	14.385391307026918	0.0	0.0	0.0	0.0	12.069860498186719	12.069860498186719	0.0	0.0	21.578086960540375	10.177934070621493	0.0	0.0	0.0	0.0	0.0	17.37062972413495	0.0	0.0	0.0	0.0	0.0	17.37062972413495	12.069860498186719	0.0	0.0	0.0	0.0	0.0	0.0	0.0	0.0	0.0	0.0	0.0	17.143698130043013	0.0	0.0	0.0	0.0	0.0	0.0	0.0	0.0	17.143698130043013	0.0	0.0	0.0	0.0	0.0	17.143698130043013	0.0	0.0	0.0	10.177934070621493	0.0	0.0	0.0	10.177934070621493	0.0	0.0	0.0	14.385391307026918	0.0	17.37062972413495	21.578086960540375	0.0	0.0	0.0	0.0	0.0	0.0	0.0	0.0	0.0	0.0	0.0	0.0	0.0	0.0	0.0	0.0	21.578086960540375	0.0	0.0	0.0	0.0	0.0	0.0	0.0	0.0	0.0	0.0	0.0	0.0	0.0	0.0	0.0	0.0	0.0	21.578086960540375	0.0	0.0	0.0	0.0	0.0	0.0	0.0	0.0	0.0	0.0	0.0	0.0	0.0	14.385391307026918	21.578086960540375	0.0	0.0	0.0	0.0	0.0	17.37062972413495	0.0	0.0	0.0	0.0	0.0	0.0	0.0	0.0	12.069860498186719	0.0	0.0	0.0	21.578086960540375	0.0	0.0	0.0	0.0	0.0	0.0	0.0	0.0	0.0	0.0	0.0	0.0	0.0	7.192695653513459	0.0	10.177934070621493	0.0	0.0	0.0	0.0	0.0	12.069860498186719	0.0	0.0	14.385391307026918	0.0	0.0	0.0	0.0	0.0	0.0	0.0	7.192695653513459	0.0	21.578086960540375	0.0	0.0	0.0	0.0
CAROU1406104_acpa-rejette	acpa-rejette	11.066386238063997	0.0	0.0	0.0	0.0	0.0	13.362868873213943	0.0	0.0	0.0	0.0	0.0	0.0	0.0	11.066386238063997	0.0	0.0	0.0	16.599579357095994	0.0	0.0	9.182620295073248	16.599579357095994	0.0	16.599579357095994	26.71610684910861	0.0	26.71610684910861	0.0	0.0	0.0	0.0	0.0	0.0	0.0	16.599579357095994	16.599579357095994	0.0	0.0	9.285095918610162	16.599579357095994	0.0	4.592965270299892	16.599579357095994	0.0	0.0	0.0	0.0	0.0	33.18719505235798	0.0	0.0	16.599579357095994	0.0	0.0	0.0	16.599579357095994	0.0	0.0	0.0	0.0	18.56349987561835	0.0	22.124796701571984	5.533193119031998	0.0	0.0	0.0	0.0	0.0	0.0	0.0	0.0	0.0	15.653708498322615	0.0	13.362868873213943	0.0	0.0	16.599579357095994	16.599579357095994	0.0	0.0	0.0	0.0	0.0	0.0	0.0	0.0	0.0	0.0	0.0	16.599579357095994	0.0	0.0	16.599579357095994	0.0	0.0	0.0	0.0	0.0	0.0	0.0	0.0	0.0	5.533193119031998	0.0	0.0	4.592965270299892	0.0	0.0	0.0	0.0	0.0	0.0	0.0	0.0	0.0	11.066386238063997	6.5991355387182455	0.0	11.066386238063997	0.0	0.0	0.0	0.0	0.0	0.0	0.0	0.0	11.066386238063997	0.0	0.0	16.599579357095994	26.71610684910861	0.0	7.829675754181944	0.0	0.0	0.0	0.0	0.0	0.0	7.829675754181944	0.0	0.0	0.0	0.0	0.0	0.0	0.0	0.0	0.0	0.0	0.0	0.0	9.285095918610162	0.0	0.0	0.0	0.0	0.0	9.285095918610162	0.0	9.285095918610162	0.0	7.829675754181944	13.362868873213943	0.0	0.0	6.5991355387182455	0.0	0.0	0.0	0.0	0.0	0.0	26.71610684910861	0.0	7.829675754181944	23.472106360635838	33.18719505235798	0.0	0.0	0.0	0.0	0.0	0.0	0.0	0.0	0.0	0.0	0.0	0.0	0.0	0.0	0.0	0.0	0.0	0.0	0.0	0.0	0.0	0.0	0.0	0.0	11.066386238063997	0.0	0.0	0.0	11.066386238063997	16.599579357095994	16.599579357095994	11.066386238063997	16.599579357095994	0.0	0.0	5.533193119031998	0.0	23.472106360635838	0.0	0.0	0.0	13.362868873213943	0.0	11.066386238063997	0.0	15.653708498322615	0.0	0.0	11.066386238063997	13.362868873213943	0.0	16.599579357095994	0.0	0.0	16.599579357095994	0.0	0.0	16.599579357095994	0.0	0.0	6.5991355387182455	0.0	0.0	0.0	16.599579357095994	40.05972780006631	0.0	0.0	0.0	0.0	16.599579357095994	0.0	0.0	0.0	0.0	0.0	0.0	0.0	0.0	0.0	0.0	0.0	0.0	13.362868873213943	16.599579357095994	0.0	0.0	0.0	0.0	0.0	0.0	0.0	5.533193119031998	0.0	7.829675754181944	16.599579357095994	13.362868873213943	11.066386238063997	0.0	0.0	0.0	0.0	0.0	0.0	0.0	13.362868873213943	0.0	0.0	0.0	0.0	0.0	11.062398350785992	13.362868873213943	0.0	16.599579357095994	13.362868873213943	49.76286431829143	16.599579357095994
CAPAR1305998_acpa-rejette	acpa-rejette	0.0	0.0	0.0	0.0	0.0	0.0	0.0	0.0	0.0	0.0	0.0	10.286523876710874	0.0	0.0	0.0	0.0	0.0	0.0	0.0	0.0	0.0	0.0	30.859571630132617	0.0	0.0	0.0	0.0	0.0	0.0	0.0	0.0	0.0	0.0	0.0	0.0	0.0	0.0	0.0	0.0	0.0	0.0	0.0	0.0	0.0	0.0	0.0	0.0	0.0	30.859571630132617	0.0	0.0	0.0	0.0	0.0	0.0	0.0	0.0	0.0	0.0	0.0	0.0	0.0	0.0	0.0	0.0	0.0	0.0	0.0	0.0	0.0	30.859571630132617	0.0	0.0	0.0	0.0	0.0	0.0	0.0	0.0	0.0	0.0	0.0	0.0	0.0	0.0	0.0	0.0	0.0	0.0	0.0	0.0	0.0	0.0	0.0	0.0	0.0	0.0	0.0	0.0	0.0	0.0	17.26152671877885	0.0	0.0	0.0	20.546154849865026	0.0	0.0	0.0	0.0	0.0	20.573047753421747	0.0	0.0	0.0	0.0	0.0	0.0	0.0	0.0	0.0	0.0	0.0	0.0	0.0	20.573047753421747	0.0	0.0	0.0	0.0	0.0	0.0	0.0	0.0	0.0	0.0	14.555817022773068	12.268172070696156	0.0	0.0	0.0	14.555817022773068	0.0	0.0	0.0	0.0	0.0	0.0	0.0	0.0	0.0	0.0	0.0	0.0	0.0	0.0	0.0	0.0	0.0	0.0	0.0	0.0	0.0	0.0	0.0	0.0	0.0	0.0	0.0	0.0	0.0	0.0	0.0	0.0	0.0	0.0	0.0	0.0	0.0	0.0	0.0	0.0	0.0	0.0	0.0	0.0	0.0	0.0	20.573047753421747	0.0	0.0	0.0	51.64943082831189	0.0	0.0	0.0	0.0	17.26152671877885	0.0	0.0	0.0	0.0	0.0	0.0	0.0	0.0	0.0	0.0	0.0	0.0	0.0	0.0	0.0	0.0	0.0	0.0	0.0	0.0	0.0	0.0	0.0	0.0	0.0	0.0	0.0	0.0	0.0	0.0	0.0	0.0	0.0	0.0	0.0	0.0	0.0	0.0	0.0	0.0	0.0	0.0	0.0	0.0	0.0	0.0	0.0	0.0	0.0	0.0	0.0	0.0	0.0	0.0	0.0	0.0	0.0	0.0	0.0	0.0	0.0	0.0	0.0	0.0	30.859571630132617	0.0	0.0	0.0	0.0	0.0	0.0	0.0	0.0	0.0	0.0	0.0	10.286523876710874	0.0	14.555817022773068	0.0	0.0	0.0	0.0	30.859571630132617	0.0	0.0	0.0	0.0	0.0	0.0	0.0	0.0	0.0	0.0	0.0	10.286523876710874	0.0	30.859571630132617	0.0	0.0	0.0	0.0
CAVER1501683_acpa-rejette	acpa-rejette	0.0	8.122143828089088	0.0	0.0	0.0	0.0	0.0	14.520493079008856	14.520493079008856	0.0	0.0	0.0	0.0	0.0	0.0	0.0	0.0	0.0	0.0	0.0	0.0	4.017699423871729	0.0	0.0	0.0	0.0	0.0	0.0	0.0	0.0	0.0	0.0	14.520493079008856	0.0	0.0	0.0	0.0	0.0	14.520493079008856	8.122143828089088	14.520493079008856	0.0	0.0	0.0	0.0	0.0	0.0	0.0	0.0	0.0	0.0	0.0	0.0	0.0	14.520493079008856	0.0	0.0	0.0	0.0	0.0	9.680328719339238	8.122143828089088	0.0	0.0	0.0	0.0	0.0	0.0	0.0	0.0	0.0	0.0	46.645886444833636	0.0	0.0	0.0	0.0	0.0	0.0	0.0	0.0	0.0	0.0	0.0	0.0	0.0	0.0	0.0	0.0	0.0	0.0	0.0	0.0	14.520493079008856	0.0	0.0	14.520493079008856	0.0	0.0	0.0	4.017699423871729	0.0	0.0	0.0	0.0	4.840164359669619	0.0	14.520493079008856	8.029036692392209	4.840164359669619	4.840164359669619	0.0	11.689178431275103	0.0	0.0	0.0	0.0	0.0	0.0	0.0	14.520493079008856	0.0	0.0	11.689178431275103	14.520493079008856	0.0	0.0	0.0	0.0	14.520493079008856	0.0	0.0	0.0	0.0	0.0	14.520493079008856	13.687182510691134	11.536055306374797	0.0	0.0	0.0	6.849014071605483	11.689178431275103	0.0	0.0	5.77259819999218	11.689178431275103	0.0	0.0	0.0	0.0	6.849014071605483	0.0	0.0	0.0	0.0	0.0	0.0	0.0	0.0	0.0	5.77259819999218	0.0	14.520493079008856	0.0	0.0	0.0	0.0	0.0	0.0	5.77259819999218	4.840164359669619	0.0	0.0	0.0	9.680328719339238	5.77259819999218	0.0	0.0	6.849014071605483	0.0	0.0	0.0	0.0	6.849014071605483	0.0	11.689178431275103	0.0	0.0	9.680328719339238	0.0	14.520493079008856	0.0	0.0	0.0	0.0	0.0	0.0	0.0	11.689178431275103	11.689178431275103	0.0	0.0	0.0	0.0	0.0	0.0	0.0	0.0	14.520493079008856	0.0	0.0	0.0	0.0	0.0	0.0	0.0	0.0	0.0	0.0	6.5587618175338855	0.0	0.0	0.0	0.0	9.680328719339238	14.520493079008856	0.0	0.0	0.0	0.0	0.0	0.0	0.0	0.0	0.0	0.0	14.520493079008856	0.0	0.0	0.0	0.0	0.0	0.0	0.0	0.0	0.0	11.689178431275103	0.0	0.0	0.0	9.680328719339238	0.0	11.689178431275103	0.0	0.0	8.122143828089088	0.0	0.0	0.0	0.0	0.0	0.0	0.0	0.0	0.0	0.0	0.0	0.0	0.0	0.0	0.0	0.0	0.0	4.840164359669619	0.0	6.849014071605483	14.520493079008856	0.0	0.0	0.0	0.0	0.0	8.122143828089088	0.0	0.0	0.0	0.0	0.0	0.0	0.0	0.0	0.0	0.0	0.0	0.0	0.0	0.0	0.0	0.0
CAFOR1400518_acpa-rejette	acpa-rejette	0.0	17.23883771566102	16.55456373625922	0.0	0.0	0.0	0.0	0.0	0.0	0.0	0.0	0.0	0.0	0.0	6.860916673631542	0.0	0.0	0.0	0.0	0.0	0.0	5.689985962371965	0.0	0.0	0.0	0.0	0.0	0.0	0.0	0.0	0.0	0.0	0.0	0.0	0.0	0.0	0.0	16.55456373625922	0.0	0.0	0.0	0.0	0.0	0.0	0.0	0.0	0.0	0.0	0.0	0.0	0.0	0.0	0.0	0.0	0.0	0.0	0.0	0.0	10.291375010447311	10.291375010447311	0.0	0.0	0.0	0.0	6.8547853775366185	20.564356132609852	0.0	0.0	5.756555756669971	10.291375010447311	0.0	0.0	0.0	0.0	9.6997783587226	0.0	0.0	0.0	0.0	0.0	0.0	20.546006000265997	20.546006000265997	20.546006000265997	0.0	0.0	0.0	0.0	0.0	0.0	0.0	0.0	0.0	0.0	0.0	0.0	0.0	0.0	0.0	0.0	0.0	0.0	0.0	0.0	0.0	0.0	0.0	0.0	5.689985962371965	0.0	0.0	0.0	0.0	0.0	0.0	0.0	8.284685523123821	10.291375010447311	6.860916673631542	4.0913192504897875	0.0	0.0	0.0	0.0	0.0	6.860916673631542	0.0	0.0	0.0	0.0	0.0	5.756555756669971	5.756555756669971	0.0	8.284685523123821	0.0	4.85422718630805	12.252046463796086	0.0	0.0	0.0	4.85422718630805	8.284685523123821	0.0	0.0	0.0	0.0	0.0	0.0	5.756555756669971	0.0	0.0	0.0	0.0	0.0	0.0	0.0	0.0	0.0	0.0	0.0	0.0	0.0	0.0	0.0	0.0	0.0	0.0	0.0	10.291375010447311	0.0	0.0	0.0	0.0	0.0	0.0	0.0	0.0	0.0	0.0	0.0	0.0	0.0	0.0	0.0	0.0	0.0	0.0	0.0	0.0	0.0	0.0	17.23883771566102	0.0	0.0	0.0	0.0	0.0	0.0	0.0	0.0	0.0	10.291375010447311	10.291375010447311	0.0	30.81900900039899	6.860916673631542	0.0	0.0	0.0	0.0	0.0	0.0	0.0	0.0	0.0	0.0	3.430458336815771	0.0	0.0	0.0	0.0	0.0	0.0	0.0	0.0	0.0	0.0	0.0	0.0	0.0	0.0	0.0	0.0	0.0	0.0	0.0	0.0	0.0	0.0	0.0	0.0	0.0	0.0	0.0	0.0	0.0	0.0	0.0	0.0	0.0	0.0	0.0	0.0	10.291375010447311	0.0	0.0	0.0	0.0	0.0	0.0	0.0	0.0	0.0	0.0	0.0	0.0	0.0	0.0	0.0	0.0	0.0	0.0	0.0	3.430458336815771	0.0	0.0	0.0	0.0	0.0	0.0	0.0	5.756555756669971	0.0	0.0	0.0	0.0	0.0	0.0	0.0	0.0	0.0	0.0	6.8547853775366185	8.284685523123821	0.0	0.0	0.0	0.0	0.0
CADIJ1500876_acpa-rejette	acpa-rejette	17.16508045363386	21.59638314037724	20.727156486832037	0.0	0.0	10.366841335019974	10.366841335019974	0.0	0.0	12.87786380722737	10.366841335019974	21.43611720202669	8.585242538151581	0.0	0.0	0.0	0.0	0.0	0.0	10.366841335019974	0.0	7.124152066396357	0.0	0.0	25.747620680450787	31.08095366706205	12.87786380722737	0.0	0.0	0.0	12.87786380722737	0.0	0.0	0.0	0.0	0.0	0.0	10.366841335019974	0.0	7.20332715092504	0.0	0.0	3.5631975937367852	0.0	10.366841335019974	0.0	6.074220065944183	0.0	12.87786380722737	0.0	8.585242538151581	12.87786380722737	0.0	0.0	0.0	0.0	0.0	0.0	0.0	0.0	0.0	0.0	0.0	0.0	12.869760273429776	0.0	0.0	20.727156486832037	0.0	0.0	0.0	0.0	0.0	0.0	6.074220065944183	0.0	0.0	0.0	0.0	0.0	0.0	0.0	0.0	0.0	0.0	4.292621269075791	0.0	0.0	0.0	12.87786380722737	25.747620680450787	0.0	12.87786380722737	0.0	10.366841335019974	0.0	0.0	0.0	8.585242538151581	10.366841335019974	10.682866240405003	7.20332715092504	10.366841335019974	12.87786380722737	0.0	4.292621269075791	0.0	0.0	10.682866240405003	17.154284802702687	17.154284802702687	0.0	0.0	10.366841335019974	10.366841335019974	12.87786380722737	0.0	0.0	0.0	10.235924357755826	12.87786380722737	0.0	0.0	10.366841335019974	12.87786380722737	0.0	8.585242538151581	0.0	10.366841335019974	0.0	8.585242538151581	7.20332715092504	7.20332715092504	0.0	0.0	0.0	6.074220065944183	30.66917928363879	0.0	0.0	12.87786380722737	6.074220065944183	0.0	0.0	12.87786380722737	5.1195736280340824	0.0	0.0	0.0	7.20332715092504	0.0	6.074220065944183	10.366841335019974	10.366841335019974	0.0	20.727156486832037	7.20332715092504	12.87786380722737	8.585242538151581	8.585242538151581	0.0	0.0	0.0	12.87786380722737	7.20332715092504	25.747620680450787	6.074220065944183	0.0	12.87786380722737	12.87786380722737	5.1195736280340824	17.154284802702687	5.1195736280340824	0.0	0.0	25.739520546859552	0.0	0.0	0.0	6.074220065944183	0.0	0.0	0.0	0.0	12.144616260015109	8.585242538151581	0.0	0.0	17.16508045363386	0.0	10.366841335019974	0.0	14.402119629120534	0.0	12.87786380722737	12.87786380722737	0.0	7.20332715092504	10.366841335019974	0.0	0.0	10.366841335019974	0.0	0.0	0.0	0.0	0.0	0.0	0.0	0.0	8.585242538151581	0.0	0.0	17.16508045363386	0.0	0.0	0.0	8.58254022681693	10.366841335019974	12.144616260015109	11.63183857701338	10.366841335019974	0.0	0.0	0.0	0.0	0.0	18.21119339363228	12.87786380722737	12.87786380722737	8.585242538151581	0.0	0.0	0.0	0.0	0.0	0.0	12.87786380722737	0.0	0.0	0.0	0.0	5.1195736280340824	0.0	12.87786380722737	12.87786380722737	0.0	0.0	0.0	0.0	0.0	0.0	0.0	0.0	0.0	0.0	0.0	0.0	0.0	0.0	0.0	17.16508045363386	12.87786380722737	10.366841335019974	0.0	0.0	0.0	25.747620680450787	0.0	0.0	31.08095366706205	0.0	0.0	0.0	4.292621269075791	0.0	0.0	0.0	0.0	0.0	12.87786380722737	0.0	7.20332715092504	0.0	12.87786380722737	0.0	0.0	0.0	0.0	0.0	0.0	0.0	0.0	4.292621269075791	0.0	0.0	0.0	0.0	0.0	0.0
CALYO1406491_acpa-rejette	acpa-rejette	0.0	8.309657793057676	11.959043659134457	14.855724181556877	0.0	0.0	0.0	0.0	0.0	0.0	0.0	0.0	0.0	0.0	9.903816121037918	0.0	9.903816121037918	0.0	0.0	0.0	9.903816121037918	28.671373254447158	0.0	0.0	0.0	0.0	14.855724181556877	0.0	0.0	0.0	0.0	0.0	0.0	0.0	0.0	0.0	0.0	0.0	0.0	0.0	0.0	0.0	4.110455076193077	0.0	0.0	11.959043659134457	14.005973817434395	0.0	0.0	0.0	0.0	0.0	0.0	14.855724181556877	0.0	0.0	0.0	0.0	29.693857211358072	29.693857211358072	9.903816121037918	8.309657793057676	0.0	0.0	9.897952403786025	14.855724181556877	0.0	0.0	0.0	0.0	0.0	0.0	0.0	14.855724181556877	0.0	0.0	0.0	0.0	0.0	0.0	0.0	0.0	0.0	0.0	0.0	4.951908060518959	0.0	0.0	0.0	0.0	0.0	29.693857211358072	0.0	0.0	0.0	0.0	0.0	0.0	0.0	0.0	4.110455076193077	0.0	0.0	0.0	0.0	0.0	8.309657793057676	0.0	0.0	24.70104158871327	24.70104158871327	0.0	0.0	0.0	0.0	0.0	0.0	0.0	0.0	0.0	0.0	0.0	0.0	0.0	0.0	0.0	19.79590480757205	0.0	0.0	0.0	0.0	0.0	0.0	0.0	0.0	0.0	0.0	0.0	0.0	0.0	0.0	0.0	0.0	14.005973817434395	0.0	0.0	0.0	0.0	0.0	0.0	0.0	0.0	0.0	0.0	14.855724181556877	11.959043659134457	8.309657793057676	0.0	9.903816121037918	9.903816121037918	11.959043659134457	5.905868774801212	0.0	0.0	0.0	0.0	0.0	0.0	0.0	0.0	0.0	24.70104158871327	11.804744216083508	0.0	0.0	0.0	5.905868774801212	0.0	0.0	0.0	7.0071355986154975	0.0	0.0	14.855724181556877	0.0	0.0	0.0	0.0	0.0	9.903816121037918	0.0	0.0	0.0	0.0	14.855724181556877	14.855724181556877	0.0	0.0	0.0	0.0	0.0	0.0	0.0	0.0	0.0	0.0	0.0	0.0	0.0	0.0	0.0	0.0	0.0	0.0	0.0	14.855724181556877	0.0	0.0	0.0	14.005973817434395	13.407180385820945	11.959043659134457	0.0	0.0	0.0	0.0	0.0	0.0	0.0	0.0	0.0	0.0	0.0	0.0	14.855724181556877	0.0	0.0	0.0	0.0	0.0	0.0	0.0	0.0	0.0	0.0	0.0	0.0	0.0	0.0	0.0	0.0	9.903816121037918	0.0	0.0	0.0	0.0	16.609475846935425	14.855724181556877	14.855724181556877	0.0	0.0	0.0	0.0	0.0	0.0	0.0	0.0	0.0	0.0	0.0	0.0	9.903816121037918	0.0	11.959043659134457	0.0	0.0	0.0	0.0	0.0	0.0	0.0	0.0	0.0	16.609475846935425	0.0	0.0	0.0	0.0	14.855724181556877	0.0	0.0	0.0	0.0	0.0	0.0	0.0	0.0	0.0	0.0	0.0
CAPAR1305040_acpa-rejette	acpa-rejette	10.126622724013325	0.0	0.0	0.0	0.0	12.228086809770728	0.0	0.0	0.0	0.0	12.228086809770728	10.12195392541504	10.126622724013325	0.0	0.0	0.0	0.0	0.0	0.0	12.228086809770728	10.126622724013325	0.0	0.0	0.0	0.0	0.0	0.0	24.444898295850013	0.0	15.189934086019987	0.0	0.0	0.0	0.0	0.0	0.0	0.0	0.0	15.189934086019987	0.0	0.0	0.0	8.401980890039868	15.189934086019987	12.228086809770728	0.0	0.0	0.0	0.0	30.365861776245115	10.126622724013325	0.0	0.0	0.0	0.0	15.189934086019987	0.0	0.0	0.0	0.0	0.0	0.0	0.0	10.126622724013325	5.0633113620066625	0.0	0.0	0.0	0.0	0.0	0.0	12.228086809770728	0.0	0.0	0.0	0.0	0.0	0.0	0.0	0.0	0.0	0.0	0.0	0.0	0.0	5.0633113620066625	15.189934086019987	15.189934086019987	0.0	0.0	0.0	15.189934086019987	0.0	0.0	0.0	0.0	0.0	10.126622724013325	0.0	0.0	4.202928171514804	33.9394523951669	24.444898295850013	0.0	0.0	0.0	8.496600543420985	0.0	4.202928171514804	15.175936292343213	15.175936292343213	10.126622724013325	0.0	0.0	12.228086809770728	0.0	12.228086809770728	15.189934086019987	0.0	12.07189852830596	0.0	0.0	0.0	0.0	0.0	10.126622724013325	0.0	0.0	12.228086809770728	0.0	0.0	0.0	0.0	0.0	0.0	0.0	0.0	0.0	0.0	0.0	0.0	0.0	0.0	0.0	0.0	12.07189852830596	0.0	15.189934086019987	0.0	0.0	0.0	0.0	0.0	0.0	15.189934086019987	0.0	0.0	0.0	0.0	0.0	0.0	0.0	0.0	0.0	0.0	0.0	0.0	12.228086809770728	0.0	0.0	0.0	15.175936292343213	6.038733373987055	0.0	0.0	0.0	0.0	12.228086809770728	15.189934086019987	0.0	7.164775447764065	0.0	0.0	0.0	7.164775447764065	10.126622724013325	0.0	0.0	0.0	0.0	0.0	0.0	16.985366507083558	15.189934086019987	0.0	0.0	0.0	8.496600543420985	12.228086809770728	0.0	0.0	12.228086809770728	0.0	0.0	0.0	0.0	0.0	15.189934086019987	0.0	0.0	10.126622724013325	0.0	0.0	10.126622724013325	0.0	0.0	0.0	5.0633113620066625	0.0	7.164775447764065	6.863412581668518	0.0	12.228086809770728	12.228086809770728	0.0	0.0	0.0	0.0	0.0	0.0	0.0	0.0	15.189934086019987	0.0	0.0	0.0	0.0	0.0	0.0	0.0	20.24390785083008	0.0	12.07189852830596	15.189934086019987	15.189934086019987	0.0	0.0	0.0	15.189934086019987	0.0	0.0	10.126622724013325	0.0	0.0	0.0	0.0	0.0	0.0	0.0	0.0	0.0	0.0	0.0	36.6504552326756	0.0	0.0	0.0	15.189934086019987	0.0	15.189934086019987	12.228086809770728	10.126622724013325	15.189934086019987	0.0	0.0	15.189934086019987	0.0	0.0	0.0	10.126622724013325	0.0	0.0	0.0	0.0	0.0	0.0	0.0	24.444898295850013	0.0	0.0	0.0	15.189934086019987	0.0	0.0	0.0	0.0	0.0	0.0	0.0	0.0
CANIM1601140_acpa-rejette	acpa-rejette	0.0	0.0	0.0	0.0	0.0	0.0	0.0	0.0	0.0	0.0	0.0	0.0	0.0	0.0	0.0	0.0	0.0	0.0	0.0	0.0	0.0	5.223986294251728	0.0	0.0	0.0	0.0	0.0	0.0	18.880172165149283	0.0	0.0	15.19877459055872	0.0	0.0	0.0	0.0	0.0	0.0	0.0	0.0	0.0	0.0	0.0	0.0	0.0	0.0	0.0	0.0	0.0	0.0	0.0	0.0	0.0	18.880172165149283	0.0	0.0	0.0	0.0	0.0	0.0	0.0	0.0	0.0	0.0	0.0	0.0	0.0	0.0	10.560762158008885	18.880172165149283	0.0	0.0	0.0	0.0	8.905383868842291	0.0	15.19877459055872	0.0	0.0	0.0	0.0	12.586781443432859	12.586781443432859	12.586781443432859	18.880172165149283	6.293390721716429	0.0	0.0	0.0	0.0	37.732558930761655	0.0	0.0	0.0	0.0	0.0	0.0	0.0	0.0	0.0	15.648917512403683	0.0	0.0	0.0	0.0	6.293390721716429	0.0	0.0	0.0	18.852413986199746	18.852413986199746	0.0	0.0	15.19877459055872	0.0	0.0	0.0	0.0	0.0	7.505781467823442	0.0	0.0	0.0	0.0	0.0	12.586781443432859	0.0	0.0	0.0	0.0	0.0	0.0	0.0	0.0	0.0	0.0	0.0	0.0	0.0	0.0	0.0	0.0	0.0	8.905383868842291	0.0	0.0	0.0	0.0	0.0	0.0	0.0	8.905383868842291	0.0	0.0	0.0	0.0	0.0	0.0	0.0	0.0	0.0	7.505781467823442	10.560762158008885	0.0	0.0	0.0	0.0	0.0	0.0	0.0	0.0	18.852413986199746	7.505781467823442	0.0	0.0	0.0	7.505781467823442	0.0	18.880172165149283	8.905383868842291	0.0	0.0	0.0	0.0	0.0	0.0	15.19877459055872	0.0	0.0	0.0	0.0	0.0	0.0	0.0	0.0	0.0	0.0	0.0	0.0	15.19877459055872	15.19877459055872	0.0	0.0	0.0	18.880172165149283	0.0	0.0	0.0	0.0	0.0	0.0	0.0	0.0	0.0	0.0	0.0	18.880172165149283	12.577519643587221	0.0	0.0	8.52846270631881	0.0	0.0	0.0	15.19877459055872	12.586781443432859	0.0	0.0	0.0	0.0	0.0	0.0	0.0	0.0	0.0	0.0	0.0	0.0	18.880172165149283	0.0	0.0	0.0	0.0	0.0	0.0	0.0	0.0	0.0	0.0	0.0	0.0	0.0	0.0	0.0	0.0	0.0	10.560762158008885	18.880172165149283	18.880172165149283	0.0	0.0	0.0	0.0	0.0	37.732558930761655	0.0	0.0	0.0	30.375181587179412	0.0	0.0	0.0	0.0	0.0	6.293390721716429	0.0	0.0	0.0	0.0	0.0	0.0	0.0	0.0	10.560762158008885	0.0	12.586781443432859	15.19877459055872	0.0	0.0	0.0	0.0	0.0	0.0	0.0	0.0	0.0	0.0	0.0	0.0	0.0
CAPAR1507851_acpa-rejette	acpa-rejette	0.0	0.0	0.0	16.13121279158087	0.0	0.0	0.0	0.0	0.0	0.0	0.0	0.0	0.0	0.0	10.754141861053917	0.0	0.0	0.0	0.0	0.0	0.0	0.0	0.0	0.0	0.0	0.0	0.0	0.0	0.0	0.0	0.0	0.0	0.0	0.0	0.0	0.0	0.0	0.0	0.0	0.0	0.0	0.0	0.0	0.0	0.0	0.0	0.0	0.0	0.0	0.0	0.0	0.0	0.0	0.0	0.0	0.0	0.0	0.0	0.0	0.0	0.0	0.0	0.0	0.0	0.0	0.0	0.0	12.985827933504789	0.0	0.0	0.0	0.0	0.0	0.0	0.0	0.0	0.0	0.0	0.0	0.0	0.0	0.0	0.0	0.0	0.0	0.0	0.0	0.0	0.0	0.0	0.0	0.0	0.0	0.0	0.0	0.0	0.0	0.0	0.0	0.0	0.0	0.0	0.0	0.0	0.0	0.0	0.0	0.0	0.0	0.0	0.0	0.0	0.0	0.0	0.0	0.0	0.0	0.0	0.0	0.0	0.0	0.0	0.0	0.0	0.0	0.0	0.0	0.0	0.0	0.0	0.0	0.0	0.0	0.0	0.0	0.0	0.0	12.77557629385885	16.13121279158087	0.0	0.0	0.0	0.0	0.0	0.0	0.0	0.0	0.0	0.0	0.0	0.0	0.0	0.0	0.0	0.0	0.0	0.0	0.0	10.754141861053917	10.754141861053917	12.985827933504789	6.4129371790401155	0.0	0.0	0.0	0.0	0.0	0.0	0.0	0.0	6.4129371790401155	0.0	0.0	0.0	0.0	0.0	6.4129371790401155	0.0	0.0	0.0	0.0	0.0	0.0	0.0	0.0	0.0	0.0	0.0	0.0	0.0	0.0	0.0	0.0	0.0	0.0	0.0	0.0	0.0	0.0	0.0	0.0	0.0	0.0	0.0	0.0	0.0	0.0	0.0	0.0	0.0	0.0	0.0	0.0	0.0	0.0	0.0	0.0	0.0	0.0	0.0	0.0	0.0	0.0	0.0	0.0	0.0	0.0	0.0	0.0	0.0	0.0	0.0	0.0	0.0	16.13121279158087	0.0	0.0	0.0	0.0	0.0	0.0	0.0	0.0	0.0	0.0	0.0	0.0	0.0	0.0	0.0	0.0	0.0	0.0	0.0	0.0	0.0	0.0	0.0	0.0	0.0	0.0	0.0	0.0	0.0	16.13121279158087	0.0	0.0	0.0	0.0	0.0	0.0	0.0	0.0	0.0	0.0	0.0	0.0	0.0	0.0	0.0	0.0	0.0	0.0	0.0	0.0	0.0	0.0	0.0	0.0	0.0	0.0	0.0	0.0	5.377070930526958	0.0	0.0	0.0	0.0	0.0	0.0
