@id	@sens-resultat	abus	abus de procédure	abusif considérant	abusif à hauteur	acquitter	action	action en justice	adversaire au paiement	agir	agir en justice	ainsi	ajouter	allouer	allouer à monsieur	appel interjeter	application du disposition	après	argument	articler	assignation	assurance	attendre	attendu	attribution	aucun	aucun faute	audience	auquel	autre demande	avant	avocat engager	avocat engager devant	avril	axiome	axiome bâtiment	axiome ne caractériser	bien	blâmable	bon	bon droit	bâtiment	cadre	caractériser	cause	cause de appel	causer	chacun	charge	chef	circonstance	civil celui	civil dit	civil déclare	civil la condamner	civil vu	code civil	comprendre	compte	condamnation	condamnation au titre	condamnation de monsieur	condamnation ne appartenir	condamne	condamner à verser	confirmation	confirmer le jugement	conformément	conseil	considérer	consort	consort riehl	constater	constituer	constitutif	contestation	contester	contractuel	contraindre	contrat	contrat de travail	convenir	convenir convier	convier	demande de dommages	demande fin	demande former	dernier	destiner	destiner l initiative	deux	deux foi	deux foi fois	devant	devoir	devoir prendre	devoir se étendre	dilatoire	dispos	disposition	dol	dolosif	donner au litige	droit	droit de agir	dès	dès lors	débat	débouter	décision de justice	décision devoir	déclare	déclarer	défense	déférer	dégénérer	dégénérer en abus	déjà rendre	délai	démontrer	dépens de appel	dépens de premier	détailler	encore	engager	entier	entier dépens	entreprendre	erreur	espèce	euro au titre	euro chacun	euro par application	exercice	exigence	exposer	exposer détailler	faire	faire application	faire droit	faire dégénérer	fait	faute même non	financier	fixer	foi	fonder	former	formuler	frai	frai frais	frai frais irrépétibles	frais de avocat	gain	gain de cause	grossier	grossier ou dolosif	hauteur	hauteur de appel	in solidum	indemnisation	initiative	interjeter	intimer	invoquer	jacques	jacques riehl	janvier	jugement	jugement déférer	jugement entreprendre	juger	juridiction	juridiction saisir	justement	justice	justice de manière	justice déjà rendre	laisser	lequel	lieu	lieu à application	litige	lors	légitimement	légitimement penser	légèreté blâmable	madame	mai	manifestement	manière	mauvais	mauvais foi	mener	michelle	michelle riehl	monsieur jacques	monsieur jacques riehl	montant	moyen	méprendre	ni	non grossier	obligation	observation	observation oral	observer	obtenir gain	oral	ordonnance	paiement	particulier	partie qui pouvoir	payer un amende	payer à monsieur	penser	pension	percevoir	permettre	personnel	pouvoir	pouvoir donner	pouvoir légitimement	pouvoir légitimement penser	pouvoir être recevable	pouvoir être reprocher	premier foi	premier foi fois	premier instance	premier juge	prendre	prendre en charge	preuve	prise	procédure abusif ainsi	procédure abusif considérant	procédure civil dit	procédure civil déclare	procédure civil vu	procédure de appel	produire	profit	précisément	préjudice	préjudice du dommages	prétention	qualité pour solliciter	question	quoi	quoi le consort	recevable	reconnaître	rejet	rejeté le demande	relation	reprocher	reprocher à monsieur	revanche	riehl	riehl avoir faire	riehl in	riehl in solidum	rupture	réclame	réformer	réformer le jugement	régler	régler un amende	régulier	résulter	saisir	salaire	sarl	sarl axiome	sarl axiome bâtiment	sci	sen	sen sens	sens	seulement	solliciter	solution	succomber	suivant	supporter le dépens	tant	tel	tel condamnation	texte	titre de amende	titre de dommage	titre de dommages	titre du disposition	toujours	tout	travail	tribunal	venir	verser du dommage	verser le somme	vu
CAPAR1415151_acpa-accepte	acpa-accepte	0.0	0.0	0.18046855918071142	0.0	0.0	0.0	0.0	0.0	0.3609371183614228	0.36093711836142284	0.0	0.0	0.0	0.0	0.0	0.0	0.0	0.0	0.0	0.0	0.0	0.0	0.0	0.0	0.0	0.0	0.0	0.0	0.0	0.0	0.0	0.0	0.18046855918071142	0.0	0.0	0.0	0.0	0.0	0.0	0.0	0.0	0.0	0.0	0.0	0.0	0.0	0.0	0.0	0.0	0.0	0.0	0.0	0.0	0.0	0.0	0.0	0.0	0.0	0.0	0.0	0.0	0.0	0.6445428131055357	0.0	0.0	0.0	0.0	0.0	0.0	0.0	0.0	0.0	0.0	0.0	0.0	0.0	0.0	0.0	0.0	0.0	0.0	0.0	0.0	0.0	0.0	0.0	0.0	0.0	0.0	0.0	0.0	0.0	0.0	0.5414056775421342	0.0	0.0	0.0	0.0	0.0	0.0	0.0	0.18046855918071142	0.3752403535049237	0.0	0.0	0.0	0.0	0.0	0.0	0.0	0.0	0.0	0.0	0.0	0.0	0.0	0.0	0.0	0.0	0.0	0.0	0.0	0.0	0.0	0.0	0.0	0.0	0.0	0.0	0.0	0.0	0.0	0.0	0.0	0.0	0.0	0.3609371183614228	0.0	0.18046855918071142	0.0	0.0	0.0	0.0	0.0	0.0	0.0	0.0	0.0	0.0	0.0	0.0	0.0	0.0	0.0	0.0	0.0	0.0	0.0	0.0	0.0	0.0	0.0	0.0	0.0	0.0	0.0	0.0	0.0	0.0	0.0	0.0	0.0	0.0	0.0	0.18046855918071142	0.36093711836142284	0.0	0.0	0.0	0.0	0.0	0.2707028387710671	0.0	0.0	0.0	0.0	0.0	0.18046855918071142	0.0	0.2707028387710671	0.0	0.0	0.0	0.0	0.0	0.0	0.0	0.36093711836142284	0.0	0.18046855918071142	0.0	0.0	0.0	0.0	0.0	0.0	0.0	0.0	0.0	0.0	0.0	0.0	0.0	0.0	0.0	0.0	0.0	0.0	0.0	0.36093711836142284	0.0	0.0	0.0	0.0	0.0	0.0	0.0	0.0	0.0	0.0	0.0	0.0	0.0	0.0	0.18046855918071142	0.0	0.0	0.0	0.0	0.0	0.0	0.0	0.0	0.0	0.0	0.0	0.5414056775421342	0.0	0.0	0.0	0.0	0.36093711836142284	0.5414056775421342	0.0	0.0	0.0	0.0	0.0	0.0	0.0	0.0	0.0	0.0	0.0	0.0	0.18046855918071142	0.18046855918071142	0.0	0.36093711836142284	0.0	0.0	0.0	0.0	0.0	0.0	0.18046855918071142	0.18046855918071142	0.18046855918071142	0.0	0.0	0.18046855918071142	0.0	0.0	0.0	0.0	0.0	0.0	0.0	0.0	0.0	0.0	0.0	0.0	0.0	0.0	0.0	0.48340710982915186	0.0	0.0	0.0
CAVER1501501_acpa-accepte	acpa-accepte	0.0	0.0	0.0	0.0	0.12664695155696581	0.0	0.0	0.0	0.2532939031139316	0.0	0.0	0.0	0.1899704273354487	0.12664695155696581	0.0	0.0	0.0	0.0	0.0	0.0	0.0	0.0	0.0	0.11411189286714098	0.0	0.0	0.12664695155696581	0.0	0.0	0.12664695155696581	0.0	0.0	0.0	0.0	0.0	0.0	0.0	0.0	0.0	0.0	0.0	0.0	0.0	0.0	0.0	0.31661737889241454	0.0	0.0	0.0	0.25329390311393163	0.0	0.0	0.0	0.0	0.0	0.0	0.0	0.0	0.0	0.0	0.0	0.0	0.5065878062278631	0.0	0.0	0.0	0.0	0.12664695155696581	0.0	0.0	0.0	0.12664695155696581	0.0	0.0	0.2852797321678524	0.11411189286714098	0.12664695155696581	0.12664695155696581	0.0	0.0	0.25329390311393163	0.25329390311393163	0.25329390311393163	0.0	0.0	0.0	0.0	0.0	0.0	0.44326433044938035	0.0	0.0	0.25329390311393163	0.0	0.0	0.0	0.1899704273354487	0.12664695155696581	0.0	0.0	0.0	0.0	0.2852797321678524	0.0	0.0	0.0	0.0	0.0	0.0	0.0	0.0	0.0	0.31661737889241454	0.0	0.0	0.0	0.0	0.1068567476618789	0.0	0.0	0.0	0.0	0.0	0.12664695155696581	0.0	0.0	0.0	0.0	0.0	0.0	0.0	0.0	0.0	0.0	0.1068567476618789	0.0	0.0	0.0	0.0	0.0	0.25329390311393163	0.0	0.0	0.0	0.0	0.0	0.0	0.0	0.0	0.0	0.0	0.0	0.0	0.0	0.0	0.0	0.0	0.0	0.0	0.0	0.0	0.0	0.12664695155696581	0.0	0.0	0.0	0.0	0.0	0.0	0.0	0.0	0.0	0.0	0.0	0.0	0.0	0.0	0.0	0.0	0.25329390311393163	0.0	0.1899704273354487	0.0	0.0	0.0	0.0	0.0	0.0	0.3799408546708974	0.0	0.0	0.0	0.12664695155696581	0.0	0.0	0.0	0.0	0.22822378573428195	0.0	0.0	0.0	0.0	0.12664695155696581	0.0	0.0	0.0	0.0	0.0	0.0	0.0	0.25329390311393163	0.0	0.0	0.0	0.0	0.0	0.0	0.25329390311393163	0.0	0.25329390311393163	0.0	0.0	0.0	0.0	0.0	0.0	0.0	0.12664695155696581	0.1899704273354487	0.0	0.0	0.0	0.0	0.0	0.0	0.0	0.0	0.0	0.0	0.0	0.0	0.0	0.1899704273354487	0.0	0.0	0.0	0.0	0.0	0.0	0.0	0.12664695155696581	0.0	0.0	0.0	0.0	0.0	0.0	0.0	0.0	0.0	0.0	0.0	0.0	0.0	0.0	0.0	0.0	0.0	0.0	0.0	0.0	0.0	0.0	0.0	0.2761557761086635	0.0	0.0	0.0	0.12664695155696581	0.0	0.0	0.0	0.0	0.0	0.0	0.0	0.0	0.0	0.0	0.0	0.11411189286714098	0.0	0.12664695155696581	0.0	0.0	0.0	0.3423356786014229	0.0	0.0	0.0
CABAS1400506_acpa-accepte	acpa-accepte	0.0	0.0	0.0	0.0	0.0	0.0	0.0	0.0	0.0	0.0	0.0	0.1322601298182742	0.0	0.0	0.0	0.0	0.0	0.1322601298182742	0.0	0.0	0.1322601298182742	0.0	0.0	0.0	0.0	0.0	0.0	0.0	0.0	0.0	0.0	0.0	0.0	0.0	0.0	0.0	0.0	0.0	0.3967803894548225	0.3967803894548225	0.0	0.0	0.0	0.2645202596365484	0.0	0.0	0.2941425227725867	0.1322601298182742	0.0	0.0	0.0	0.0	0.0	0.0	0.0	0.0	0.0	0.0	0.19839019472741126	0.0	0.0	0.0	0.5290405192730968	0.0	0.0	0.0	0.0	0.0	0.0	0.0	0.0	0.0	0.0	0.0	0.0	0.0	0.0	0.0	0.0	0.0	0.0	0.0	0.0	0.0	0.0	0.0	0.0	0.0	0.0	0.4629104543639597	0.0	0.0	0.2645202596365484	0.0	0.0	0.0	0.0	0.0	0.0	0.0	0.0	0.0	0.33065032454568544	0.0	0.0	0.0	0.0	0.0	0.0	0.0	0.0	0.0	0.3306503245456855	0.0	0.0	0.0	0.0	0.0	0.0	0.0	0.0	0.0	0.0	0.0	0.0	0.0	0.0	0.0	0.0	0.1322601298182742	0.35297102732710395	0.0	0.0	0.0	0.0	0.0	0.23531401821806933	0.3306503245456855	0.0	0.0	0.0	0.0	0.0	0.0	0.1322601298182742	0.0	0.1322601298182742	0.0	0.0	0.0	0.0	0.0	0.0	0.0	0.0	0.0	0.11765700910903468	0.0	0.0	0.0	0.0	0.0	0.0	0.0	0.0	0.0	0.0	0.0	0.0	0.0	0.0	0.0	0.0	0.0	0.0	0.0	0.0	0.3967803894548225	0.0	0.0	0.0	0.0	0.0	0.0	0.0	0.0	0.0	0.0	0.3967803894548225	0.0	0.1322601298182742	0.1322601298182742	0.0	0.0	0.0	0.0	0.0	0.0	0.0	0.0	0.0	0.0	0.0	0.0	0.0	0.0	0.0	0.0	0.0	0.0	0.2645202596365484	0.0	0.0	0.0	0.0	0.0	0.0	0.2645202596365484	0.0	0.2645202596365484	0.0	0.0	0.0	0.0	0.0	0.0	0.0	0.1322601298182742	0.0	0.0	0.0	0.0	0.0	0.0	0.0	0.0	0.0	0.0	0.0	0.0	0.0	0.0	0.19839019472741126	0.0	0.0	0.0	0.0	0.0	0.0	0.0	0.0	0.0	0.3967803894548225	0.0	0.0	0.0	0.0	0.0	0.0	0.0	0.0	0.0	0.0	0.0	0.0	0.0	0.0	0.0	0.0	0.0	0.0	0.0	0.0	0.0	0.0	0.0	0.0	0.0	0.0	0.0	0.0	0.0	0.0	0.0	0.0	0.0	0.0	0.0	0.0	0.1322601298182742	0.0	0.0	0.0	0.0	0.0	0.0	0.0	0.0	0.0	0.0
CACHA1502356_acpa-accepte	acpa-accepte	0.10579001892713812	0.0	0.0	0.10579001892713812	0.0	0.0	0.0	0.0	0.19098593123012533	0.19098593123012536	0.0	0.0	0.143239448422594	0.0	0.0	0.0	0.0	0.0	0.0	0.0	0.0	0.0	0.0	0.0	0.0	0.0	0.0	0.0	0.0	0.0	0.0	0.0	0.0	0.0	0.0	0.0	0.0	0.0	0.31737005678141433	0.31737005678141433	0.0	0.0	0.0	0.0	0.0	0.26447504731784527	0.22391235761327113	0.10579001892713812	0.0	0.21158003785427623	0.10579001892713812	0.0	0.0	0.10579001892713812	0.0	0.0	0.10579001892713812	0.0	0.0	0.0	0.0	0.0	0.0	0.10579001892713812	0.0	0.0	0.0	0.0	0.0	0.0	0.0	0.0	0.0	0.10579001892713812	0.26447504731784527	0.0	0.0	0.0	0.0	0.0	0.21158003785427623	0.21158003785427623	0.21158003785427623	0.0	0.0	0.0	0.0	0.0	0.0	0.33422537965271937	0.09549296561506268	0.09549296561506268	0.0	0.0	0.0	0.0	0.15868502839070717	0.0	0.286478896845188	0.0	0.0	0.0	0.2644750473178452	0.0	0.0	0.0	0.0	0.0	0.0	0.0	0.0	0.0	0.0	0.0	0.0	0.0	0.0	0.0	0.0	0.0	0.0	0.0	0.10579001892713812	0.0	0.10579001892713812	0.10579001892713812	0.0	0.0	0.0	0.0	0.31737005678141433	0.0	0.0	0.0	0.0	0.0	0.19098593123012533	0.26447504731784527	0.0	0.0	0.21158003785427623	0.0	0.0	0.0	0.08956494304530846	0.0	0.0	0.0	0.0	0.0	0.0	0.0	0.0	0.0	0.0	0.0	0.10579001892713812	0.0	0.0	0.0	0.0	0.0	0.0	0.0	0.0	0.0	0.0	0.0	0.0	0.0	0.0	0.0	0.0	0.10579001892713812	0.08956494304530846	0.21158003785427623	0.0	0.31737005678141433	0.0	0.0	0.0	0.0	0.0	0.0	0.0	0.0	0.0	0.0	0.0	0.15868502839070717	0.0	0.0	0.0	0.0	0.0	0.0	0.0	0.0	0.0	0.0	0.0	0.0	0.0	0.0	0.0	0.0	0.0	0.0	0.10579001892713812	0.08956494304530846	0.0	0.0	0.0	0.0	0.0	0.0	0.0	0.0	0.0	0.17912988609061692	0.0	0.0	0.0	0.0	0.0	0.0	0.0	0.0	0.15868502839070717	0.0	0.0	0.0	0.0	0.0	0.0	0.0	0.0	0.0	0.0	0.0	0.09549296561506268	0.0	0.143239448422594	0.0	0.0	0.0	0.31737005678141433	0.0	0.0	0.0	0.0	0.21158003785427623	0.0	0.0	0.0	0.0	0.0	0.0	0.0	0.0	0.0	0.0	0.0	0.0	0.0	0.0	0.0	0.0	0.21158003785427623	0.0	0.0	0.0	0.0	0.0	0.2686948291359253	0.0	0.0	0.0	0.0	0.0	0.0	0.15868502839070717	0.0	0.0	0.0	0.0	0.0	0.0	0.10579001892713812	0.09549296561506268	0.0	0.0	0.0	0.10579001892713812	0.0	0.0	0.0	0.10579001892713812	0.0	0.0
CAMET1502360_acpa-accepte	acpa-accepte	0.0	0.0	0.0	0.0	0.0	0.14250612027740456	0.0	0.0	0.3185634667880192	0.3185634667880193	0.3982043334850241	0.0	0.0	0.0	0.0	0.2389226000910144	0.2389226000910144	0.0	0.0	0.0	0.0	0.3185634667880192	0.21375918041610684	0.0	0.0	0.0	0.0	0.0	0.0	0.0	0.0	0.0	0.0	0.0	0.0	0.0	0.0	0.0	0.0	0.0	0.0	0.0	0.0	0.0	0.0	0.0	0.0	0.0	0.0	0.0	0.0	0.0	0.0	0.0	0.0	0.0	0.0	0.0	0.2389226000910144	0.0	0.0	0.0	0.6371269335760384	0.15928173339400964	0.0	0.0	0.0	0.0	0.0	0.0	0.0	0.0	0.0	0.0	0.0	0.0	0.15928173339400964	0.0	0.0	0.0	0.0	0.0	0.0	0.0	0.0	0.0	0.0	0.0	0.0	0.0	0.0	0.0	0.0	0.0	0.0	0.0	0.2389226000910144	0.0	0.4778452001820288	0.0	0.0	0.0	0.0	0.0	0.2389226000910144	0.2389226000910144	0.0	0.0	0.0	0.0	0.0	0.0	0.0	0.0	0.0	0.0	0.0	0.0	0.0	0.0	0.0	0.0	0.0	0.0	0.0	0.0	0.0	0.0	0.3982043334850241	0.14250612027740459	0.0	0.0	0.0	0.0	0.0	0.0	0.0	0.0	0.0	0.0	0.0	0.0	0.0	0.0	0.0	0.0	0.0	0.0	0.0	0.0	0.0	0.0	0.0	0.0	0.0	0.0	0.15928173339400964	0.0	0.0	0.0	0.0	0.0	0.0	0.0	0.0	0.0	0.0	0.5574860668790337	0.0	0.0	0.0	0.1592817333940096	0.0	0.0	0.15928173339400964	0.3185634667880193	0.0	0.0	0.0	0.0	0.0	0.0	0.3185634667880192	0.0	0.0	0.0	0.3185634667880192	0.0	0.4778452001820288	0.2389226000910144	0.0	0.0	0.0	0.0	0.0	0.0	0.0	0.0	0.0	0.0	0.0	0.0	0.0	0.0	0.0	0.1592817333940096	0.0	0.0	0.0	0.1328901724966159	0.0	0.0	0.0	0.0	0.0	0.0	0.0	0.0	0.0	0.28501224055480917	0.0	0.0	0.0	0.0	0.0	0.0	0.0	0.0	0.0	0.0	0.0	0.0	0.0	0.1592817333940096	0.0	0.0	0.0	0.0	0.0	0.0	0.0	0.0	0.2389226000910144	0.1592817333940096	0.0	0.0	0.0	0.0	0.0	0.0	0.0	0.0	0.0	0.0	0.0	0.0	0.0	0.0	0.0	0.0	0.0	0.0	0.0	0.0	0.0	0.0	0.0	0.0	0.0	0.0	0.0	0.0	0.0	0.0	0.0	0.0	0.0	0.0	0.0	0.0	0.0	0.2389226000910144	0.0	0.0	0.0	0.0	0.0	0.0	0.0	0.0	0.0	0.0	0.0	0.15928173339400964	0.0	0.1592817333940096	0.0	0.0	0.0	0.0
CADIJ1501045_acpa-rejette	acpa-rejette	0.05872360919802348	0.10769710034638329	0.0	0.06521535571948833	0.0	0.0	0.0	0.07179806689758886	0.13043071143897667	0.14359613379517774	0.0	0.06521535571948833	0.0	0.0	0.0	0.0978230335792325	0.0	0.0	0.0	0.07179806689758886	0.0	0.14359613379517772	0.0978230335792325	0.0	0.14359613379517772	0.07179806689758886	0.0	0.0	0.07179806689758886	0.07179806689758887	0.07179806689758886	0.07179806689758886	0.0	0.050447269516435904	0.05666612969731283	0.07179806689758886	0.0	0.0	0.0	0.0	0.05666612969731283	0.0	0.14359613379517772	0.14359613379517774	0.0	0.0	0.0	0.07179806689758887	0.14359613379517772	0.14359613379517774	0.0	0.07179806689758886	0.07179806689758886	0.0	0.0	0.0	0.0	0.0	0.0880854137970352	0.07179806689758886	0.0	0.07179806689758886	0.0	0.07179806689758887	0.07179806689758886	0.10769710034638329	0.0	0.0	0.0	0.058723609198023476	0.058723609198023476	0.0	0.07179806689758886	0.07179806689758887	0.0	0.0	0.0	0.0	0.0	0.0	0.0	0.0	0.0	0.06140247037494641	0.0	0.10769710034638329	0.0	0.07179806689758886	0.07179806689758886	0.0	0.0	0.0	0.14359613379517774	0.18420741112483924	0.07179806689758886	0.07179806689758886	0.10769710034638329	0.0	0.1761708275940704	0.0	0.07179806689758886	0.0	0.153506175937366	0.07179806689758886	0.10769710034638329	0.10769710034638329	0.0	0.18420741112483924	0.07179806689758886	0.07179806689758886	0.07179806689758886	0.0	0.0	0.10769710034638329	0.14359613379517772	0.10769710034638329	0.07179806689758886	0.07179806689758887	0.0	0.14359613379517772	0.0	0.0	0.0	0.07179806689758887	0.07179806689758887	0.07179806689758887	0.11744721839604695	0.0	0.0	0.0	0.0	0.10769710034638329	0.0	0.0	0.07179806689758887	0.0	0.12280494074989282	0.0	0.07179806689758887	0.07179806689758886	0.0	0.07179806689758886	0.10769710034638329	0.0	0.0	0.14359613379517772	0.07179806689758887	0.0	0.0	0.0	0.0	0.07179806689758886	0.07179806689758886	0.07179806689758886	0.10769710034638329	0.07179806689758886	0.05872360919802348	0.06140247037494641	0.06521535571948833	0.0	0.07179806689758886	0.0	0.0	0.0	0.07179806689758886	0.07179806689758886	0.0	0.19250590532915965	0.10769710034638329	0.11744721839604695	0.0	0.07179806689758886	0.07179806689758886	0.0	0.06521535571948833	0.14359613379517774	0.07179806689758886	0.0	0.07179806689758886	0.14359613379517774	0.07179806689758886	0.0	0.14359613379517772	0.07179806689758886	0.07179806689758886	0.0	0.14359613379517772	0.0	0.0	0.10769710034638329	0.0	0.0	0.0	0.07179806689758886	0.07179806689758886	0.07179806689758886	0.07179806689758886	0.0	0.10769710034638329	0.0	0.07179806689758886	0.07179806689758886	0.0	0.0	0.0	0.07179806689758886	0.07179806689758886	0.0	0.0	0.06521535571948833	0.14359613379517774	0.07179806689758886	0.0	0.0	0.10769710034638329	0.0	0.0	0.0	0.07179806689758886	0.12280494074989284	0.0	0.07179806689758886	0.07179806689758886	0.07179806689758886	0.0	0.0	0.0	0.07179806689758887	0.0978230335792325	0.07179806689758886	0.07179806689758886	0.07179806689758886	0.0	0.0	0.0	0.07179806689758886	0.07179806689758886	0.0	0.0	0.0	0.0	0.0	0.10769710034638329	0.07179806689758886	0.0	0.10769710034638329	0.0	0.07179806689758886	0.07179806689758886	0.07179806689758886	0.0	0.0	0.0	0.0	0.0	0.0	0.10769710034638329	0.05360847583422583	0.07179806689758886	0.07179806689758886	0.07179806689758886	0.0	0.0	0.07179806689758886	0.07179806689758886	0.0	0.0	0.07179806689758886	0.0	0.07179806689758886	0.0	0.05360847583422583	0.05360847583422583	0.05666612969731283	0.0	0.0	0.0	0.0	0.07179806689758887	0.09210370556241962	0.0	0.0	0.0	0.0	0.07179806689758886	0.10769710034638329	0.07179806689758886	0.07179806689758886	0.0	0.07179806689758887	0.07179806689758887	0.10769710034638329	0.0	0.07179806689758887	0.0	0.0	0.0	0.0	0.0	0.0
CAPAR1507861_acpa-rejette	acpa-rejette	0.0	0.0	0.17465440165403126	0.0	0.0	0.0	0.0	0.0	0.0	0.0	0.43663600413507814	0.0	0.0	0.0	0.0	0.0	0.26198160248104685	0.0	0.0	0.0	0.17465440165403126	0.0	0.0	0.0	0.0	0.0	0.0	0.0	0.0	0.0	0.0	0.0	0.0	0.0	0.0	0.0	0.26198160248104685	0.0	0.0	0.0	0.0	0.0	0.0	0.0	0.0	0.0	0.0	0.0	0.0	0.0	0.0	0.0	0.0	0.0	0.0	0.0	0.0	0.0	0.0	0.0	0.0	0.0	0.6986176066161249	0.0	0.0	0.0	0.0	0.0	0.17465440165403123	0.0	0.0	0.0	0.0	0.0	0.43663600413507814	0.0	0.0	0.14423781388397916	0.0	0.0	0.3493088033080625	0.3493088033080625	0.3493088033080625	0.0	0.0	0.0	0.26198160248104685	0.0	0.0	0.6112904057891093	0.17465440165403126	0.17465440165403126	0.0	0.5239632049620937	0.0	0.0	0.0	0.0	0.0	0.0	0.0	0.17465440165403126	0.0	0.0	0.0	0.0	0.0	0.0	0.0	0.0	0.0	0.0	0.43663600413507814	0.0	0.0	0.0	0.0	0.0	0.0	0.0	0.0	0.0	0.0	0.17465440165403126	0.0	0.0	0.0	0.0	0.0	0.17465440165403126	0.0	0.0	0.0	0.0	0.17465440165403126	0.0	0.34930880330806247	0.0	0.0	0.0	0.0	0.0	0.0	0.0	0.17465440165403126	0.0	0.0	0.0	0.26198160248104685	0.26198160248104685	0.17465440165403123	0.0	0.0	0.0	0.0	0.0	0.17465440165403126	0.0	0.0	0.0	0.0	0.0	0.0	0.0	0.0	0.0	0.0	0.0	0.0	0.0	0.0	0.0	0.0	0.0	0.0	0.0	0.0	0.0	0.0	0.0	0.0	0.26198160248104685	0.34930880330806247	0.0	0.0	0.0	0.0	0.0	0.0	0.0	0.0	0.0	0.0	0.0	0.0	0.0	0.0	0.0	0.0	0.0	0.0	0.0	0.0	0.0	0.0	0.0	0.0	0.0	0.0	0.0	0.0	0.0	0.0	0.0	0.0	0.0	0.0	0.0	0.0	0.0	0.0	0.0	0.0	0.0	0.0	0.0	0.0	0.0	0.0	0.0	0.0	0.0	0.0	0.17465440165403123	0.17465440165403126	0.0	0.0	0.0	0.0	0.0	0.0	0.0	0.0	0.0	0.0	0.0	0.0	0.0	0.0	0.0	0.0	0.3493088033080625	0.0	0.0	0.0	0.0	0.0	0.0	0.0	0.0	0.0	0.0	0.0	0.0	0.0	0.0	0.0	0.0	0.0	0.0	0.0	0.0	0.0	0.0	0.0	0.0	0.0	0.0	0.0	0.0	0.17465440165403126	0.0	0.0	0.0	0.0	0.0	0.0	0.0	0.0	0.0	0.17465440165403126	0.0	0.0	0.0	0.0	0.0	0.0	0.0	0.0	0.0
CALYO1501346_acpa-rejette	acpa-rejette	0.0	0.0	0.0	0.0	0.0	0.0	0.0	0.0	0.0	0.0	0.0	0.0	0.0	0.0	0.21637355085091506	0.0	0.0	0.0	0.0	0.0	0.0	0.0	0.0	0.0	0.0	0.0	0.0	0.0	0.0	0.0	0.0	0.0	0.19455787027205054	0.0	0.0	0.0	0.0	0.0	0.0	0.0	0.0	0.0	0.0	0.3891157405441011	0.0	0.0	0.0	0.0	0.0	0.0	0.0	0.0	0.0	0.0	0.19455787027205051	0.3245603262763726	0.2163735508509151	0.0	0.0	0.0	0.0	0.0	0.0	0.0	0.0	0.3245603262763726	0.0	0.2163735508509151	0.0	0.0	0.0	0.0	0.0	0.0	0.0	0.0	0.0	0.0	0.18201216969556952	0.18201216969556952	0.0	0.0	0.0	0.0	0.21637355085091506	0.0	0.0	0.0	0.0	0.0	0.0	0.0	0.0	0.6491206525527452	0.0	0.0	0.0	0.0	0.5836736108161515	0.0	0.0	0.0	0.0	0.0	0.0	0.0	0.0	0.6491206525527452	0.0	0.0	0.0	0.0	0.0	0.0	0.0	0.0	0.0	0.0	0.0	0.0	0.0	0.0	0.0	0.0	0.2163735508509151	0.2163735508509151	0.38911574054410103	0.0	0.0	0.0	0.0	0.0	0.0	0.0	0.0	0.0	0.0	0.0	0.0	0.0	0.0	0.0	0.0	0.0	0.2163735508509151	0.0	0.0	0.21637355085091506	0.0	0.0	0.0	0.0	0.0	0.0	0.0	0.0	0.0	0.0	0.0	0.0	0.0	0.3245603262763726	0.0	0.0	0.0	0.0	0.27301825454335427	0.6370425939344935	0.0	0.38911574054410103	0.18201216969556952	0.0	0.0	0.0	0.0	0.0	0.0	0.0	0.0	0.0	0.0	0.0	0.0	0.0	0.0	0.0	0.0	0.0	0.0	0.0	0.0	0.0	0.0	0.0	0.0	0.0	0.0	0.0	0.0	0.0	0.0	0.0	0.0	0.19455787027205051	0.19455787027205051	0.0	0.0	0.19455787027205051	0.0	0.2163735508509151	0.0	0.0	0.21637355085091506	0.0	0.0	0.0	0.0	0.0	0.0	0.0	0.0	0.0	0.0	0.0	0.0	0.21637355085091506	0.21637355085091506	0.0	0.0	0.0	0.0	0.0	0.19455787027205051	0.0	0.0	0.0	0.0	0.19455787027205051	0.0	0.19455787027205051	0.0	0.0	0.3245603262763726	0.0	0.0	0.0	0.0	0.0	0.0	0.0	0.0	0.0	0.0	0.0	0.0	0.0	0.0	0.0	0.0	0.0	0.0	0.18201216969556952	0.0	0.21637355085091506	0.21637355085091506	0.0	0.0	0.0	0.0	0.0	0.21637355085091506	0.0	0.0	0.0	0.0	0.0	0.0	0.0	0.0	0.0	0.0	0.0	0.3245603262763726	0.0	0.0	0.0	0.0	0.0	0.0	0.0	0.0	0.3245603262763726	0.0	0.18201216969556955	0.1732617892338751	0.0	0.0	0.0	0.0	0.2918368054080758
CALYO1504370_acpa-rejette	acpa-rejette	0.0	0.0	0.0	0.0	0.16428569833483167	0.0	0.0	0.0	0.3285713966696633	0.0	0.41071424583707916	0.0	0.0	0.0	0.0	0.0	0.0	0.16428569833483167	0.0	0.0	0.0	0.0	0.0	0.16428569833483167	0.0	0.0	0.0	0.0	0.0	0.0	0.0	0.0	0.0	0.0	0.0	0.0	0.24642854750224746	0.0	0.0	0.0	0.0	0.0	0.0	0.32857139666966334	0.0	0.41071424583707916	0.0	0.0	0.0	0.0	0.0	0.0	0.0	0.0	0.0	0.0	0.0	0.24642854750224746	0.0	0.0	0.0	0.0	0.0	0.0	0.0	0.0	0.0	0.0	0.0	0.0	0.0	0.0	0.0	0.0	0.0	0.0	0.0	0.0	0.0	0.0	0.0	0.0	0.0	0.0	0.0	0.0	0.0	0.0	0.0	0.0	0.0	0.0	0.0	0.39172646825064406	0.0	0.0	0.0	0.0	0.0	0.0	0.0	0.0	0.0	0.0	0.0	0.0	0.16428569833483164	0.4928570950044949	0.0	0.0	0.0	0.0	0.0	0.24642854750224746	0.0	0.0	0.0	0.0	0.0	0.0	0.0	0.0	0.0	0.16428569833483167	0.0	0.0	0.0	0.0	0.0	0.0	0.0	0.24642854750224746	0.0	0.0	0.0	0.0	0.0	0.0	0.0	0.0	0.32857139666966334	0.0	0.24642854750224746	0.16428569833483164	0.0	0.3285713966696633	0.16428569833483167	0.0	0.0	0.0	0.0	0.0	0.0	0.0	0.0	0.0	0.0	0.0	0.0	0.0	0.0	0.0	0.0	0.0	0.0	0.0	0.22065858094033275	0.5749999441719108	0.24642854750224746	0.0	0.0	0.0	0.0	0.16428569833483167	0.0	0.0	0.0	0.0	0.0	0.32857139666966334	0.0	0.0	0.0	0.0	0.0	0.0	0.3285713966696633	0.0	0.0	0.0	0.0	0.0	0.0	0.0	0.0	0.0	0.0	0.32857139666966334	0.0	0.0	0.13732574888025906	0.0	0.16428569833483167	0.0	0.0	0.0	0.0	0.0	0.0	0.0	0.0	0.0	0.0	0.0	0.0	0.16428569833483164	0.0	0.32857139666966334	0.0	0.0	0.0	0.0	0.0	0.0	0.0	0.0	0.0	0.0	0.24642854750224746	0.0	0.0	0.0	0.0	0.0	0.0	0.0	0.0	0.0	0.24642854750224746	0.16428569833483164	0.0	0.0	0.24642854750224746	0.0	0.0	0.0	0.0	0.0	0.0	0.0	0.0	0.0	0.0	0.0	0.0	0.0	0.0	0.0	0.0	0.0	0.0	0.0	0.0	0.0	0.0	0.0	0.0	0.16428569833483164	0.0	0.0	0.0	0.0	0.0	0.0	0.0	0.0	0.0	0.0	0.0	0.0	0.0	0.24642854750224746	0.22065858094033275	0.0	0.0	0.24642854750224746	0.0	0.0	0.0	0.0	0.16428569833483167	0.0	0.0	0.16428569833483167	0.0	0.16428569833483164	0.0	0.0	0.24642854750224746	0.0
CAAIX1416771_acpa-rejette	acpa-rejette	0.0	0.0	0.0	0.0	0.0	0.1758877462664389	0.1758877462664389	0.0	0.3517754925328778	0.0	0.0	0.0	0.2638316193996584	0.17588774626643894	0.0	0.0	0.0	0.0	0.0	0.0	0.0	0.0	0.0	0.0	0.0	0.0	0.0	0.0	0.0	0.0	0.0	0.0	0.0	0.0	0.0	0.0	0.0	0.1758877462664389	0.0	0.0	0.0	0.0	0.3517754925328778	0.0	0.0	0.0	0.0	0.17588774626643894	0.0	0.0	0.0	0.0	0.0	0.0	0.0	0.2638316193996584	0.0	0.0	0.2638316193996584	0.0	0.0	0.0	0.0	0.0	0.0	0.0	0.1758877462664389	0.0	0.0	0.0	0.0	0.0	0.0	0.0	0.0	0.0	0.0	0.0	0.0	0.0	0.0	0.0	0.0	0.0	0.0	0.0	0.0	0.0	0.0	0.0	0.0	0.0	0.0	0.4709113685731511	0.0	0.0	0.0	0.0	0.5276632387993168	0.1758877462664389	0.0	0.0	0.43971936566609726	0.0	0.2638316193996584	0.2638316193996584	0.0	0.0	0.0	0.0	0.0	0.0	0.0	0.0	0.3517754925328778	0.0	0.0	0.0	0.0	0.3517754925328778	0.0	0.0	0.0	0.0	0.17588774626643894	0.17588774626643894	0.0	0.1758877462664389	0.4397193656660973	0.0	0.0	0.0	0.1758877462664389	0.0	0.0	0.0	0.0	0.0	0.0	0.0	0.3517754925328779	0.0	0.0	0.0	0.0	0.0	0.0	0.0	0.0	0.0	0.0	0.0	0.0	0.0	0.0	0.0	0.0	0.0	0.0	0.0	0.0	0.0	0.0	0.0	0.0	0.0	0.0	0.6156071119325361	0.0	0.0	0.0	0.0	0.0	0.0	0.17588774626643894	0.0	0.0	0.0	0.0	0.3517754925328779	0.0	0.0	0.3517754925328778	0.0	0.0	0.1758877462664389	0.0	0.0	0.0	0.0	0.0	0.0	0.0	0.0	0.0	0.0	0.0	0.0	0.0	0.17588774626643894	0.0	0.0	0.0	0.0	0.0	0.0	0.0	0.0	0.0	0.0	0.0	0.0	0.0	0.0	0.0	0.0	0.0	0.0	0.0	0.3517754925328779	0.1758877462664389	0.0	0.0	0.0	0.0	0.0	0.0	0.0	0.0	0.0	0.0	0.0	0.0	0.0	0.0	0.0	0.0	0.0	0.0	0.0	0.0	0.0	0.0	0.0	0.3517754925328778	0.0	0.0	0.0	0.0	0.0	0.0	0.0	0.0	0.0	0.0	0.0	0.0	0.0	0.0	0.0	0.0	0.0	0.0	0.0	0.0	0.0	0.0	0.0	0.0	0.0	0.0	0.0	0.0	0.0	0.0	0.0	0.0	0.0	0.0	0.0	0.0	0.2638316193996584	0.0	0.0	0.0	0.0	0.0	0.0	0.0	0.17588774626643894	0.0	0.0	0.0	0.17588774626643894	0.0	0.0	0.0	0.0	0.2638316193996584	0.0
CAROU1501321_acpa-rejette	acpa-rejette	0.0	0.0	0.0	0.0	0.0	0.0	0.0	0.0	0.0	0.0	0.2735425654092906	0.0	0.16412553924557433	0.0	0.0	0.0	0.16412553924557433	0.0	0.0	0.0	0.0	0.21883405232743244	0.0	0.0	0.21883405232743244	0.0	0.0	0.10941702616371622	0.0	0.0	0.0	0.0	0.0	0.0	0.0	0.0	0.0	0.0	0.0	0.0	0.0	0.10941702616371622	0.0	0.21883405232743247	0.16412553924557433	0.0	0.0	0.0	0.19794513261186278	0.0	0.0	0.0	0.0	0.0	0.0	0.16412553924557433	0.0	0.16412553924557433	0.16412553924557433	0.0	0.10941702616371622	0.0	0.0	0.0	0.0	0.16412553924557433	0.0	0.0	0.10941702616371622	0.0	0.0	0.0	0.10941702616371622	0.0	0.0	0.0	0.0	0.0	0.0	0.0	0.1979451326118628	0.1979451326118628	0.1979451326118628	0.0	0.10941702616371622	0.0	0.1484588494588971	0.0	0.0	0.3829595915730068	0.0	0.0	0.0	0.2969176989177942	0.0	0.0	0.0	0.0	0.2969176989177942	0.0	0.0	0.0	0.0	0.0	0.0	0.0	0.10941702616371622	0.32825107849114865	0.0	0.0	0.0	0.0	0.0	0.0	0.0	0.0	0.0	0.0	0.09897256630593139	0.0	0.10941702616371622	0.10941702616371622	0.0	0.0	0.10941702616371624	0.10941702616371624	0.19794513261186278	0.0	0.0	0.0	0.0	0.0	0.0	0.10941702616371622	0.10941702616371624	0.10941702616371622	0.0	0.0	0.0	0.0	0.0	0.0	0.0	0.09897256630593139	0.0	0.0	0.0	0.0	0.0	0.0	0.0	0.0	0.0	0.0	0.0	0.0	0.0	0.0	0.0	0.10941702616371622	0.0	0.16412553924557433	0.0	0.10941702616371622	0.0	0.0	0.0	0.3105541186713643	0.0	0.19794513261186278	0.0	0.0	0.0	0.0	0.0	0.0	0.0	0.0	0.0	0.21883405232743247	0.0	0.0	0.0	0.0	0.0	0.0	0.0	0.10941702616371624	0.0	0.0	0.0	0.0	0.10941702616371624	0.0	0.0	0.0	0.0	0.0	0.16412553924557433	0.0	0.0	0.0	0.0	0.0	0.0	0.0	0.0	0.0	0.0	0.0	0.0	0.0	0.0	0.09897256630593139	0.16412553924557433	0.0	0.10941702616371622	0.21883405232743247	0.0	0.1979451326118628	0.0	0.0	0.0	0.0	0.10941702616371622	0.0	0.0	0.10941702616371624	0.0	0.0	0.0	0.0	0.0	0.0	0.0	0.0	0.0	0.0	0.0	0.0	0.0	0.10941702616371622	0.1394199572112175	0.0	0.21883405232743244	0.16412553924557433	0.0	0.0	0.0	0.0	0.0	0.21883405232743247	0.0	0.09897256630593139	0.10941702616371622	0.10941702616371622	0.0	0.0	0.0	0.0	0.0	0.0	0.10941702616371622	0.0	0.0	0.10941702616371624	0.10941702616371624	0.0	0.21883405232743247	0.0	0.0	0.0	0.0	0.0	0.0	0.0	0.0	0.0	0.0	0.16412553924557433	0.0	0.0	0.0	0.21883405232743244	0.10941702616371622	0.0	0.0	0.0	0.0	0.0989725663059314	0.0	0.0	0.0989725663059314	0.10941702616371624	0.0	0.0	0.0	0.0	0.0	0.16412553924557433
CAROU1406104_acpa-rejette	acpa-rejette	0.0	0.0	0.0	0.0	0.0	0.0	0.0	0.0	0.0	0.0	0.3223853421293207	0.0	0.0	0.0	0.12895413685172827	0.1934312052775924	0.17449020801155582	0.0	0.12895413685172827	0.0	0.0	0.25790827370345654	0.17449020801155582	0.0	0.0	0.0	0.11632680534103723	0.12895413685172827	0.0	0.0	0.0	0.0	0.0	0.0	0.0	0.0	0.0	0.0	0.0	0.0	0.0	0.0	0.0	0.25790827370345654	0.1934312052775924	0.0	0.0	0.0	0.0	0.0	0.12895413685172827	0.0	0.0	0.0	0.12895413685172827	0.0	0.0	0.1934312052775924	0.1934312052775924	0.0	0.0	0.0	0.0	0.0	0.0	0.0	0.0	0.0	0.0	0.0	0.0	0.0	0.0	0.0	0.0	0.12895413685172827	0.0	0.0	0.12895413685172827	0.12895413685172827	0.0	0.0	0.0	0.0	0.0	0.1934312052775924	0.1934312052775924	0.0	0.0	0.0	0.0	0.0	0.0	0.0	0.0	0.0	0.0	0.0	0.3868624105551848	0.0	0.0	0.0	0.3223853421293207	0.0	0.0	0.0	0.0	0.3868624105551848	0.0	0.0	0.0	0.0	0.0	0.1934312052775924	0.0	0.0	0.0	0.0	0.0	0.0	0.12895413685172827	0.12895413685172827	0.0	0.12895413685172827	0.0	0.0	0.23265361068207444	0.0	0.3223853421293207	0.0	0.0	0.0	0.0	0.0	0.12895413685172827	0.12895413685172827	0.0	0.0	0.0	0.0	0.0	0.0	0.1934312052775924	0.0	0.0	0.0	0.12895413685172827	0.0	0.0	0.0	0.0	0.0	0.0	0.0	0.0	0.0	0.12895413685172827	0.0	0.0	0.11632680534103722	0.0	0.1934312052775924	0.0	0.0	0.0	0.0	0.17449020801155582	0.3817737950077409	0.1934312052775924	0.23265361068207444	0.0	0.0	0.0	0.0	0.0	0.0	0.0	0.0	0.12895413685172827	0.0	0.0	0.0	0.0	0.0	0.0	0.0	0.0	0.0	0.0	0.0	0.0	0.0	0.0	0.0	0.0	0.0	0.0	0.25790827370345654	0.1934312052775924	0.0	0.0	0.0	0.0	0.12895413685172827	0.12895413685172827	0.12895413685172827	0.0	0.12895413685172827	0.0	0.12895413685172827	0.0	0.0	0.0	0.0	0.0	0.12895413685172827	0.12895413685172827	0.0	0.12895413685172827	0.25790827370345654	0.0	0.0	0.0	0.0	0.0	0.0	0.0	0.12895413685172827	0.1934312052775924	0.0	0.0	0.0	0.12895413685172827	0.0	0.0	0.0	0.0	0.12895413685172827	0.0	0.0	0.12895413685172827	0.0	0.1934312052775924	0.0	0.21815645429013764	0.0	0.0	0.0	0.0	0.0	0.12895413685172827	0.0	0.0	0.0	0.0	0.0	0.0	0.0	0.0	0.0	0.0	0.0	0.0	0.0	0.0	0.0	0.0	0.0	0.25790827370345654	0.0	0.12895413685172827	0.0	0.0	0.0	0.0	0.0	0.0	0.0	0.0	0.0	0.0	0.1934312052775924	0.0	0.25790827370345654	0.0	0.0	0.0	0.0	0.0	0.0	0.0	0.0	0.0	0.0	0.12895413685172827	0.0	0.0	0.12895413685172827	0.0	0.1636173407176032
CAPAR1305998_acpa-rejette	acpa-rejette	0.0	0.0	0.0	0.0	0.0	0.0	0.0	0.0	0.7160289681263675	0.0	0.0	0.0	0.0	0.0	0.0	0.0	0.0	0.0	0.35801448406318376	0.0	0.0	0.0	0.0	0.0	0.0	0.0	0.0	0.0	0.0	0.0	0.0	0.0	0.0	0.0	0.0	0.0	0.0	0.0	0.0	0.0	0.0	0.0	0.0	0.0	0.0	0.0	0.0	0.0	0.7160289681263675	0.0	0.0	0.0	0.0	0.0	0.0	0.0	0.0	0.0	0.0	0.0	0.0	0.0	0.0	0.0	0.0	0.0	0.35801448406318376	0.0	0.0	0.0	0.0	0.0	0.0	0.0	0.0	0.0	0.0	0.0	0.0	0.0	0.0	0.0	0.0	0.0	0.0	0.0	0.0	0.0	0.0	0.0	0.0	0.0	0.0	0.0	0.0	0.0	0.5370217260947756	0.0	0.9460431718011779	0.0	0.0	0.0	0.8950362101579592	0.0	0.0	0.0	0.0	0.0	0.0	0.0	0.0	0.0	0.0	0.0	0.0	0.0	0.0	0.0	0.35801448406318376	0.0	0.0	0.0	0.0	0.0	0.0	0.0	0.0	0.0	0.8950362101579593	0.0	0.0	0.0	0.0	0.0	0.0	0.0	0.0	0.0	0.0	0.0	0.0	0.0	0.0	0.0	0.0	0.0	0.0	0.0	0.0	0.0	0.0	0.0	0.0	0.0	0.0	0.0	0.0	0.0	0.0	0.0	0.0	0.0	0.0	0.0	0.0	0.0	0.0	0.0	0.0	0.0	0.0	0.0	0.0	0.0	0.0	0.0	0.0	0.0	0.0	0.7160289681263676	0.0	0.0	0.0	0.0	0.0	0.0	0.5829136701799508	0.0	0.0	0.5370217260947756	0.0	0.0	0.0	0.0	0.0	0.0	0.0	0.0	0.0	0.0	0.0	0.0	0.0	0.0	0.0	0.0	0.0	0.0	0.0	0.0	0.0	0.0	0.0	0.0	0.0	0.0	0.0	0.0	0.0	0.7160289681263676	0.0	0.0	0.0	0.0	0.0	0.0	0.0	0.0	0.0	0.0	0.0	0.0	0.0	0.0	0.0	0.0	0.0	0.0	0.0	0.0	0.0	0.0	0.0	0.0	0.0	0.0	0.0	0.0	0.0	0.0	0.0	0.0	0.0	0.0	0.0	0.0	0.5370217260947756	0.0	0.0	0.0	0.0	0.0	0.0	0.0	0.0	0.0	0.0	0.0	0.0	0.0	0.0	0.0	0.0	0.0	0.0	0.0	0.0	0.0	0.0	0.0	0.0	0.5370217260947756	0.0	0.0	0.0	0.0	0.0	0.0	0.3580144840631838	0.0	0.0	0.0	0.0	0.0	0.0	0.0	0.0	0.0	0.5370217260947756	0.0
CAVER1501683_acpa-rejette	acpa-rejette	0.21470586342760722	0.0	0.0	0.0	0.0	0.2147058634276072	0.2147058634276072	0.0	0.0	0.0	0.0	0.0	0.0	0.0	0.0	0.0	0.0	0.0	0.0	0.0	0.0	0.0	0.0	0.0	0.0	0.0	0.0	0.0	0.0	0.0	0.0	0.0	0.0	0.0	0.0	0.0	0.0	0.2147058634276072	0.0	0.0	0.0	0.0	0.0	0.42941172685521445	0.32205879514141084	0.0	0.0	0.0	0.0	0.0	0.0	0.0	0.0	0.21470586342760722	0.0	0.0	0.0	0.0	0.0	0.0	0.0	0.0	0.0	0.0	0.0	0.0	0.0	0.0	0.0	0.0	0.0	0.0	0.0	0.0	0.0	0.0	0.0	0.0	0.0	0.0	0.0	0.0	0.0	0.0	0.0	0.0	0.0	0.0	0.0	0.0	0.0	0.0	0.0	0.6441175902828217	0.0	0.0	0.0	0.0	0.6441175902828217	0.2147058634276072	0.0	0.0	0.536764658569018	0.0	0.0	0.0	0.0	0.0	0.0	0.0	0.0	0.2147058634276072	0.0	0.0	0.4294117268552144	0.32205879514141084	0.0	0.0	0.0	0.0	0.0	0.0	0.21470586342760722	0.0	0.0	0.0	0.0	0.2147058634276072	0.4771920839640166	0.0	0.0	0.0	0.2147058634276072	0.2147058634276072	0.0	0.0	0.4294117268552144	0.5367646585690181	0.0	0.0	0.0	0.0	0.0	0.0	0.21470586342760722	0.0	0.0	0.0	0.0	0.0	0.0	0.0	0.0	0.0	0.32205879514141084	0.0	0.0	0.0	0.0	0.0	0.0	0.0	0.0	0.0	0.0	0.0	0.0	0.0	0.0	0.0	0.0	0.0	0.0	0.0	0.21470586342760722	0.0	0.0	0.0	0.0	0.0	0.0	0.32205879514141084	0.0	0.0	0.0	0.2147058634276072	0.0	0.0	0.0	0.0	0.21470586342760722	0.21470586342760722	0.0	0.0	0.0	0.0	0.0	0.0	0.0	0.0	0.0	0.0	0.0	0.0	0.0	0.0	0.0	0.0	0.0	0.0	0.0	0.0	0.0	0.0	0.0	0.0	0.0	0.0	0.0	0.3817536671712133	0.2147058634276072	0.0	0.0	0.0	0.0	0.0	0.0	0.0	0.0	0.0	0.0	0.0	0.0	0.0	0.0	0.0	0.0	0.0	0.32205879514141084	0.0	0.0	0.0	0.0	0.0	0.4294117268552144	0.0	0.0	0.0	0.0	0.0	0.0	0.0	0.0	0.0	0.0	0.0	0.0	0.0	0.0	0.0	0.0	0.0	0.0	0.0	0.0	0.0	0.0	0.0	0.0	0.0	0.0	0.0	0.0	0.0	0.0	0.0	0.0	0.0	0.0	0.0	0.0	0.32205879514141084	0.0	0.4294117268552144	0.0	0.0	0.0	0.0	0.0	0.0	0.21470586342760722	0.0	0.0	0.0	0.0	0.0	0.0	0.0	0.0	0.0
CAPAR1411380_acpa-rejette	acpa-rejette	0.43725429099656765	0.0	0.0	0.0	0.0	0.0	0.0	0.0	0.0	0.0	0.0	0.0	0.0	0.0	0.0	0.6558814364948514	0.0	0.0	0.0	0.0	0.0	0.0	0.0	0.0	0.0	0.0	0.0	0.0	0.4372542909965676	0.0	0.0	0.0	0.0	0.0	0.0	0.0	0.0	0.0	0.0	0.0	0.0	0.0	0.8745085819931352	0.0	0.0	0.0	0.0	0.0	0.0	0.0	0.0	0.0	0.0	0.0	0.0	0.0	0.0	0.0	0.0	0.0	0.0	0.0	0.0	0.0	0.0	0.0	0.0	0.0	0.0	0.0	0.0	0.0	0.0	0.0	0.0	0.0	0.0	0.0	0.0	0.0	0.0	0.0	0.0	0.0	0.0	0.0	0.0	0.0	0.0	0.0	0.0	0.0	0.0	0.0	0.0	0.0	0.0	0.0	1.3117628729897028	0.0	0.0	0.0	0.9553758587486045	0.0	0.0	0.0	0.0	1.3117628729897028	0.0	0.0	0.0	0.0	0.0	0.0	0.0	0.0	0.0	0.0	0.0	0.0	0.0	0.0	0.0	0.0	0.0	0.0	0.0	0.0	0.0	0.0	0.0	0.0	0.0	0.0	0.0	0.0	0.0	0.0	0.0	0.0	0.0	0.0	0.0	0.0	0.0	0.0	0.0	0.0	0.0	0.0	0.0	0.0	0.0	0.0	0.0	0.0	0.0	0.0	0.0	0.0	0.0	0.0	0.0	0.0	0.0	0.0	0.0	0.0	0.0	0.0	0.0	0.0	0.0	0.0	0.0	0.0	0.0	0.0	0.0	0.8745085819931353	0.4372542909965676	0.0	0.0	0.0	0.0	0.0	0.0	0.0	0.0	0.0	0.0	0.0	0.0	0.0	0.0	0.0	0.0	0.0	0.0	0.0	0.0	0.0	0.0	0.0	0.0	0.0	0.0	0.0	0.0	0.0	0.0	0.0	0.4372542909965676	0.0	0.0	0.0	0.0	0.0	0.0	0.0	0.0	0.0	0.0	0.0	0.0	0.0	0.0	0.0	0.0	0.0	0.0	0.0	0.0	0.0	0.0	0.0	0.0	0.0	0.0	0.0	0.0	0.0	0.0	0.0	0.0	0.0	0.0	0.0	0.0	0.0	0.0	0.0	0.0	0.0	0.0	0.0	0.0	0.0	0.0	0.0	0.0	0.0	0.0	0.0	0.0	0.0	0.0	0.0	0.0	0.0	0.0	0.0	0.0	0.0	0.0	0.43725429099656765	0.43725429099656765	0.43725429099656765	0.0	0.0	0.0	0.0	0.0	0.8745085819931352	0.0	0.0	0.0	0.0	0.0	0.0	0.0	0.0	0.0	0.0	0.0	0.0	0.0	0.0	0.0	0.0
CADIJ1500876_acpa-rejette	acpa-rejette	0.06981102759778844	0.11161480286643204	0.0	0.0	0.0	0.0	0.0	0.08238474585243308	0.12827032365840352	0.16476949170486618	0.0	0.0	0.0	0.0	0.0	0.0	0.0	0.0	0.0	0.0	0.0	0.14881973715524274	0.10471654139668264	0.0	0.16476949170486616	0.08238474585243308	0.0	0.0	0.0	0.0	0.08238474585243308	0.08238474585243308	0.0	0.06050538218671835	0.08238474585243308	0.08238474585243308	0.12357711877864962	0.0	0.0	0.0	0.08238474585243308	0.0	0.16476949170486616	0.16476949170486618	0.0	0.0	0.0	0.08238474585243309	0.16476949170486616	0.16476949170486618	0.0	0.0	0.07440986857762137	0.0	0.0	0.0	0.0	0.0	0.10471654139668264	0.08238474585243308	0.0	0.08238474585243308	0.0	0.0	0.08238474585243308	0.0	0.0	0.0	0.0	0.07440986857762137	0.07440986857762137	0.0	0.0	0.0	0.0	0.0	0.0	0.0	0.0	0.0	0.0	0.0	0.0	0.07440986857762137	0.0	0.12357711877864962	0.0	0.08238474585243308	0.08238474585243308	0.0	0.0	0.0	0.16476949170486618	0.20943308279336528	0.08238474585243308	0.08238474585243308	0.12357711877864962	0.08238474585243309	0.24715423755729923	0.0	0.08238474585243308	0.0	0.20596186463108268	0.08238474585243308	0.12357711877864962	0.12357711877864962	0.0	0.0	0.08238474585243308	0.08238474585243308	0.07440986857762137	0.08238474585243308	0.0	0.0	0.16476949170486616	0.12357711877864962	0.08238474585243308	0.0	0.0	0.16476949170486616	0.0	0.0	0.0	0.08238474585243309	0.08238474585243309	0.08238474585243309	0.0	0.0	0.2059618646310827	0.0	0.0	0.12357711877864962	0.0	0.0	0.0	0.0	0.16476949170486616	0.0	0.0	0.08238474585243308	0.0	0.08238474585243308	0.0	0.0	0.08238474585243309	0.14881973715524274	0.08238474585243309	0.08238474585243308	0.12357711877864962	0.12357711877864962	0.0	0.08238474585243308	0.08238474585243308	0.08238474585243308	0.12357711877864962	0.08238474585243308	0.08238474585243309	0.08238474585243308	0.07440986857762137	0.0	0.08238474585243308	0.0	0.08238474585243309	0.0	0.07440986857762137	0.07440986857762137	0.0	0.0	0.0	0.0	0.0	0.08238474585243308	0.08238474585243308	0.0	0.07440986857762137	0.16476949170486618	0.08238474585243308	0.0	0.0	0.14881973715524274	0.0	0.0	0.16476949170486616	0.08238474585243308	0.08238474585243308	0.0	0.14881973715524274	0.0	0.0	0.12357711877864962	0.0	0.0	0.0	0.07440986857762137	0.07440986857762137	0.07440986857762137	0.07440986857762137	0.0	0.0	0.0	0.0	0.08238474585243308	0.0	0.0	0.0	0.0	0.08238474585243308	0.0	0.0	0.07440986857762137	0.16476949170486618	0.08238474585243308	0.0	0.0	0.12357711877864962	0.0	0.0	0.0	0.0	0.12827032365840352	0.0	0.08238474585243308	0.08238474585243308	0.08238474585243308	0.0	0.08238474585243308	0.08238474585243308	0.08238474585243309	0.0	0.08238474585243308	0.08238474585243308	0.0	0.0	0.0	0.0	0.0	0.08238474585243308	0.0	0.12357711877864962	0.0	0.0	0.08238474585243308	0.12357711877864962	0.08238474585243308	0.0	0.12357711877864962	0.0	0.08238474585243308	0.08238474585243308	0.06981102759778843	0.0	0.0	0.0	0.0	0.0	0.0	0.12357711877864962	0.062154975610999356	0.08238474585243308	0.08238474585243308	0.08238474585243308	0.0	0.0	0.0	0.0	0.0	0.0	0.0	0.0	0.08238474585243308	0.0	0.07440986857762137	0.07440986857762137	0.08238474585243308	0.0	0.0	0.0	0.0	0.0	0.10471654139668264	0.0	0.12357711877864962	0.0	0.0	0.0	0.11161480286643204	0.08238474585243308	0.08238474585243308	0.0	0.08238474585243309	0.0	0.12357711877864962	0.0	0.0	0.0	0.0	0.0	0.0	0.0	0.0
CALYO1406491_acpa-rejette	acpa-rejette	0.19694985821070993	0.29542478731606486	0.0	0.0	0.0	0.0	0.0	0.0	0.0	0.0	0.49237464552677485	0.0	0.29542478731606486	0.0	0.0	0.0	0.0	0.0	0.0	0.1969498582107099	0.0	0.0	0.0	0.0	0.3938997164214198	0.0	0.0	0.0	0.0	0.0	0.0	0.0	0.0	0.0	0.0	0.0	0.0	0.0	0.0	0.0	0.0	0.1969498582107099	0.0	0.0	0.0	0.0	0.49237464552677485	0.17693167180702252	0.0	0.0	0.0	0.1969498582107099	0.0	0.0	0.0	0.0	0.0	0.0	0.2653975077105337	0.0	0.1969498582107099	0.0	0.0	0.0	0.0	0.0	0.0	0.0	0.0	0.0	0.0	0.19694985821070993	0.0	0.0	0.0	0.0	0.19694985821070993	0.0	0.0	0.0	0.0	0.0	0.0	0.0	0.0	0.0	0.0	0.0	0.0	0.0	0.0	0.0	0.0	0.5908495746321297	0.0	0.0	0.0	0.0	0.0	0.0	0.0	0.0	0.0	0.0	0.0	0.0	0.0	0.0	0.0	0.0	0.0	0.0	0.0	0.0	0.0	0.0	0.0	0.0	0.0	0.353863343614045	0.0	0.0	0.0	0.0	0.0	0.0	0.0	0.0	0.0	0.0	0.0	0.0	0.0	0.0	0.17693167180702252	0.0	0.3938997164214198	0.0	0.0	0.0	0.0	0.0	0.0	0.0	0.0	0.3938997164214198	0.19694985821070993	0.0	0.29542478731606486	0.29542478731606486	0.1969498582107099	0.0	0.0	0.0	0.0	0.0	0.0	0.0	0.0	0.0	0.0	0.0	0.0	0.1969498582107099	0.0	0.0	0.0	0.6893245037374848	0.0	0.0	0.1969498582107099	0.0	0.0	0.0	0.0	0.0	0.0	0.0	0.0	0.0	0.0	0.29542478731606486	0.0	0.0	0.0	0.0	0.0	0.0	0.0	0.0	0.0	0.0	0.0	0.0	0.0	0.0	0.0	0.0	0.0	0.0	0.0	0.0	0.0	0.0	0.0	0.0	0.0	0.0	0.19694985821070993	0.17693167180702252	0.0	0.0	0.0	0.1969498582107099	0.0	0.0	0.0	0.0	0.0	0.35386334361404503	0.0	0.0	0.0	0.0	0.1969498582107099	0.0	0.0	0.0	0.0	0.0	0.0	0.1969498582107099	0.0	0.1969498582107099	0.0	0.1969498582107099	0.0	0.0	0.0	0.0	0.0	0.0	0.0	0.0	0.0	0.0	0.0	0.0	0.0	0.0	0.0	0.0	0.0	0.1969498582107099	0.1969498582107099	0.1969498582107099	0.0	0.0	0.0	0.0	0.0	0.1969498582107099	0.1969498582107099	0.0	0.0	0.0	0.0	0.0	0.0	0.0	0.0	0.0	0.0	0.0	0.0	0.0	0.0	0.0	0.0	0.0	0.0	0.0	0.29542478731606486	0.0	0.0	0.0	0.0	0.0	0.0	0.0	0.15725595999660463	0.0	0.0	0.0	0.0	0.1969498582107099	0.0	0.0	0.0	0.0
CAPAR1305040_acpa-rejette	acpa-rejette	0.0	0.0	0.0	0.0	0.0	0.0	0.0	0.0	0.17061341221905274	0.1946297392129888	0.24328717401623595	0.0	0.11963204174051825	0.0	0.09731486960649438	0.0	0.13459629239360582	0.0	0.0	0.0	0.0	0.0	0.0	0.0	0.19462973921298876	0.0	0.08973086159573722	0.0	0.0	0.08530670610952638	0.0	0.0	0.0	0.0	0.0	0.0	0.14597230440974157	0.0	0.0	0.0	0.0	0.09731486960649438	0.19462973921298876	0.17061341221905277	0.14597230440974157	0.20544065018041402	0.0	0.08530670610952638	0.1555630218930604	0.17946172319147444	0.0	0.0	0.0	0.0	0.0	0.0	0.0973148696064944	0.0	0.13459629239360582	0.0	0.0	0.0	0.0	0.0	0.09731486960649438	0.0	0.0	0.0973148696064944	0.0	0.0	0.0	0.0	0.0	0.0	0.0	0.0	0.08530670610952638	0.0	0.07127084656776916	0.07127084656776916	0.0	0.0	0.0	0.0	0.0	0.0	0.13459629239360582	0.0	0.0	0.31405801558508023	0.0	0.0	0.0	0.22404141342960773	0.0	0.0	0.11667226641979532	0.08973086159573722	0.2559201183285791	0.0	0.0	0.0	0.205440650180414	0.0	0.14597230440974157	0.0	0.0	0.26919258478721164	0.0	0.0	0.0	0.09731486960649438	0.0	0.0	0.0	0.0	0.0	0.0	0.0897308615957372	0.0	0.0	0.0	0.0	0.0	0.0	0.0	0.19462973921298876	0.0	0.21326676527381594	0.0	0.0	0.0	0.0	0.0	0.0	0.0	0.16435252014433122	0.0	0.0	0.0	0.17946172319147444	0.0	0.13459629239360582	0.09731486960649438	0.08973086159573722	0.0	0.0	0.0	0.14597230440974157	0.14597230440974157	0.0	0.0	0.0	0.0	0.0	0.0	0.0973148696064944	0.0	0.0	0.0	0.0	0.13459629239360582	0.0	0.0	0.0	0.0	0.14597230440974157	0.2569565878970841	0.0	0.19462973921298876	0.0	0.0	0.0	0.0973148696064944	0.0973148696064944	0.1946297392129888	0.0	0.0	0.0	0.1946297392129888	0.0	0.0	0.19462973921298876	0.0	0.0	0.0	0.12704410523966558	0.0973148696064944	0.0	0.13459629239360582	0.0	0.0	0.0	0.0	0.0	0.0	0.0	0.16435252014433122	0.14597230440974157	0.0	0.0	0.0	0.08530670610952638	0.0	0.0	0.0	0.0	0.0	0.0	0.07341616797059547	0.0	0.0	0.09731486960649438	0.0	0.0	0.0	0.08530670610952637	0.0	0.0	0.14254169313553833	0.0	0.0	0.0	0.0	0.0	0.0	0.0	0.0	0.11963204174051825	0.0897308615957372	0.09731486960649438	0.0	0.09731486960649438	0.0	0.0	0.0	0.0	0.0	0.0	0.0	0.0	0.0	0.1030652709763458	0.09731486960649438	0.19462973921298876	0.0	0.0	0.0	0.0	0.0	0.0	0.0	0.0	0.08530670610952637	0.0	0.0	0.0	0.0	0.0	0.0	0.0	0.06798178036385241	0.0	0.0	0.0	0.0	0.0	0.0	0.15950938898735767	0.0	0.06798178036385241	0.06730230588630445	0.0	0.0	0.0	0.0	0.0	0.0	0.0973148696064944	0.14597230440974157	0.0	0.0	0.11667226641979532	0.0	0.0	0.13459629239360582	0.0	0.09731486960649438	0.0	0.06798178036385243	0.08530670610952638	0.0	0.0	0.0	0.05746655792283709	0.0	0.0	0.0	0.0	0.0
