@id	@sens-resultat	abus	abus de procédure	abusif	abusif ainsi	abusif considérant	abusif pouvoir	accueillir	action	action en justice	adversaire	affaire	agir	agir en justice	ailleurs	ainsi	ajouter	allouer	allouer à monsieur	appel	appel interjeter	appelant	application	articler	assurance	attendre	attendu	aucun	audience	autre	avant	avocat	avril	blâmable	bon	bon droit	caractère	caractère abusif	caractériser	cas	cause	cause de appel	causer	celui	celui ci	celui qui agir	chacun	charge	charge de monsieur	chef	ci	circonstance	circonstance particulier	civil celui	civil devoir	civil la condamner	civil prévoir	civil vu	code civil	code de procédure	coder	coder de procédure	comme	comprendre	condamnation	condamnation de monsieur	condamne	condamner	condamner monsieur	confirmer	confirmer le décision	conformément	conseil	considérant	constater	conséquence	contestation	contester	contraindre	contraindre de exposer	contrat	contrat de travail	convenir	convenir convier	convier	convier en conséquence	cour cours	cours	demande	demande de condamnation	demande de dommage	demande de dommages	demande en dommages	demande former	demande reconventionnel	demander	dernier	dette	deux	devant	devant le cour	devoir	dilatoire	dilatoire ou abusif	dispos	dispositif	disposition	dit	dol	dommage	dommage et intérêt	donner	dont	droit	dès	dès lors	déboute	déboute madame	débouter	décision	déclarer	défense	dégénérer	dégénérer en abus	démontrer	dépens	dépens de appel	effet	encontre	encore	entier	entier dépens	entre	entreprendre	erreur	espèce	euro	euro au titre	euro chacun	euro en application	euro à titre	exercice	exposer	exécution	faire	faire application	faire valoir	fait	faute	fin	foi	foi fois	fois	fond	fondement	fonder	former	formuler	frai	frai frais	frai frais irrépétibles	frais	frais irrépétibles	février	grossier	hauteur	in	instance	interjeter	intimer	intérêt	intérêt pour abus	intérêt pour procédure	intérêts pour procédure	inéquitable	inéquitable de laisser	irrépétibles	janvier	jour	juge	jugement	jugement entreprendre	jugement rendre	juger	justice	justice de manière	justifier	laisser	litige	lors	légèreté blâmable	madame	mai	mal	mal fonder	manifestement	manière	manière dilatoire	mauvais	mauvais foi	maximum	mille	mille euro	mois	monsieur	monsieur p	montant	motif	méprendre	nature	observation	observation oral	oral	ordonnance	outre	paiement	particulier	partie	payer	payer le somme	payer payer	payer un amende	percevoir	permettre	pouvoir	pouvoir donner	premier	premier foi	premier foi fois	premier instance	premier juge	principal	prise	procédure abusif	procédure abusif ainsi	procédure abusif considérant	procédure civil	procédure civil vu	procédure de appel	produire	profit	prononcer un amende	préjudice	préjudice du dommage	préjudice du dommages	présent	présenter	prétention	prévoir	public	question	reconnaître	reconventionnel	recours	rejet	rejeter	rejette	rejette le demande	rejeté le demande	relatif	revanche	réclamer	régler	résulter	salaire	sarl	sci	seulement	solliciter	somme	soutien	statuer	succomber	suivant	supporter	supporter le dépens	surplus	texte	titre	titre de amende	titre de dommage	titre de dommages	titre du disposition	tout son disposition	travail	tribunal	trésor	trésor public	valoir	venir	verser du dommage	verser le somme	verser à monsieur	voir	vu	vu le conclusion
CAPAR1415151_acpa-accepte	acpa-accepte	0.0	0.0	0.03751254600200735	0.0	0.06925393108062897	0.0	0.0	0.0	0.0	0.0	0.0	0.13850786216125793	0.13850786216125793	0.0	0.0	0.0	0.0	0.0	0.0	0.0	0.0	0.0	0.0	0.0	0.0	0.0	0.0	0.0	0.0	0.0	0.0	0.03462696554031448	0.0	0.0	0.0	0.0	0.0	0.0	0.0	0.0	0.0	0.0	0.0	0.0	0.0	0.0	0.0	0.0	0.0	0.0	0.0	0.0	0.0	0.0	0.0	0.0	0.0	0.0	0.04039812646370023	0.0	0.0	0.03462696554031448	0.0	0.0	0.0	0.2885580461692873	0.036069755771160915	0.036069755771160915	0.0	0.0	0.0	0.0	0.03751254600200735	0.0	0.0	0.0	0.0	0.0	0.0	0.0	0.0	0.0	0.0	0.0	0.0	0.0	0.0	0.03751254600200735	0.0	0.0	0.0	0.0	0.0	0.0	0.0	0.0	0.0	0.0	0.0	0.0	0.17313482770157243	0.0	0.0	0.0	0.06925393108062897	0.0	0.03462696554031448	0.0	0.0	0.0	0.03462696554031448	0.0	0.1875627300100368	0.0	0.0	0.0	0.0	0.0	0.0	0.0	0.0	0.0	0.0	0.0	0.0	0.0	0.0	0.0	0.0	0.0	0.0	0.0	0.0	0.0	0.0	0.0	0.0	0.0	0.0	0.0	0.0	0.0	0.0	0.17313482770157243	0.0	0.0	0.0	0.0	0.0	0.0	0.0	0.0	0.0	0.08079625292740046	0.0	0.0	0.0	0.0	0.0	0.0	0.0	0.0	0.03462696554031448	0.0	0.0	0.0	0.0	0.0	0.0	0.0	0.0	0.0	0.03462696554031448	0.0	0.0	0.0	0.0	0.0	0.0	0.0	0.0	0.0	0.0	0.06925393108062897	0.13850786216125793	0.0	0.0	0.13850786216125793	0.0	0.0	0.0	0.06925393108062897	0.0	0.0	0.0	0.10388089662094345	0.0	0.0	0.0	0.0	0.0	0.0	0.0	0.08656741385078622	0.0	0.13850786216125793	0.0	0.06925393108062897	0.0	0.0	0.0	0.0	0.0	0.0	0.0	0.0	0.0	0.07791067246570757	0.03462696554031448	0.07213951154232183	0.0	0.0	0.0	0.17313482770157243	0.0	0.0	0.0	0.0	0.0	0.0	0.0	0.0	0.036069755771160915	0.0	0.06925393108062897	0.03462696554031448	0.0	0.0	0.0	0.0	0.0	0.0	0.0	0.0	0.06925393108062897	0.0	0.0	0.0	0.0	0.2077617932418869	0.0	0.0	0.0	0.2077617932418869	0.0	0.0	0.0	0.17313482770157243	0.06925393108062897	0.0	0.0	0.06925393108062897	0.17313482770157243	0.0	0.0	0.0	0.0	0.0	0.036069755771160915	0.0	0.0	0.0	0.0	0.0	0.0	0.0	0.0	0.0	0.0	0.0	0.0	0.0	0.0	0.0	0.0	0.0	0.0	0.0	0.2164185346269655	0.0	0.0	0.0	0.0	0.0	0.0
CAVER1501501_acpa-accepte	acpa-accepte	0.0	0.0	0.021140613099217553	0.0	0.0	0.0	0.0	0.0	0.0	0.03967930458622371	0.019514412091585432	0.07805764836634173	0.0	0.039028824183170864	0.0	0.0	0.07805764836634173	0.039028824183170864	0.04228122619843511	0.0	0.019514412091585432	0.0	0.0	0.0	0.0	0.0	0.0	0.019514412091585432	0.039028824183170864	0.039028824183170864	0.0	0.0	0.0	0.0	0.0	0.039028824183170864	0.039028824183170864	0.0	0.0	0.0	0.0	0.1170864725495126	0.019514412091585432	0.0	0.0	0.0	0.0	0.0	0.0	0.0	0.07805764836634173	0.039028824183170864	0.0	0.0	0.0	0.0	0.0	0.0	0.019514412091585432	0.0	0.0	0.0	0.0	0.0	0.0	0.15611529673268346	0.019514412091585432	0.0	0.0	0.0	0.0	0.019514412091585432	0.0	0.039028824183170864	0.0	0.11903791375867114	0.019839652293111854	0.019514412091585432	0.0	0.0	0.0	0.07805764836634173	0.07805764836634173	0.07805764836634173	0.0	0.039028824183170864	0.039028824183170864	0.019514412091585432	0.0	0.0	0.0	0.0	0.0	0.039028824183170864	0.019514412091585432	0.0	0.039028824183170864	0.15611529673268346	0.07805764836634173	0.0	0.0	0.0585432362747563	0.0	0.039028824183170864	0.0	0.0	0.0	0.0	0.0	0.0	0.0	0.0	0.0991982614655593	0.0	0.0	0.0	0.0	0.0	0.0	0.0	0.09757206045792717	0.0	0.0	0.0	0.019514412091585432	0.0	0.0	0.019514412091585432	0.0	0.0	0.0	0.039028824183170864	0.0	0.0	0.0	0.0	0.0	0.0	0.0	0.0	0.0	0.040329784989276564	0.039028824183170864	0.0	0.0	0.0	0.09757206045792717	0.019514412091585432	0.039028824183170864	0.0	0.0	0.0	0.0	0.039028824183170864	0.0	0.0	0.0	0.0	0.0	0.0	0.039028824183170864	0.0585432362747563	0.0	0.0	0.0	0.039028824183170864	0.040980265392329414	0.0	0.039028824183170864	0.019839652293111854	0.0	0.0	0.020164892494638282	0.0	0.0	0.0585432362747563	0.0	0.0	0.03967930458622371	0.0	0.0	0.0	0.0	0.0	0.0	0.0	0.0	0.07805764836634173	0.0	0.0	0.0	0.0	0.0	0.0	0.1170864725495126	0.0	0.0	0.0	0.0	0.0	0.0	0.0	0.039028824183170864	0.04163074579538226	0.03967930458622371	0.07935860917244741	0.039028824183170864	0.0	0.0	0.0	0.0	0.0	0.0	0.0	0.0	0.09757206045792717	0.039028824183170864	0.0	0.0	0.0	0.0	0.0	0.09757206045792717	0.09757206045792717	0.0	0.11903791375867114	0.0	0.0	0.07805764836634173	0.09757206045792717	0.0	0.0	0.020164892494638282	0.0	0.0	0.019514412091585432	0.0	0.0	0.0	0.0	0.0	0.09757206045792717	0.0	0.0	0.0	0.0	0.0	0.0	0.0	0.0	0.039028824183170864	0.019514412091585432	0.039028824183170864	0.0	0.0	0.0	0.0	0.0	0.0	0.0	0.0	0.0	0.0	0.0	0.0	0.1073292665037199	0.039028824183170864	0.0	0.020164892494638282	0.0	0.019514412091585432	0.0	0.0	0.039028824183170864	0.0	0.0	0.0	0.06147039808849412	0.0	0.0	0.019839652293111854	0.0	0.0	0.0	0.0	0.0	0.0	0.0	0.11903791375867114	0.0	0.0	0.039028824183170864	0.019839652293111854	0.0	0.0
CABAS1400506_acpa-accepte	acpa-accepte	0.0	0.0	0.024556494820812003	0.0	0.0	0.0	0.022591975235147044	0.0	0.0	0.0	0.0	0.0	0.0	0.0	0.0	0.04518395047029409	0.0	0.0	0.04714847005595905	0.0	0.0	0.023574235027979524	0.0	0.04518395047029409	0.0	0.0	0.0	0.0	0.0	0.0	0.0	0.0	0.0	0.13555185141088227	0.13555185141088227	0.0	0.0	0.0	0.0	0.022591975235147044	0.0	0.0	0.0	0.0	0.0	0.11787117513989764	0.04518395047029409	0.04518395047029409	0.0	0.0	0.0	0.0	0.0	0.0	0.0	0.0	0.0	0.0	0.024556494820812003	0.0	0.0	0.0	0.0	0.09036790094058818	0.0	0.18073580188117636	0.022591975235147044	0.0	0.0	0.0	0.0	0.0	0.0	0.0	0.0	0.0	0.0	0.0	0.0	0.0	0.0	0.0	0.0	0.0	0.0	0.0	0.0	0.023574235027979524	0.04518395047029409	0.04518395047029409	0.0	0.0	0.0	0.0	0.0	0.0	0.0	0.18073580188117636	0.09036790094058818	0.022591975235147044	0.0	0.0	0.0	0.0	0.0	0.0	0.0	0.0	0.04714847005595905	0.023574235027979524	0.0	0.0	0.11295987617573523	0.0	0.0	0.0	0.0	0.0	0.0	0.0	0.11295987617573523	0.0	0.0	0.0	0.023574235027979524	0.0	0.0	0.0	0.0	0.0	0.0	0.0	0.0	0.0	0.0	0.02946779378497441	0.04518395047029409	0.14144541016787715	0.04518395047029409	0.04518395047029409	0.0	0.0	0.0	0.11787117513989764	0.11295987617573523	0.0	0.0	0.0	0.0	0.04518395047029409	0.0	0.0	0.0	0.0	0.0	0.022591975235147044	0.0	0.0	0.0	0.0	0.0	0.0	0.0	0.0	0.07072270508393858	0.0	0.04518395047029409	0.0	0.0	0.023574235027979524	0.0	0.023574235027979524	0.0	0.0	0.0	0.0	0.0	0.0	0.0	0.0	0.0	0.0	0.0	0.0	0.0	0.0	0.11295987617573523	0.0	0.0	0.0	0.0	0.0	0.0	0.0	0.13555185141088227	0.0	0.0	0.022591975235147044	0.022591975235147044	0.0	0.04518395047029409	0.04518395047029409	0.0	0.0550065483986189	0.0	0.0	0.0	0.0	0.0	0.0	0.0	0.0	0.0	0.04714847005595905	0.0	0.11295987617573523	0.0	0.0	0.0	0.0	0.0	0.0	0.11295987617573523	0.11295987617573523	0.0	0.13555185141088227	0.0	0.0	0.09036790094058818	0.0	0.0	0.0	0.023574235027979524	0.0	0.0	0.024556494820812003	0.0	0.0	0.0	0.0	0.0	0.11295987617573523	0.0	0.0	0.0	0.04518395047029409	0.0	0.0	0.0	0.0	0.0	0.0	0.0	0.0	0.0	0.0	0.0	0.11295987617573523	0.0	0.0	0.0	0.0	0.0	0.0	0.0	0.0	0.0	0.0	0.0	0.0	0.0	0.0	0.0	0.0	0.0	0.0	0.0	0.07072270508393858	0.0	0.06777592570544114	0.0	0.0	0.0	0.0	0.0	0.0	0.0	0.0	0.0	0.0	0.0	0.0	0.0	0.0	0.0
CACHA1502356_acpa-accepte	acpa-accepte	0.016704660647912407	0.0	0.017539893680308026	0.0	0.0	0.016704660647912407	0.0	0.0	0.0	0.0	0.0	0.06848910865644087	0.06848910865644087	0.0	0.0	0.0	0.06848910865644087	0.0	0.03424455432822043	0.0	0.0	0.017539893680308026	0.0	0.0	0.0	0.0	0.0	0.0	0.0	0.0	0.03424455432822043	0.0	0.0	0.10022796388747443	0.10022796388747443	0.0	0.0	0.0	0.0	0.0	0.0	0.10022796388747443	0.017122277164110217	0.0	0.016704660647912407	0.08769946840154014	0.033409321295824815	0.0	0.0	0.0	0.06681864259164963	0.0	0.033409321295824815	0.0	0.033409321295824815	0.033409321295824815	0.0	0.0	0.01795751019650584	0.0	0.0	0.0	0.033409321295824815	0.0	0.0	0.0	0.017122277164110217	0.0	0.016704660647912407	0.0	0.0	0.0	0.0	0.0	0.033409321295824815	0.10022796388747443	0.0	0.0	0.0	0.0	0.0	0.06681864259164963	0.06681864259164963	0.06681864259164963	0.033409321295824815	0.0	0.0	0.017122277164110217	0.0	0.0	0.0	0.0	0.0	0.0	0.0	0.0	0.0	0.13697821731288173	0.0	0.0	0.0	0.050113981943737215	0.016704660647912407	0.0	0.0	0.06848910865644087	0.0	0.0	0.037585486457802915	0.018792743228901457	0.0	0.016704660647912407	0.08352330323956204	0.0	0.0	0.0	0.0	0.0	0.05136683149233065	0.0	0.0	0.0	0.0	0.0	0.017122277164110217	0.0	0.033409321295824815	0.0	0.033409321295824815	0.016704660647912407	0.016704660647912407	0.0	0.0	0.0	0.0	0.01795751019650584	0.0	0.10022796388747443	0.0	0.03424455432822043	0.0	0.0	0.0	0.0856113858205511	0.08352330323956204	0.0	0.08352330323956204	0.0	0.0	0.03507978736061605	0.017539893680308026	0.017539893680308026	0.0	0.033409321295824815	0.0	0.0	0.0	0.0	0.0	0.0	0.033409321295824815	0.0	0.0	0.0	0.050113981943737215	0.0	0.0	0.0	0.0	0.018792743228901457	0.0	0.017122277164110217	0.0	0.033409321295824815	0.033409321295824815	0.0	0.0	0.0	0.03591502039301168	0.0	0.0	0.0	0.0	0.03507978736061605	0.06681864259164963	0.016704660647912407	0.08352330323956204	0.0	0.0	0.0	0.0	0.0	0.0	0.0	0.0	0.050113981943737215	0.016704660647912407	0.0	0.0	0.016704660647912407	0.0	0.0	0.0	0.0	0.0	0.0	0.0	0.0	0.033409321295824815	0.0	0.0	0.0	0.033409321295824815	0.0	0.0701595747212321	0.0	0.033409321295824815	0.03591502039301168	0.0	0.03424455432822043	0.0	0.0	0.0	0.08769946840154014	0.0	0.10022796388747443	0.0	0.0	0.0	0.08352330323956204	0.033409321295824815	0.0	0.017122277164110217	0.0	0.0	0.01795751019650584	0.0	0.0	0.0	0.03424455432822043	0.0	0.0856113858205511	0.033409321295824815	0.0	0.0	0.0	0.0	0.033409321295824815	0.033409321295824815	0.10022796388747443	0.0	0.0	0.0	0.10022796388747443	0.016704660647912407	0.0	0.0	0.0	0.0	0.0	0.016704660647912407	0.0	0.08352330323956204	0.0	0.0	0.08769946840154014	0.0	0.0	0.017539893680308026	0.0	0.0	0.06681864259164963	0.0	0.033409321295824815	0.0	0.0	0.0	0.05387253058951752	0.033409321295824815	0.05136683149233065	0.0	0.0	0.016704660647912407	0.0	0.0	0.033409321295824815	0.033409321295824815	0.0	0.0	0.016704660647912407	0.0	0.0	0.0	0.0	0.0
CANAN1101988_acpa-accepte	acpa-accepte	0.0	0.0	0.023240600468255067	0.0	0.0	0.0	0.0	0.0	0.0	0.0	0.0	0.0	0.0	0.0	0.09110315383555985	0.0	0.0	0.0	0.0	0.0	0.0	0.023240600468255067	0.0	0.0	0.0	0.0	0.046481200936510134	0.0	0.045551576917779925	0.0	0.0	0.0	0.0	0.0	0.0	0.045551576917779925	0.0	0.0	0.045551576917779925	0.022775788458889962	0.0	0.13665473075333978	0.023240600468255067	0.0	0.0	0.0	0.0	0.0	0.045551576917779925	0.0	0.0	0.0	0.0	0.0	0.0	0.0	0.0	0.045551576917779925	0.023240600468255067	0.0	0.0	0.022775788458889962	0.045551576917779925	0.09110315383555985	0.0	0.1822063076711197	0.023705412477620168	0.022775788458889962	0.022775788458889962	0.0	0.0	0.0	0.0	0.0	0.0	0.0	0.0	0.0	0.0	0.0	0.0	0.0	0.0	0.0	0.0	0.0	0.0	0.02463503649635037	0.0	0.0	0.0	0.0	0.0	0.0	0.024170224486985265	0.0	0.0	0.1822063076711197	0.0	0.0	0.11620300234127533	0.0	0.0	0.0	0.0	0.09296240187302027	0.0	0.0	0.04927007299270074	0.02463503649635037	0.0	0.023240600468255067	0.11620300234127533	0.06832736537666989	0.045551576917779925	0.0	0.0	0.10039939402286188	0.06832736537666989	0.0	0.0	0.0	0.0	0.0	0.022775788458889962	0.0	0.046481200936510134	0.0	0.0	0.022775788458889962	0.022775788458889962	0.0	0.0	0.0	0.0	0.022775788458889962	0.0	0.0	0.0	0.0	0.0	0.0	0.0	0.11620300234127533	0.11387894229444982	0.0	0.0	0.0	0.045551576917779925	0.0	0.0	0.0	0.0	0.0	0.0	0.0	0.0	0.09110315383555985	0.09110315383555985	0.0	0.045551576917779925	0.0	0.023240600468255067	0.0	0.06832736537666989	0.0	0.045551576917779925	0.0	0.0	0.02463503649635037	0.0	0.022775788458889962	0.0	0.0	0.0	0.0	0.0	0.0	0.045551576917779925	0.13665473075333978	0.0	0.0	0.0	0.0	0.0	0.023240600468255067	0.0	0.0	0.06832736537666989	0.0	0.0	0.0	0.0	0.0	0.0	0.0	0.0	0.0	0.0	0.0	0.045551576917779925	0.045551576917779925	0.0	0.047410824955240335	0.0	0.09110315383555985	0.0	0.0	0.0	0.0	0.0	0.0	0.0	0.0	0.09110315383555985	0.0	0.045551576917779925	0.046481200936510134	0.0	0.045551576917779925	0.0	0.0	0.11387894229444982	0.11387894229444982	0.0	0.13665473075333978	0.0	0.0	0.0	0.11387894229444982	0.0	0.0	0.023240600468255067	0.0	0.0	0.023240600468255067	0.0	0.0	0.046481200936510134	0.0	0.0	0.11852706238810083	0.0	0.0	0.045551576917779925	0.0	0.0697218014047652	0.0	0.0	0.0	0.0	0.0	0.0	0.0	0.023240600468255067	0.0	0.0	0.0	0.046481200936510134	0.045551576917779925	0.0	0.0	0.0	0.0	0.0	0.0	0.0	0.06832736537666989	0.022775788458889962	0.045551576917779925	0.023240600468255067	0.0	0.045551576917779925	0.0	0.0	0.0	0.0	0.0697218014047652	0.0	0.0	0.0	0.0	0.0	0.0	0.046481200936510134	0.0	0.0	0.0	0.0	0.0	0.0	0.0	0.0	0.0	0.0
CAPAR1507861_acpa-rejette	acpa-rejette	0.0	0.0	0.057554979216257504	0.10231996305112445	0.10231996305112445	0.0	0.0	0.0	0.0	0.0	0.0	0.0	0.0	0.0	0.2046399261022489	0.0	0.0	0.0	0.0	0.0	0.0	0.0	0.0	0.10231996305112445	0.0	0.0	0.0	0.0	0.0	0.0	0.0	0.0	0.0	0.0	0.0	0.0	0.0	0.0	0.0	0.0	0.0	0.0	0.051159981525562226	0.0	0.0	0.0	0.0	0.0	0.0	0.0	0.0	0.0	0.0	0.0	0.0	0.0	0.0	0.0	0.054357480370909865	0.0	0.0	0.0	0.0	0.0	0.0	0.4092798522044978	0.051159981525562226	0.0	0.0	0.0	0.0	0.0	0.054357480370909865	0.0	0.0	0.0	0.0	0.054357480370909865	0.10231996305112445	0.0	0.0	0.0	0.0	0.0	0.0	0.0	0.0	0.0	0.0	0.0	0.0	0.0	0.0	0.0	0.0	0.10231996305112445	0.0	0.0	0.0	0.0	0.25579990762781113	0.0	0.0	0.0	0.0	0.0	0.0	0.0	0.10231996305112445	0.0	0.0	0.0	0.0	0.0	0.0	0.0	0.0	0.0	0.0	0.0	0.25579990762781113	0.0	0.0	0.0	0.0	0.0	0.0	0.0	0.0	0.0	0.0	0.0	0.0	0.0	0.0	0.054357480370909865	0.10231996305112445	0.0	0.0	0.0	0.0	0.10231996305112445	0.0	0.25579990762781113	0.0	0.10231996305112445	0.0	0.0	0.0	0.0	0.0	0.0	0.0	0.10871496074181973	0.0	0.0	0.0	0.2046399261022489	0.2046399261022489	0.15347994457668668	0.10871496074181973	0.1630724411127296	0.0	0.0	0.15347994457668668	0.0	0.0	0.0	0.0	0.051159981525562226	0.0	0.051159981525562226	0.051159981525562226	0.0	0.0	0.1630724411127296	0.0	0.0	0.0	0.0	0.0	0.0	0.0	0.0	0.0	0.0	0.0	0.0	0.15347994457668668	0.0	0.0	0.0	0.0	0.0	0.0	0.0	0.0	0.0	0.0	0.0	0.0	0.0	0.0	0.10871496074181973	0.0	0.0	0.0	0.0	0.0	0.0	0.0	0.0	0.0	0.0	0.0	0.0	0.0	0.10871496074181973	0.0	0.10231996305112445	0.0	0.0	0.0	0.0	0.0	0.0	0.0	0.0	0.0	0.0	0.0	0.0	0.057554979216257504	0.10231996305112445	0.10231996305112445	0.054357480370909865	0.0	0.0	0.0	0.0	0.0	0.0	0.0	0.0	0.0	0.0	0.0	0.0	0.0	0.0	0.0	0.0	0.0	0.0	0.0	0.0	0.0	0.0	0.0	0.0	0.0	0.0	0.0	0.0	0.0	0.0	0.0	0.0	0.054357480370909865	0.0	0.0	0.0	0.0	0.0	0.0	0.0	0.0	0.1630724411127296	0.0	0.0	0.051159981525562226	0.0	0.0	0.0	0.0	0.0	0.0	0.10231996305112445	0.0	0.0	0.0	0.0	0.0	0.0	0.0
CALYO1501346_acpa-rejette	acpa-rejette	0.0	0.0	0.043134681767609054	0.0	0.0	0.0	0.0	0.0	0.0	0.0	0.0	0.0	0.0	0.0	0.0	0.0	0.0	0.0	0.08626936353521811	0.08626936353521811	0.0	0.0	0.0	0.0	0.0	0.0	0.0	0.0	0.0	0.0	0.0	0.04433286737226487	0.0	0.0	0.0	0.0	0.0	0.0	0.0	0.04433286737226487	0.0	0.0	0.0	0.0	0.0	0.0	0.0	0.0	0.0	0.0	0.0	0.0	0.0	0.0	0.0	0.0	0.08866573474452974	0.08626936353521811	0.04553105297692067	0.0	0.0	0.043134681767609054	0.08626936353521811	0.0	0.0	0.0	0.04553105297692067	0.0	0.043134681767609054	0.0	0.0	0.043134681767609054	0.0	0.0	0.08866573474452974	0.0	0.0	0.0	0.0	0.09106210595384134	0.09106210595384134	0.0	0.0	0.0	0.0	0.0	0.0	0.04672923858157649	0.0	0.0	0.0	0.0	0.0	0.0	0.04433286737226487	0.0	0.0	0.0	0.0	0.0	0.2156734088380453	0.0	0.0	0.0	0.0	0.17733146948905948	0.043134681767609054	0.0	0.0	0.0	0.0	0.0	0.0	0.0	0.0	0.0	0.0	0.17253872707043622	0.0	0.0	0.0	0.0	0.0	0.0	0.04433286737226487	0.0	0.08866573474452974	0.0	0.0	0.043134681767609054	0.043134681767609054	0.0	0.1329986021167946	0.0	0.0	0.0	0.0	0.0	0.0	0.0	0.0	0.0	0.0	0.0	0.0	0.0	0.0	0.0	0.08626936353521811	0.08626936353521811	0.043134681767609054	0.043134681767609054	0.0	0.0	0.0	0.0	0.08626936353521811	0.0	0.0	0.0	0.08866573474452974	0.0	0.043134681767609054	0.0	0.0	0.0	0.08626936353521811	0.12940404530282718	0.0	0.0	0.0	0.0	0.0	0.0	0.0	0.0	0.13659315893076202	0.0	0.0	0.27318631786152403	0.08866573474452974	0.08626936353521811	0.09106210595384134	0.0	0.0	0.0	0.0	0.0	0.0	0.0	0.0	0.0	0.0	0.0	0.0	0.0	0.0	0.0	0.0	0.0	0.0	0.0	0.0	0.0	0.0	0.0	0.0	0.0	0.0	0.08866573474452974	0.08866573474452974	0.08866573474452974	0.0	0.0	0.17253872707043622	0.0	0.0	0.10783670441902263	0.0	0.09585484837246458	0.12940404530282718	0.0	0.0	0.0	0.0	0.25880809060565435	0.08626936353521811	0.08626936353521811	0.0	0.0	0.0	0.08866573474452974	0.043134681767609054	0.0	0.0	0.04553105297692067	0.08866573474452974	0.0	0.08866573474452974	0.0	0.0	0.2156734088380453	0.0	0.0	0.0	0.0	0.0	0.0	0.0	0.0	0.0	0.043134681767609054	0.0	0.0	0.0	0.0	0.0	0.0	0.0	0.0	0.0	0.0	0.0	0.08626936353521811	0.0	0.0	0.0	0.0	0.04553105297692067	0.08866573474452974	0.043134681767609054	0.0	0.08626936353521811	0.0	0.0	0.12940404530282718	0.0	0.13659315893076202	0.0	0.0	0.0	0.08626936353521811	0.043134681767609054	0.14018771574472946	0.0	0.0	0.0	0.0	0.0	0.0	0.0	0.0	0.0	0.08866573474452974	0.08866573474452974
CAROU1501728_acpa-rejette	acpa-rejette	0.0	0.0	0.038290027259978245	0.0	0.0	0.0	0.0	0.0	0.0	0.0	0.0	0.1474875124088051	0.0	0.07374375620440254	0.0	0.07374375620440254	0.0	0.0	0.07374375620440254	0.0	0.0	0.038290027259978245	0.0	0.0	0.0	0.11487008177993474	0.0	0.0	0.0	0.0	0.0	0.0	0.0	0.0	0.0	0.0	0.0	0.0	0.0	0.0	0.0	0.0	0.03687187810220127	0.0	0.0	0.0	0.07374375620440254	0.07374375620440254	0.0	0.0	0.0	0.0	0.0	0.0	0.0	0.0	0.0	0.0	0.04112632557553219	0.0	0.0	0.0	0.0	0.1474875124088051	0.0	0.0	0.038290027259978245	0.0	0.0	0.0	0.0	0.0	0.0	0.0	0.0	0.0	0.0	0.03687187810220127	0.07374375620440254	0.0	0.0	0.0	0.0	0.0	0.0	0.0	0.0	0.04254447473330916	0.07374375620440254	0.0	0.0	0.0	0.0	0.0	0.0	0.0	0.0	0.0	0.1474875124088051	0.03687187810220127	0.0	0.0	0.0	0.0	0.07374375620440254	0.0	0.03687187810220127	0.0	0.07374375620440254	0.03687187810220127	0.0	0.0	0.0	0.0	0.0	0.11061563430660383	0.0	0.1474875124088051	0.0	0.0	0.0	0.0	0.0	0.0	0.03687187810220127	0.1474875124088051	0.0	0.0	0.0	0.0	0.0	0.0	0.0	0.0	0.0	0.0	0.0	0.0	0.0	0.0	0.0	0.07374375620440254	0.0	0.0	0.0	0.0	0.0	0.03687187810220127	0.0	0.0	0.0	0.0	0.0	0.07941635283551045	0.11061563430660383	0.03687187810220127	0.0	0.1474875124088051	0.1474875124088051	0.11061563430660383	0.07374375620440254	0.11061563430660383	0.03687187810220127	0.0	0.0	0.0	0.07374375620440254	0.0	0.0	0.03687187810220127	0.0	0.0	0.0	0.07374375620440254	0.07374375620440254	0.11061563430660383	0.0	0.0	0.0	0.22123126861320766	0.0	0.07374375620440254	0.0	0.0	0.0	0.0	0.1843593905110064	0.0	0.0	0.0	0.2127223736665458	0.0	0.0	0.0	0.0	0.0	0.0	0.0	0.0	0.0	0.0	0.0	0.0	0.08508894946661832	0.0	0.0	0.0	0.0	0.0	0.0	0.0	0.0	0.0	0.0	0.1474875124088051	0.0	0.0	0.07658005451995649	0.0	0.07374375620440254	0.11061563430660383	0.11061563430660383	0.0	0.0	0.0	0.0	0.0	0.0	0.0	0.0	0.0	0.0	0.038290027259978245	0.0	0.0	0.04112632557553219	0.0	0.0	0.0	0.0	0.07374375620440254	0.0	0.0	0.0	0.0	0.0	0.0	0.0	0.07374375620440254	0.0	0.0	0.0	0.0	0.0	0.0	0.0	0.0	0.1843593905110064	0.0	0.0	0.0	0.0	0.0	0.0	0.0	0.0	0.0	0.11061563430660383	0.03687187810220127	0.0	0.0	0.0	0.0	0.0	0.0	0.11061563430660383	0.07374375620440254	0.11061563430660383	0.0	0.0	0.0	0.0	0.0	0.0	0.07374375620440254	0.07374375620440254	0.07374375620440254	0.0	0.0	0.0	0.0	0.0	0.03687187810220127	0.0	0.0
CAAIX1416771_acpa-rejette	acpa-rejette	0.0	0.0	0.0368791731455227	0.0	0.0	0.0	0.0	0.06914844964785506	0.06914844964785506	0.0	0.0	0.13829689929571012	0.0	0.0	0.0	0.0	0.13829689929571012	0.06914844964785506	0.0737583462910454	0.0	0.0	0.0	0.0	0.0	0.0	0.0	0.0	0.0	0.0	0.0	0.0	0.0	0.06914844964785506	0.0	0.0	0.0	0.0	0.10372267447178257	0.0	0.0	0.0	0.0	0.03457422482392753	0.0	0.0	0.0	0.06914844964785506	0.0	0.0	0.0	0.0	0.0	0.0	0.0	0.0	0.0	0.0	0.06914844964785506	0.0	0.0	0.0	0.0	0.0	0.13829689929571012	0.0	0.0	0.03457422482392753	0.03457422482392753	0.03457422482392753	0.0	0.06914844964785506	0.0	0.0	0.0	0.0	0.0	0.0	0.0	0.0	0.0	0.0	0.0	0.0	0.0	0.0	0.0	0.0	0.0368791731455227	0.0	0.0	0.0	0.0	0.0	0.0	0.0	0.0	0.0	0.0	0.0	0.0	0.1843958657276135	0.0	0.0	0.0	0.0	0.13829689929571012	0.0	0.06914844964785506	0.07836824293423574	0.03918412146711787	0.03457422482392753	0.0	0.17287112411963765	0.10372267447178257	0.06914844964785506	0.0	0.0	0.0	0.10372267447178257	0.0	0.0	0.10372267447178257	0.0	0.0	0.0368791731455227	0.13829689929571012	0.0	0.0	0.0	0.03457422482392753	0.03457422482392753	0.0	0.0	0.06914844964785506	0.20744534894356514	0.0	0.0	0.0	0.0	0.0	0.10372267447178257	0.0	0.0	0.0	0.0	0.0	0.17287112411963765	0.03457422482392753	0.0	0.0	0.0	0.0	0.0	0.0	0.0	0.0	0.0	0.0	0.0	0.0	0.0737583462910454	0.11063751943656809	0.0	0.0	0.0	0.0	0.0	0.0	0.0	0.03918412146711787	0.0	0.0368791731455227	0.0	0.0	0.0	0.11063751943656809	0.0	0.0	0.0	0.20744534894356514	0.0	0.0	0.0	0.06914844964785506	0.0	0.0	0.0	0.0	0.10372267447178257	0.06914844964785506	0.0	0.0	0.0	0.0	0.0	0.0	0.0	0.0	0.0	0.0	0.0	0.0	0.0	0.09219793286380674	0.0	0.0	0.0	0.06914844964785506	0.0	0.0	0.0	0.0	0.0	0.0	0.0	0.0	0.0	0.0	0.0	0.0	0.0	0.0	0.0	0.17287112411963765	0.06914844964785506	0.0	0.0	0.0	0.0	0.0	0.0	0.0	0.0368791731455227	0.0	0.0	0.0	0.0	0.0	0.0	0.0	0.06914844964785506	0.0	0.0	0.0	0.0	0.0	0.10372267447178257	0.0	0.0	0.0	0.0	0.0	0.0	0.0	0.03457422482392753	0.0	0.0	0.0	0.06914844964785506	0.0	0.0	0.0	0.0	0.0	0.0	0.0	0.0	0.0	0.0368791731455227	0.0	0.0	0.13829689929571012	0.0	0.06914844964785506	0.0	0.0	0.0	0.11063751943656809	0.0	0.10372267447178257	0.0	0.0	0.0	0.0	0.0	0.0	0.0	0.0	0.0	0.0	0.06914844964785506	0.0	0.0	0.0	0.0
CAROU1406104_acpa-rejette	acpa-rejette	0.0	0.0	0.0276670957209682	0.0	0.0	0.0	0.026898565284274634	0.0	0.0	0.0	0.0	0.0	0.0	0.0	0.10759426113709854	0.0	0.0	0.0	0.056871252315323514	0.05379713056854927	0.0	0.0276670957209682	0.05379713056854927	0.0	0.05379713056854927	0.0830012871629046	0.0	0.0276670957209682	0.0	0.0	0.0	0.0	0.0	0.0	0.0	0.05379713056854927	0.05379713056854927	0.0	0.0	0.026898565284274634	0.05379713056854927	0.0	0.026898565284274634	0.05379713056854927	0.0	0.0	0.0	0.0	0.0	0.0553341914419364	0.0	0.0	0.05379713056854927	0.0	0.0	0.0	0.05379713056854927	0.0	0.028435626157661757	0.0	0.0	0.0276670957209682	0.0	0.10759426113709854	0.0	0.0	0.026898565284274634	0.0	0.0	0.0	0.0	0.0	0.0	0.0	0.0553341914419364	0.0	0.026898565284274634	0.0	0.0	0.05379713056854927	0.05379713056854927	0.0	0.0	0.0	0.0	0.0	0.0	0.0276670957209682	0.0	0.0	0.0	0.0	0.05379713056854927	0.0	0.0	0.05379713056854927	0.0	0.0	0.0	0.0	0.0	0.0	0.0	0.0	0.0	0.10759426113709854	0.0	0.0	0.05379713056854927	0.026898565284274634	0.0	0.0	0.1344928264213732	0.0	0.0	0.0	0.0	0.10759426113709854	0.0806956958528239	0.0	0.0	0.0	0.0	0.0	0.026898565284274634	0.0	0.0	0.0	0.0	0.0	0.0	0.05379713056854927	0.0830012871629046	0.0	0.1613913917056478	0.0	0.0	0.0	0.0	0.0	0.0	0.05379713056854927	0.0	0.0	0.0	0.0	0.0	0.0	0.0	0.0	0.0	0.0	0.0	0.05379713056854927	0.0	0.026898565284274634	0.0	0.0	0.0	0.0	0.0	0.0	0.026898565284274634	0.0	0.0806956958528239	0.0	0.05379713056854927	0.0806956958528239	0.0	0.026898565284274634	0.0	0.026898565284274634	0.0	0.0	0.0	0.0	0.0830012871629046	0.0	0.05379713056854927	0.17061375694597053	0.0553341914419364	0.0	0.0	0.0	0.0	0.0	0.0	0.0	0.0	0.0	0.0	0.0	0.0	0.0	0.0	0.0	0.0	0.0	0.0	0.0	0.0	0.0	0.0	0.063019495808872	0.0	0.10759426113709854	0.0	0.0	0.0	0.05379713056854927	0.05379713056854927	0.05379713056854927	0.0	0.0	0.10759426113709854	0.0	0.056871252315323514	0.0	0.0	0.0	0.0	0.0806956958528239	0.0	0.1344928264213732	0.0	0.1660025743258092	0.0	0.0	0.10759426113709854	0.1344928264213732	0.0	0.05379713056854927	0.026898565284274634	0.0	0.0	0.028435626157661757	0.05379713056854927	0.0	0.0	0.05379713056854927	0.0	0.1344928264213732	0.0	0.0	0.0	0.05379713056854927	0.08530687847298526	0.0	0.0	0.0	0.05379713056854927	0.0	0.0	0.0	0.0	0.0	0.0	0.0	0.0	0.0	0.0	0.0	0.1344928264213732	0.05379713056854927	0.0	0.0	0.0	0.0	0.0	0.0	0.0	0.10759426113709854	0.0	0.05379713056854927	0.05379713056854927	0.0806956958528239	0.0	0.0806956958528239	0.0	0.0	0.0	0.0	0.0	0.0806956958528239	0.0	0.0	0.0	0.0	0.0	0.026898565284274634	0.0	0.05379713056854927	0.026898565284274634	0.056871252315323514	0.05379713056854927
CAPAR1305998_acpa-rejette	acpa-rejette	0.0	0.0	0.06791690061763057	0.0	0.0	0.0	0.0	0.0	0.0	0.0	0.0	0.2522627737226278	0.0	0.0	0.0	0.0	0.0	0.0	0.1261313868613139	0.0	0.0	0.0	0.1261313868613139	0.0	0.0	0.0	0.0	0.0	0.0	0.0	0.0	0.0	0.0	0.0	0.0	0.0	0.0	0.0	0.0	0.0	0.0	0.0	0.0	0.0	0.0	0.0	0.0	0.0	0.1261313868613139	0.0	0.0	0.0	0.0	0.0	0.0	0.0	0.0	0.0	0.07276810780460419	0.0	0.0	0.0	0.0	0.0	0.0	0.0	0.06791690061763057	0.0	0.0	0.0	0.1261313868613139	0.0	0.0	0.0	0.0	0.0	0.0	0.0	0.0	0.0	0.0	0.0	0.0	0.0	0.0	0.0	0.0	0.06306569343065695	0.0	0.0	0.0	0.0	0.0	0.0	0.0	0.0	0.0	0.0	0.0	0.0	0.0	0.18919708029197085	0.0	0.0	0.0	0.2716676024705223	0.0	0.0	0.0	0.0	0.0	0.0	0.31532846715328483	0.0	0.0	0.0	0.0	0.0	0.0	0.0	0.0	0.0	0.0	0.2522627737226278	0.06306569343065695	0.0	0.0	0.0	0.0	0.0	0.0	0.0	0.0	0.0	0.3783941605839417	0.06306569343065695	0.0	0.0	0.0	0.1261313868613139	0.0	0.0	0.0	0.0	0.0	0.0	0.0	0.0	0.0	0.0	0.0	0.0	0.0	0.13583380123526115	0.0	0.0	0.0	0.0	0.0	0.0	0.0	0.0	0.0	0.0	0.0	0.0	0.0	0.0	0.0	0.0	0.0	0.0	0.0	0.0	0.0	0.0	0.0	0.0	0.0	0.0	0.0	0.0	0.0	0.0	0.0	0.0	0.0	0.0	0.0	0.0	0.36384053902302094	0.0	0.0	0.0	0.0	0.18919708029197085	0.0	0.0	0.0	0.0	0.0	0.0	0.0	0.0	0.0	0.0	0.0	0.0	0.0	0.0	0.0	0.0	0.0	0.0	0.0	0.0	0.0	0.0	0.0	0.0	0.0	0.0	0.0	0.31532846715328483	0.0	0.0	0.0	0.0	0.0	0.0	0.0	0.0	0.06306569343065695	0.0	0.0	0.07276810780460419	0.0	0.0	0.0	0.0	0.0	0.0	0.0	0.0	0.0	0.0	0.0	0.0	0.0	0.0	0.0	0.0	0.0	0.0	0.0	0.0	0.0	0.0	0.0	0.1261313868613139	0.0	0.0	0.0	0.0	0.0	0.0	0.0	0.0	0.06306569343065695	0.0	0.0	0.2522627737226278	0.0	0.1261313868613139	0.0	0.0	0.0	0.18919708029197085	0.1261313868613139	0.0	0.0	0.0	0.0	0.0	0.0	0.0	0.0	0.0	0.0	0.0	0.1261313868613139	0.0	0.0	0.0	0.0
CAVER1501683_acpa-rejette	acpa-rejette	0.04146766769410084	0.0	0.04146766769410084	0.0	0.0	0.0	0.0	0.08293533538820168	0.08293533538820168	0.0	0.0	0.0	0.0	0.0	0.0	0.0	0.0	0.0	0.09014710368282793	0.0	0.0	0.04146766769410084	0.0	0.0	0.0	0.0	0.0	0.0	0.0	0.0	0.0	0.0	0.08293533538820168	0.0	0.0	0.0	0.0	0.0	0.08293533538820168	0.04146766769410084	0.08293533538820168	0.0	0.0	0.0	0.0	0.0	0.0	0.0	0.0	0.0	0.0	0.0	0.0	0.0	0.08293533538820168	0.0	0.0	0.0	0.043270609767757394	0.0	0.0	0.04146766769410084	0.0	0.0	0.0	0.0	0.043270609767757394	0.0	0.0	0.0	0.0	0.0	0.04687649391507052	0.0	0.0	0.0	0.0	0.0	0.0	0.0	0.0	0.0	0.0	0.0	0.0	0.0	0.0	0.043270609767757394	0.0	0.0	0.0	0.0	0.0	0.08293533538820168	0.0	0.0	0.08293533538820168	0.0	0.0	0.0	0.2073383384705042	0.0	0.0	0.0	0.0	0.16587067077640336	0.0	0.08293533538820168	0.08654121953551479	0.043270609767757394	0.04146766769410084	0.0	0.2073383384705042	0.0	0.0	0.0	0.0	0.0	0.0	0.08293533538820168	0.0	0.12440300308230251	0.08293533538820168	0.0	0.043270609767757394	0.0	0.0	0.0	0.08293533538820168	0.0	0.0	0.0	0.0	0.08293533538820168	0.25962365860654435	0.043270609767757394	0.0	0.0	0.0	0.08293533538820168	0.12440300308230251	0.0	0.0	0.2073383384705042	0.2073383384705042	0.0	0.0	0.0	0.0	0.08293533538820168	0.0	0.0	0.0	0.08654121953551479	0.0	0.0	0.0	0.0	0.0	0.0	0.08293533538820168	0.12440300308230251	0.0	0.08293533538820168	0.0	0.0	0.0	0.0	0.0	0.043270609767757394	0.0	0.04146766769410084	0.0	0.0	0.0	0.12440300308230251	0.0	0.0	0.08293533538820168	0.0	0.0	0.0	0.0	0.08293533538820168	0.0	0.04146766769410084	0.0	0.16587067077640336	0.0	0.08293533538820168	0.0	0.0	0.0	0.0	0.0	0.0	0.0	0.04146766769410084	0.04146766769410084	0.0	0.0	0.0	0.0	0.0	0.0	0.0	0.0	0.0	0.08293533538820168	0.0	0.0	0.0	0.0	0.0	0.0	0.0	0.0	0.08654121953551479	0.0	0.08293533538820168	0.0	0.0	0.0	0.216353048838787	0.08293533538820168	0.0	0.0	0.0	0.0	0.0	0.0	0.0	0.04146766769410084	0.0	0.0	0.043270609767757394	0.0	0.08293533538820168	0.0	0.0	0.0	0.0	0.0	0.0	0.0	0.0	0.12440300308230251	0.0	0.0	0.0	0.0	0.04146766769410084	0.0	0.0	0.04146766769410084	0.0	0.0	0.0	0.0	0.0	0.0	0.0	0.0	0.0	0.0	0.0	0.0	0.0	0.04146766769410084	0.0	0.0	0.16587067077640336	0.0	0.08293533538820168	0.08293533538820168	0.0	0.0	0.12440300308230251	0.0	0.0	0.04146766769410084	0.0	0.0	0.0	0.0	0.0	0.0	0.0	0.0	0.0	0.0	0.0	0.0	0.0	0.0
CAFOR1400518_acpa-rejette	acpa-rejette	0.04493275115003463	0.12961370524048452	0.0	0.0	0.0	0.0	0.0	0.0	0.0	0.0	0.0	0.0	0.0	0.0	0.1659055427078202	0.0	0.0	0.0	0.0829527713539101	0.0	0.0	0.04320456841349484	0.0	0.0	0.0	0.0	0.0	0.0	0.0	0.0	0.0	0.0	0.0	0.0	0.0	0.0	0.0	0.12961370524048452	0.0	0.0	0.0	0.0	0.0	0.0	0.0	0.0	0.0	0.0	0.0	0.0	0.0	0.0	0.0	0.0	0.0	0.0	0.0	0.0	0.04320456841349484	0.0829527713539101	0.0829527713539101	0.0	0.0	0.17281827365397937	0.08640913682698968	0.0	0.04147638567695505	0.0	0.04147638567695505	0.0829527713539101	0.0	0.0	0.0	0.0	0.08640913682698968	0.0	0.0	0.0	0.0	0.0	0.0	0.17973100460013852	0.17973100460013852	0.17973100460013852	0.0	0.0	0.0	0.04320456841349484	0.0	0.0	0.0	0.0	0.0	0.0	0.0	0.0	0.0	0.0	0.0	0.0	0.0	0.0	0.0	0.0	0.0	0.0	0.0	0.0	0.08640913682698968	0.04320456841349484	0.0	0.0	0.21602284206747424	0.0	0.0	0.12442915703086516	0.0829527713539101	0.1659055427078202	0.12442915703086516	0.0	0.0	0.0	0.0	0.1659055427078202	0.04147638567695505	0.0	0.0	0.0	0.0	0.04147638567695505	0.04147638567695505	0.0	0.12442915703086516	0.0	0.2488583140617303	0.04493275115003463	0.0	0.0	0.0	0.0829527713539101	0.12442915703086516	0.0	0.0	0.0	0.0	0.0	0.0	0.04147638567695505	0.0	0.0	0.0	0.0	0.0	0.0	0.0	0.0	0.0	0.0	0.0	0.0	0.0	0.0	0.0	0.0	0.0	0.0	0.0	0.0	0.0	0.04320456841349484	0.0829527713539101	0.0	0.0	0.0	0.0	0.0	0.0	0.0	0.0	0.0	0.0	0.0	0.0	0.0	0.0	0.0	0.0	0.0	0.0	0.0	0.22466375575017322	0.0	0.0	0.0	0.0	0.0	0.0	0.0	0.0	0.0	0.0829527713539101	0.0829527713539101	0.0	0.08986550230006926	0.08986550230006926	0.1659055427078202	0.0	0.0	0.0	0.0	0.0	0.0	0.0	0.0	0.1659055427078202	0.0	0.0	0.0	0.0	0.0	0.0	0.0	0.0	0.0	0.0	0.0	0.0	0.0	0.0	0.0	0.0	0.0	0.0	0.0	0.0	0.04493275115003463	0.0	0.0	0.0	0.0	0.0	0.0	0.0	0.0	0.0	0.0	0.0	0.0	0.0	0.0	0.0	0.0	0.0829527713539101	0.0	0.0	0.0	0.0	0.0	0.0	0.0	0.0	0.0	0.0	0.0	0.0	0.0	0.0	0.0	0.04320456841349484	0.0	0.0	0.1659055427078202	0.0	0.0	0.0	0.0	0.0	0.12961370524048452	0.0	0.12442915703086516	0.0	0.0	0.0	0.0	0.0	0.0	0.0	0.0	0.0	0.04147638567695505	0.0	0.0	0.0	0.0	0.0
CADIJ1500876_acpa-rejette	acpa-rejette	0.022178912515915913	0.06512106228077438	0.022650804271573698	0.0	0.0	0.021235129004600343	0.021235129004600343	0.0	0.0	0.042470258009200686	0.021235129004600343	0.09249078410892593	0.08494051601840137	0.0	0.0	0.0	0.0	0.0	0.045301608543147395	0.0	0.021235129004600343	0.021707020760258128	0.0	0.0	0.043414041520516256	0.06653673754774773	0.042470258009200686	0.0	0.0	0.0	0.042470258009200686	0.0	0.0	0.0	0.0	0.0	0.0	0.06370538701380103	0.0	0.021235129004600343	0.0	0.0	0.021235129004600343	0.0	0.021235129004600343	0.0	0.042470258009200686	0.0	0.042470258009200686	0.0	0.08494051601840137	0.042470258009200686	0.0	0.0	0.0	0.0	0.0	0.0	0.023594587782889274	0.0	0.0	0.0	0.0	0.08871565006366365	0.0	0.0	0.021707020760258128	0.021707020760258128	0.0	0.0	0.0	0.0	0.0	0.0	0.042470258009200686	0.0	0.0	0.0	0.0	0.0	0.0	0.0	0.0	0.0	0.0	0.0	0.0	0.024066479538547056	0.0	0.042470258009200686	0.043414041520516256	0.0	0.042470258009200686	0.0	0.021235129004600343	0.0	0.0	0.0	0.08494051601840137	0.021235129004600343	0.11089456257957958	0.06370538701380103	0.021235129004600343	0.042470258009200686	0.0	0.08494051601840137	0.0	0.0	0.044357825031831825	0.022178912515915913	0.0	0.021235129004600343	0.10617564502300174	0.06370538701380103	0.042470258009200686	0.0	0.0	0.0	0.06512106228077438	0.042470258009200686	0.0	0.06370538701380103	0.042470258009200686	0.0	0.022178912515915913	0.08494051601840137	0.0	0.021235129004600343	0.0	0.021235129004600343	0.021235129004600343	0.0	0.0	0.0	0.12741077402760206	0.023594587782889274	0.0	0.0	0.042470258009200686	0.042470258009200686	0.0	0.0	0.042470258009200686	0.10617564502300174	0.0	0.0	0.0	0.021235129004600343	0.0	0.042470258009200686	0.021235129004600343	0.021235129004600343	0.0	0.043414041520516256	0.06512106228077438	0.021235129004600343	0.042470258009200686	0.08494051601840137	0.08494051601840137	0.0	0.042470258009200686	0.0	0.0	0.042470258009200686	0.06370538701380103	0.043414041520516256	0.042470258009200686	0.0	0.042470258009200686	0.022178912515915913	0.042470258009200686	0.021235129004600343	0.021235129004600343	0.0	0.0	0.0	0.0	0.0	0.042470258009200686	0.0	0.0	0.0	0.0	0.043414041520516256	0.08494051601840137	0.0	0.0	0.0	0.06370538701380103	0.0	0.10853510380129064	0.0	0.042470258009200686	0.042470258009200686	0.0	0.06370538701380103	0.021235129004600343	0.0	0.0	0.021235129004600343	0.0	0.0	0.0	0.043414041520516256	0.0	0.0	0.0	0.0	0.0	0.0	0.0	0.0	0.0	0.0	0.08682808304103251	0.10617564502300174	0.043414041520516256	0.045301608543147395	0.021235129004600343	0.043414041520516256	0.0	0.0	0.0	0.11561348013615742	0.0	0.13307347509549547	0.042470258009200686	0.042470258009200686	0.08494051601840137	0.0	0.0	0.0	0.022178912515915913	0.0	0.0	0.023594587782889274	0.0	0.042470258009200686	0.0	0.0	0.0	0.10617564502300174	0.0	0.042470258009200686	0.042470258009200686	0.0	0.0	0.0	0.0	0.0	0.0	0.0	0.0	0.0	0.0	0.0	0.0	0.0	0.0	0.042470258009200686	0.021235129004600343	0.0	0.0	0.0	0.043414041520516256	0.0	0.0	0.06653673754774773	0.021707020760258128	0.0	0.0	0.08494051601840137	0.0	0.0	0.0	0.0	0.042470258009200686	0.06936808808169445	0.0	0.06370538701380103	0.0	0.042470258009200686	0.0	0.0	0.0	0.0	0.0	0.0	0.0	0.0	0.0	0.0	0.0	0.0	0.0
CALYO1406491_acpa-rejette	acpa-rejette	0.04335359559582522	0.13006078678747565	0.0445578621401537	0.08670719119165043	0.0	0.0	0.0	0.0	0.0	0.0	0.0	0.0	0.0	0.0	0.17341438238330087	0.0	0.17341438238330087	0.0	0.09152425736896434	0.0	0.0	0.05057919486179609	0.0	0.0	0.0	0.0	0.08670719119165043	0.0	0.0	0.0	0.0	0.0	0.0	0.0	0.0	0.0	0.0	0.0	0.0	0.0	0.0	0.0	0.04335359559582522	0.0	0.0	0.2167679779791261	0.0891157242803074	0.0	0.0	0.0	0.0	0.0	0.0	0.08670719119165043	0.0	0.0	0.0	0.0	0.04817066177313913	0.0891157242803074	0.0891157242803074	0.04335359559582522	0.0	0.1782314485606148	0.08670719119165043	0.0	0.0	0.0	0.0	0.0	0.0	0.0	0.0	0.08670719119165043	0.0	0.0	0.0	0.0	0.0	0.0	0.0	0.0	0.0	0.0	0.0	0.0	0.0	0.04576212868448217	0.0	0.0	0.0	0.0891157242803074	0.0	0.0	0.0	0.0	0.0	0.0	0.0	0.0	0.2167679779791261	0.0	0.0	0.0	0.0	0.0	0.04335359559582522	0.0	0.0	0.0	0.0	0.0	0.0	0.0	0.0	0.0	0.0	0.0	0.0	0.0	0.0	0.0	0.0	0.0	0.0445578621401537	0.1782314485606148	0.0	0.0	0.0	0.0	0.0	0.0	0.0	0.0	0.0	0.0	0.0	0.0	0.0	0.0	0.0	0.0891157242803074	0.0	0.0	0.0	0.0	0.0	0.0	0.0	0.0	0.0	0.0	0.08670719119165043	0.0	0.13006078678747565	0.04335359559582522	0.0	0.17341438238330087	0.17341438238330087	0.13006078678747565	0.08670719119165043	0.13006078678747565	0.0	0.0	0.0	0.0	0.0	0.0	0.0	0.0	0.0	0.0	0.0445578621401537	0.0	0.0	0.13006078678747565	0.0	0.0	0.0	0.2601215735749513	0.0	0.0	0.08670719119165043	0.0	0.0	0.0	0.0	0.17341438238330087	0.0	0.0	0.0	0.0	0.08670719119165043	0.08670719119165043	0.0	0.0	0.0	0.0	0.0	0.0	0.0	0.0	0.0	0.0891157242803074	0.0	0.0	0.0	0.0	0.0	0.0	0.0	0.0	0.08670719119165043	0.0	0.0	0.0	0.0891157242803074	0.09393279045762132	0.04335359559582522	0.0891157242803074	0.0	0.0	0.0	0.22278931070076852	0.0	0.0	0.0	0.0	0.0	0.0	0.0	0.0	0.0445578621401537	0.08670719119165043	0.0	0.05057919486179609	0.0	0.0	0.0	0.0	0.0	0.0	0.0	0.0	0.0	0.0	0.0	0.0	0.0	0.0	0.0	0.0	0.0	0.0	0.0445578621401537	0.08670719119165043	0.08670719119165043	0.0	0.0	0.0	0.0	0.0	0.0	0.0	0.0	0.0	0.0	0.0	0.0445578621401537	0.0	0.04335359559582522	0.0	0.0	0.0	0.0	0.0	0.0	0.1372863860534465	0.0	0.0	0.0445578621401537	0.0	0.0	0.0	0.08670719119165043	0.0	0.0	0.0	0.0	0.0	0.0	0.0	0.0	0.0	0.0
CAPAR1305040_acpa-rejette	acpa-rejette	0.0	0.0	0.030605466567803923	0.0	0.0	0.027643647222532573	0.0	0.0	0.0	0.0	0.027643647222532573	0.11452368135049208	0.11057458889013029	0.0	0.0	0.0	0.0	0.0	0.059236386905426944	0.0	0.027643647222532573	0.0	0.0	0.0	0.0	0.0	0.0	0.02863092033762302	0.0	0.055287294445065145	0.0	0.0	0.0	0.0	0.0	0.0	0.0	0.0	0.055287294445065145	0.0	0.0	0.0	0.02863092033762302	0.055287294445065145	0.027643647222532573	0.0	0.0	0.0	0.0	0.05726184067524604	0.11057458889013029	0.0	0.0	0.0	0.0	0.055287294445065145	0.0	0.0	0.029618193452713472	0.0	0.0	0.0	0.0	0.11057458889013029	0.0	0.0	0.027643647222532573	0.0	0.0	0.0	0.0	0.027643647222532573	0.0	0.0	0.0	0.0	0.0	0.0	0.0	0.0	0.0	0.0	0.0	0.0	0.0	0.055287294445065145	0.055287294445065145	0.02863092033762302	0.0	0.0	0.0	0.055287294445065145	0.0	0.0	0.0	0.0	0.0	0.22114917778026058	0.0	0.0	0.1382182361126629	0.09181639970341177	0.02863092033762302	0.0	0.0	0.0	0.027643647222532573	0.0	0.055287294445065145	0.027643647222532573	0.0	0.0	0.1382182361126629	0.08293094166759772	0.0	0.08293094166759772	0.055287294445065145	0.0	0.08589276101286906	0.0	0.0	0.0	0.0	0.11057458889013029	0.0	0.0	0.0	0.027643647222532573	0.0	0.0	0.0	0.0	0.0	0.0	0.0	0.0	0.0	0.0	0.0	0.0	0.0	0.0	0.0	0.1431546016881151	0.0	0.055287294445065145	0.0	0.0	0.0	0.0	0.0	0.0	0.055287294445065145	0.0	0.0	0.0	0.0	0.0	0.0	0.0	0.0	0.0	0.0	0.0	0.0	0.0	0.0	0.08293094166759772	0.0	0.02863092033762302	0.0	0.0	0.027643647222532573	0.0	0.0	0.0	0.08293094166759772	0.055287294445065145	0.0	0.16586188333519544	0.0	0.0	0.0	0.055287294445065145	0.11057458889013029	0.0	0.0	0.0	0.0	0.0	0.1431546016881151	0.055287294445065145	0.0	0.0	0.0	0.08293094166759772	0.027643647222532573	0.0	0.0	0.027643647222532573	0.0	0.0	0.0	0.0	0.0	0.0	0.055287294445065145	0.0	0.0	0.0	0.0	0.0	0.0	0.0	0.11057458889013029	0.0	0.055287294445065145	0.05726184067524604	0.0	0.055287294445065145	0.08293094166759772	0.08293094166759772	0.0	0.15796369841447186	0.0	0.0	0.0	0.0	0.0	0.0	0.055287294445065145	0.0	0.02863092033762302	0.0	0.0	0.029618193452713472	0.0	0.0	0.0	0.0	0.0	0.1431546016881151	0.055287294445065145	0.055287294445065145	0.0	0.0	0.0	0.055287294445065145	0.0	0.0	0.0	0.0	0.0	0.0	0.0	0.0	0.0	0.0	0.0	0.0	0.029618193452713472	0.0	0.0	0.0	0.055287294445065145	0.0	0.055287294445065145	0.08293094166759772	0.0	0.055287294445065145	0.0	0.0	0.055287294445065145	0.0	0.0	0.0	0.0	0.08293094166759772	0.0	0.0	0.0	0.0	0.0	0.08589276101286906	0.0	0.0	0.0	0.055287294445065145	0.0	0.0	0.0	0.0	0.0	0.0	0.0
CANIM1601140_acpa-rejette	acpa-rejette	0.0	0.0	0.05083695670374693	0.0	0.0	0.0	0.0	0.0	0.0	0.0	0.0	0.0	0.0	0.0	0.0	0.0	0.0	0.0	0.10167391340749386	0.0	0.0	0.05083695670374693	0.0	0.0	0.0	0.0	0.0	0.0	0.10167391340749386	0.0	0.0	0.05083695670374693	0.0	0.0	0.0	0.0	0.0	0.0	0.0	0.0	0.0	0.0	0.0	0.0	0.0	0.0	0.0	0.0	0.0	0.0	0.0	0.0	0.0	0.10167391340749386	0.0	0.0	0.0	0.0	0.05304725916912723	0.0	0.0	0.0	0.0	0.0	0.0	0.0	0.05083695670374693	0.0	0.05083695670374693	0.10167391340749386	0.0	0.0	0.0	0.0	0.10167391340749386	0.0	0.05083695670374693	0.0	0.0	0.0	0.0	0.20334782681498773	0.20334782681498773	0.20334782681498773	0.10167391340749386	0.0	0.0	0.05304725916912723	0.0	0.0	0.10609451833825446	0.0	0.0	0.0	0.0	0.0	0.0	0.0	0.0	0.0	0.2762878081725377	0.0	0.0	0.0	0.0	0.20334782681498773	0.0	0.0	0.0	0.0	0.0	0.05083695670374693	0.0	0.0	0.0	0.0	0.0	0.0	0.1525108701112408	0.0	0.0	0.0	0.0	0.20334782681498773	0.05304725916912723	0.0	0.0	0.0	0.0	0.0	0.0	0.0	0.0	0.0	0.0	0.0	0.0	0.0	0.0	0.0	0.0	0.10167391340749386	0.0	0.0	0.0	0.0	0.0	0.0	0.0	0.10167391340749386	0.0	0.0	0.0	0.10167391340749386	0.0	0.0	0.0	0.0	0.0	0.0	0.10167391340749386	0.1525108701112408	0.05083695670374693	0.0	0.0	0.0	0.0	0.0	0.0	0.0	0.0	0.0	0.05083695670374693	0.0	0.0	0.1525108701112408	0.0	0.10167391340749386	0.10167391340749386	0.0	0.0	0.0	0.0	0.0	0.0	0.05083695670374693	0.0	0.0	0.0	0.0	0.0	0.0	0.0	0.0	0.0	0.0	0.0	0.05083695670374693	0.05083695670374693	0.0	0.0	0.0	0.10167391340749386	0.0	0.0	0.0	0.0	0.0	0.0	0.0	0.0	0.0	0.0	0.10167391340749386	0.21218903667650893	0.0	0.0	0.10609451833825446	0.0	0.10167391340749386	0.0	0.0	0.2541847835187347	0.0	0.0	0.0	0.0	0.0	0.0	0.0	0.0	0.0	0.05083695670374693	0.0	0.0	0.05304725916912723	0.0	0.0	0.10167391340749386	0.0	0.0	0.0	0.0	0.0	0.0	0.0	0.0	0.0	0.0	0.0	0.0	0.0	0.0	0.0	0.05083695670374693	0.10167391340749386	0.10167391340749386	0.0	0.0	0.0	0.0	0.10609451833825446	0.0	0.0	0.0	0.2652362958456362	0.0	0.0	0.05746786409988785	0.0	0.0	0.20334782681498773	0.0	0.0	0.0	0.0	0.0	0.1591417775073817	0.0	0.0	0.05083695670374693	0.0	0.05083695670374693	0.0	0.0	0.0	0.0	0.0	0.0	0.0	0.0	0.0	0.0	0.0	0.0
CAPAR1507851_acpa-rejette	acpa-rejette	0.0	0.0	0.10562347188264055	0.2112469437652811	0.0	0.0	0.0	0.0	0.0	0.0	0.0	0.0	0.0	0.0	0.4224938875305622	0.0	0.0	0.0	0.0	0.0	0.0	0.0	0.0	0.0	0.0	0.0	0.0	0.0	0.0	0.0	0.0	0.0	0.0	0.0	0.0	0.0	0.0	0.0	0.0	0.0	0.0	0.0	0.0	0.0	0.0	0.0	0.0	0.0	0.0	0.0	0.0	0.0	0.0	0.0	0.0	0.0	0.0	0.0	0.10562347188264055	0.0	0.0	0.0	0.0	0.0	0.0	0.0	0.10562347188264055	0.10562347188264055	0.0	0.0	0.0	0.0	0.0	0.0	0.0	0.0	0.0	0.0	0.0	0.0	0.0	0.0	0.0	0.0	0.0	0.0	0.0	0.0	0.0	0.0	0.0	0.0	0.0	0.0	0.0	0.0	0.0	0.0	0.0	0.0	0.0	0.0	0.0	0.0	0.0	0.0	0.0	0.0	0.2112469437652811	0.0	0.0	0.0	0.0	0.0	0.0	0.0	0.0	0.0	0.0	0.0	0.0	0.0	0.0	0.0	0.0	0.0	0.0	0.0	0.0	0.0	0.0	0.0	0.0	0.0	0.0	0.13202933985330068	0.2112469437652811	0.0	0.0	0.0	0.0	0.0	0.0	0.0	0.0	0.0	0.0	0.0	0.0	0.0	0.0	0.0	0.0	0.2112469437652811	0.0	0.0	0.0	0.4224938875305622	0.4224938875305622	0.3168704156479217	0.2112469437652811	0.3168704156479217	0.0	0.0	0.0	0.0	0.0	0.0	0.0	0.10562347188264055	0.0	0.10562347188264055	0.0	0.0	0.0	0.3168704156479217	0.0	0.0	0.0	0.0	0.0	0.0	0.0	0.0	0.0	0.0	0.0	0.0	0.0	0.0	0.0	0.0	0.0	0.0	0.0	0.0	0.0	0.0	0.0	0.0	0.0	0.0	0.0	0.26405867970660135	0.0	0.0	0.0	0.0	0.0	0.0	0.0	0.0	0.0	0.0	0.0	0.0	0.0	0.0	0.0	0.0	0.0	0.0	0.0	0.0	0.0	0.0	0.0	0.0	0.0	0.0	0.0	0.0	0.10562347188264055	0.2112469437652811	0.0	0.10562347188264055	0.0	0.0	0.0	0.0	0.0	0.0	0.0	0.0	0.0	0.0	0.0	0.0	0.0	0.0	0.0	0.0	0.0	0.0	0.0	0.0	0.0	0.0	0.0	0.0	0.0	0.2112469437652811	0.0	0.0	0.0	0.0	0.0	0.0	0.0	0.0	0.0	0.0	0.0	0.0	0.0	0.0	0.0	0.3168704156479217	0.0	0.0	0.0	0.0	0.0	0.0	0.0	0.0	0.0	0.0	0.0	0.0	0.0	0.0	0.0	0.0	0.0
