@id	@sens-resultat	abus	abus de procédure	abusif ainsi	abusif considérant	abusif pouvoir	accueillir	action	action en justice	adversaire	affaire	agir	agir en justice	ailleurs	ainsi	ajouter	allouer	allouer à monsieur	amende	amende civil	appel	appel interjeter	appelant	application	article	articler	assurance	attendre	attendu	aucun	audience	autre	avant	avocat	avril	blâmable	bon	bon droit	caractère	caractère abusif	caractériser	cas	cause	cause de appel	causer	celui	celui ci	celui qui agir	chacun	charge	charge de monsieur	chef	ci	circonstance	circonstance particulier	civil	civil celui	civil devoir	civil la condamner	civil prévoir	civil vu	code	code civil	code de procédure	coder	coder de procédure	comme	comprendre	condamnation	condamnation de monsieur	condamne	condamner	condamner monsieur	confirmer	confirmer le décision	conformément	conseil	considérant	constater	conséquence	contestation	contester	contraindre	contraindre de exposer	contrat	contrat de travail	convenir	convenir convier	convier	convier en conséquence	cour cours	cours	demande	demande de condamnation	demande de dommage	demande de dommages	demande en dommages	demande former	demande reconventionnel	demander	dernier	dette	deux	devant	devant le cour	devoir	dilatoire	dilatoire ou abusif	dispos	dispositif	disposition	dit	dol	dommage	dommage et intérêt	donner	dont	droit	dès	dès lors	déboute	déboute madame	débouter	décision	déclarer	défense	dégénérer	dégénérer en abus	démontrer	dépens	dépens de appel	effet	encontre	encore	entier	entier dépens	entre	entreprendre	erreur	espèce	euro	euro au titre	euro chacun	euro en application	euro à titre	exercice	exposer	exécution	faire	faire application	faire valoir	fait	faute	fin	foi	foi fois	fois	fond	fondement	fonder	former	formuler	frai	frai frais	frai frais irrépétibles	frais	frais irrépétibles	février	grossier	hauteur	in	instance	interjeter	intimer	intérêt	intérêt pour abus	intérêt pour procédure	intérêts pour procédure	inéquitable	inéquitable de laisser	irrépétibles	janvier	jour	juge	jugement	jugement entreprendre	jugement rendre	juger	justice	justice de manière	justifier	laisser	litige	lors	légèreté blâmable	madame	mai	mal	mal fonder	manifestement	manière	manière dilatoire	mauvais	mauvais foi	maximum	mille	mille euro	mois	monsieur	monsieur p	montant	motif	méprendre	nature	observation	observation oral	oral	ordonnance	outre	paiement	particulier	partie	payer	payer le somme	payer payer	payer un amende	percevoir	permettre	pouvoir	pouvoir donner	premier	premier foi	premier foi fois	premier instance	premier juge	principal	prise	procédure	procédure abusif	procédure abusif ainsi	procédure abusif considérant	procédure civil	procédure civil vu	procédure de appel	produire	profit	prononcer un amende	préjudice	préjudice du dommage	préjudice du dommages	présent	présenter	prétention	prévoir	public	question	reconnaître	reconventionnel	recours	rejet	rejeter	rejette	rejette le demande	rejeté le demande	relatif	revanche	réclamer	régler	résulter	salaire	sarl	sci	seulement	solliciter	somme	soutien	statuer	succomber	suivant	supporter	supporter le dépens	surplus	texte	titre	titre de amende	titre de dommage	titre de dommages	titre du disposition	tout son disposition	travail	tribunal	trésor	trésor public	valoir	venir	verser du dommage	verser le somme	verser à monsieur	voir	vu	vu le conclusion
CAPAR1415151_acpa-accepte	acpa-accepte	0.0	0.0	0.0	11.310481369128798	0.0	0.0	0.0	0.0	0.0	0.0	11.004979443394513	13.644682404889165	0.0	0.0	0.0	0.0	0.0	29.141363917199797	29.141363917199797	0.0	0.0	0.0	0.0	48.56893986199965	0.0	0.0	0.0	0.0	0.0	0.0	0.0	0.0	0.0	5.588634134844083	0.0	0.0	0.0	0.0	0.0	0.0	0.0	0.0	0.0	0.0	0.0	0.0	0.0	0.0	0.0	0.0	0.0	0.0	0.0	0.0	38.855151889599725	0.0	0.0	0.0	0.0	0.0	48.56893986199965	0.0	7.6226330145711145	0.0	0.0	2.0091119523240164	0.0	0.0	0.0	54.84515581843791	3.049053205828446	11.177268269688167	0.0	0.0	0.0	0.0	16.765902404532252	0.0	0.0	0.0	0.0	0.0	0.0	0.0	0.0	0.0	0.0	0.0	0.0	0.0	0.0	4.573579808742669	0.0	0.0	0.0	0.0	0.0	0.0	0.0	0.0	0.0	0.0	0.0	0.0	14.10298458776614	0.0	0.0	0.0	11.310481369128798	0.0	2.0091119523240164	0.0	0.0	0.0	5.588634134844083	0.0	53.826375206215985	0.0	0.0	0.0	0.0	0.0	0.0	0.0	0.0	0.0	0.0	0.0	0.0	0.0	0.0	0.0	0.0	0.0	0.0	0.0	0.0	0.0	0.0	0.0	0.0	0.0	0.0	0.0	0.0	0.0	0.0	14.10298458776614	0.0	0.0	0.0	0.0	0.0	0.0	0.0	0.0	0.0	25.535585483478222	0.0	0.0	0.0	0.0	0.0	0.0	0.0	0.0	2.0091119523240164	0.0	0.0	0.0	0.0	0.0	0.0	0.0	0.0	0.0	2.9489311733494343	0.0	0.0	0.0	0.0	0.0	0.0	0.0	0.0	0.0	0.0	6.046936317721064	13.644682404889165	0.0	0.0	13.644682404889165	0.0	0.0	0.0	11.310481369128798	0.0	0.0	0.0	9.493941659112412	0.0	0.0	0.0	0.0	0.0	0.0	0.0	35.749819676869514	0.0	13.644682404889165	0.0	11.310481369128798	0.0	0.0	0.0	0.0	0.0	0.0	0.0	0.0	0.0	24.187745270884257	5.588634134844083	12.093872635442128	0.0	0.0	0.0	17.942125068738665	0.0	0.0	0.0	0.0	0.0	0.0	0.0	0.0	67.99651580679952	3.049053205828446	0.0	11.310481369128798	1.524526602914223	0.0	0.0	0.0	0.0	0.0	0.0	0.0	0.0	11.310481369128798	0.0	0.0	0.0	0.0	30.60484421448803	0.0	0.0	0.0	30.60484421448803	0.0	0.0	0.0	19.366529639173876	11.310481369128798	0.0	0.0	11.310481369128798	19.366529639173876	0.0	0.0	0.0	0.0	0.0	11.177268269688167	0.0	0.0	0.0	0.0	0.0	0.0	0.0	0.0	0.0	0.0	0.0	0.0	0.0	0.0	0.0	0.0	0.0	0.0	0.0	61.20968842897606	0.0	0.0	0.0	0.0	0.0	0.0
CAVER1501501_acpa-accepte	acpa-accepte	0.0	0.0	0.0	0.0	0.0	0.0	0.0	0.0	19.947673427279163	4.928183204062936	9.704438248310524	0.0	9.973836713639582	0.0	0.0	12.032187656246327	9.973836713639582	25.69750975552748	25.69750975552748	59.843020281837504	0.0	4.928183204062936	0.0	8.565836585175827	0.0	0.0	0.0	0.0	0.0	4.928183204062936	9.973836713639582	9.973836713639582	0.0	0.0	0.0	0.0	0.0	9.973836713639582	9.973836713639582	0.0	0.0	0.0	0.0	26.988039578477526	2.600433796127135	0.0	0.0	0.0	0.0	0.0	0.0	0.0	12.032187656246327	9.973836713639582	34.26334634070331	0.0	0.0	0.0	0.0	0.0	8.565836585175827	0.0	1.3443618274787292	0.0	0.0	0.0	0.0	0.0	0.0	24.18184561800636	1.3443618274787292	0.0	0.0	0.0	0.0	4.928183204062936	0.0	9.973836713639582	0.0	53.97607915695505	9.856366408125872	4.928183204062936	0.0	0.0	0.0	12.032187656246327	12.032187656246327	12.032187656246327	0.0	9.973836713639582	9.973836713639582	1.3443618274787292	0.0	0.0	0.0	0.0	0.0	9.973836713639582	4.928183204062936	0.0	9.973836713639582	24.18184561800636	12.032187656246327	0.0	0.0	8.371971164309635	0.0	9.973836713639582	0.0	0.0	0.0	0.0	0.0	0.0	0.0	0.0	31.643538394349125	0.0	0.0	0.0	0.0	0.0	0.0	0.0	17.07784116582297	0.0	0.0	0.0	4.928183204062936	0.0	0.0	4.928183204062936	0.0	0.0	0.0	9.973836713639582	0.0	0.0	0.0	0.0	0.0	0.0	0.0	0.0	0.0	13.51071196816876	9.973836713639582	0.0	0.0	0.0	17.07784116582297	1.7716800813266236	9.973836713639582	0.0	0.0	0.0	0.0	4.503570656056253	0.0	0.0	0.0	0.0	0.0	0.0	5.332324370856766	7.10400445218339	0.0	0.0	0.0	9.973836713639582	21.329297483427062	0.0	9.973836713639582	3.543360162653247	0.0	0.0	7.801301388381405	0.0	0.0	7.10400445218339	0.0	0.0	10.664648741713531	0.0	0.0	0.0	0.0	0.0	0.0	0.0	0.0	12.032187656246327	0.0	0.0	0.0	0.0	0.0	0.0	26.988039578477526	0.0	0.0	0.0	0.0	0.0	0.0	0.0	9.973836713639582	22.517853280281265	19.947673427279163	24.064375312492654	9.973836713639582	0.0	0.0	0.0	0.0	0.0	0.0	0.0	0.0	17.07784116582297	5.332324370856766	0.0	0.0	0.0	0.0	0.0	17.07784116582297	15.821769197174563	0.0	30.951951232986044	0.0	0.0	12.032187656246327	17.07784116582297	0.0	0.0	42.82918292587914	4.033085482436188	0.0	0.0	1.3443618274787292	0.0	0.0	0.0	0.0	0.0	12.436328823040153	0.0	0.0	0.0	0.0	0.0	0.0	0.0	0.0	9.973836713639582	4.928183204062936	9.973836713639582	0.0	0.0	0.0	0.0	0.0	0.0	0.0	0.0	0.0	0.0	0.0	0.0	119.5448881607608	9.973836713639582	0.0	14.784549612188808	0.0	4.928183204062936	0.0	0.0	5.332324370856766	0.0	0.0	0.0	79.53614050517655	0.0	0.0	3.543360162653247	0.0	0.0	0.0	0.0	0.0	0.0	0.0	53.97607915695505	0.0	0.0	9.973836713639582	9.856366408125872	0.0	0.0
CABAS1400506_acpa-accepte	acpa-accepte	0.0	0.0	0.0	0.0	0.0	4.815782786180387	0.0	0.0	0.0	0.0	0.0	0.0	0.0	0.0	9.74635665291839	0.0	0.0	16.740939477296724	16.740939477296724	19.49271330583678	0.0	0.0	5.082247876526323	25.111409215945088	0.0	9.74635665291839	0.0	0.0	0.0	0.0	0.0	0.0	0.0	0.0	0.0	26.3725050496575	26.3725050496575	0.0	0.0	0.0	0.0	1.7312721717076942	0.0	0.0	0.0	0.0	0.0	33.37667051163577	5.210706431191805	9.74635665291839	0.0	0.0	0.0	0.0	41.852348693241815	0.0	0.0	0.0	0.0	0.0	25.111409215945088	0.0	3.9411001655737503	0.0	0.0	0.0	0.0	9.48310254116266	0.0	23.630313858717383	1.31370005519125	0.0	0.0	0.0	0.0	0.0	0.0	0.0	0.0	0.0	0.0	0.0	0.0	0.0	0.0	0.0	0.0	0.0	0.0	0.0	0.0	2.6274001103825	9.74635665291839	9.74635665291839	0.0	0.0	0.0	0.0	0.0	0.0	0.0	23.630313858717383	11.757761389079887	4.815782786180387	0.0	0.0	0.0	0.0	0.0	0.0	0.0	0.0	10.42141286238361	5.082247876526323	0.0	0.0	15.460911372745974	0.0	0.0	0.0	0.0	0.0	0.0	0.0	16.688335255817886	0.0	0.0	0.0	9.631565572360774	0.0	0.0	0.0	0.0	0.0	0.0	0.0	0.0	0.0	0.0	20.328991506105293	9.74635665291839	52.745010099315	9.74635665291839	5.210706431191805	0.0	0.0	0.0	24.305370068182604	16.688335255817886	0.0	0.0	0.0	0.0	5.210706431191805	0.0	0.0	0.0	0.0	0.0	1.7312721717076942	0.0	0.0	0.0	0.0	0.0	0.0	0.0	0.0	16.36205187592942	0.0	5.210706431191805	0.0	0.0	3.4625443434153884	0.0	5.082247876526323	0.0	0.0	0.0	0.0	0.0	0.0	0.0	0.0	0.0	0.0	0.0	0.0	0.0	0.0	16.688335255817886	0.0	0.0	0.0	0.0	0.0	0.0	0.0	26.3725050496575	0.0	0.0	4.815782786180387	4.815782786180387	0.0	9.74635665291839	9.74635665291839	0.0	26.405127987818016	0.0	0.0	0.0	0.0	0.0	0.0	0.0	0.0	0.0	19.49271330583678	0.0	16.688335255817886	0.0	0.0	0.0	0.0	0.0	0.0	16.688335255817886	15.460911372745974	0.0	15.123004540864205	0.0	0.0	11.757761389079887	0.0	0.0	0.0	50.222818431890175	2.6274001103825	0.0	0.0	3.9411001655737503	0.0	0.0	0.0	0.0	0.0	12.152685034091302	0.0	0.0	0.0	9.74635665291839	0.0	0.0	0.0	0.0	0.0	0.0	0.0	0.0	0.0	0.0	0.0	16.688335255817886	0.0	0.0	0.0	0.0	0.0	0.0	0.0	0.0	0.0	0.0	0.0	0.0	0.0	0.0	0.0	0.0	0.0	0.0	0.0	38.861052893515996	0.0	8.18102593796471	0.0	0.0	0.0	0.0	0.0	0.0	0.0	0.0	0.0	0.0	0.0	0.0	0.0	0.0	0.0
CACHA1502356_acpa-accepte	acpa-accepte	1.6765103505296777	0.0	0.0	0.0	4.66345489685213	0.0	0.0	0.0	0.0	0.0	18.366285584907757	22.771703941162613	0.0	0.0	0.0	22.771703941162613	0.0	48.63422188019355	48.63422188019355	18.876139841668138	0.0	0.0	7.38223715617411	40.52851823349462	0.0	0.0	0.0	0.0	0.0	0.0	0.0	0.0	18.876139841668138	0.0	0.0	25.53831708710211	25.53831708710211	0.0	0.0	0.0	0.0	0.0	0.0	25.53831708710211	4.921491437449406	0.0	4.66345489685213	48.48140098368973	5.045886723199499	0.0	0.0	0.0	11.385851970581307	0.0	81.05703646698925	9.438069920834069	0.0	9.438069920834069	9.438069920834069	0.0	32.4228145867957	0.0	5.088585783359765	0.0	0.0	0.0	9.438069920834069	0.0	0.0	0.0	2.5442928916798824	0.0	1.6765103505296777	0.0	0.0	0.0	0.0	0.0	4.261651355004472	25.53831708710211	0.0	0.0	0.0	0.0	0.0	11.385851970581307	11.385851970581307	11.385851970581307	9.438069920834069	0.0	0.0	2.5442928916798824	0.0	0.0	0.0	0.0	0.0	0.0	0.0	0.0	0.0	45.76572813658484	0.0	0.0	0.0	7.922252137525445	4.66345489685213	0.0	0.0	18.366285584907757	0.0	0.0	30.275320339196995	14.76447431234822	0.0	4.66345489685213	14.97186772167848	0.0	0.0	0.0	0.0	0.0	13.444794147458353	0.0	0.0	0.0	0.0	0.0	9.32690979370426	0.0	9.438069920834069	0.0	9.438069920834069	1.6765103505296777	1.6765103505296777	0.0	0.0	0.0	0.0	9.842982874898812	0.0	25.53831708710211	0.0	10.091773446398998	0.0	0.0	0.0	23.536567593857345	16.160466994563244	0.0	16.160466994563244	0.0	0.0	15.137660169598497	13.99036469055639	13.99036469055639	0.0	4.261651355004472	0.0	0.0	0.0	0.0	0.0	0.0	5.045886723199499	0.0	0.0	0.0	7.922252137525445	0.0	0.0	0.0	0.0	10.059062103178064	0.0	4.921491437449406	0.0	9.438069920834069	9.438069920834069	0.0	0.0	0.0	20.183546892797995	0.0	0.0	0.0	0.0	15.137660169598497	11.385851970581307	4.66345489685213	16.160466994563244	0.0	0.0	0.0	0.0	0.0	0.0	0.0	0.0	7.922252137525445	4.66345489685213	0.0	0.0	4.66345489685213	0.0	0.0	0.0	0.0	0.0	0.0	0.0	0.0	9.438069920834069	0.0	0.0	0.0	9.438069920834069	0.0	27.54942837736164	0.0	5.045886723199499	20.183546892797995	0.0	10.091773446398998	0.0	0.0	0.0	44.91560316503544	0.0	14.644649211254618	0.0	0.0	0.0	16.160466994563244	9.438069920834069	0.0	48.63422188019355	2.5442928916798824	0.0	0.0	5.088585783359765	0.0	0.0	0.0	18.876139841668138	0.0	23.536567593857345	9.438069920834069	0.0	0.0	0.0	0.0	9.438069920834069	9.438069920834069	25.53831708710211	0.0	0.0	0.0	25.53831708710211	1.6765103505296777	0.0	0.0	0.0	0.0	0.0	4.66345489685213	0.0	16.160466994563244	0.0	0.0	48.48140098368973	0.0	0.0	13.99036469055639	0.0	0.0	9.183142792453879	0.0	5.045886723199499	0.0	0.0	0.0	75.26368005349173	9.438069920834069	15.84450427505089	0.0	0.0	4.66345489685213	0.0	0.0	9.438069920834069	9.438069920834069	0.0	0.0	4.66345489685213	0.0	0.0	0.0	0.0	0.0
CANAN1101988_acpa-accepte	acpa-accepte	0.0	0.0	0.0	0.0	0.0	0.0	0.0	0.0	0.0	0.0	0.0	0.0	0.0	29.748098661253238	0.0	0.0	0.0	58.40024018596776	58.40024018596776	0.0	0.0	0.0	11.819507783151368	58.40024018596776	0.0	0.0	0.0	0.0	29.04393725510945	0.0	22.66657217736384	0.0	0.0	0.0	0.0	0.0	0.0	22.66657217736384	0.0	0.0	14.521968627554726	4.026325634915433	0.0	61.33310225487799	11.819507783151368	0.0	0.0	0.0	0.0	0.0	14.521968627554726	0.0	0.0	0.0	116.80048037193552	0.0	0.0	0.0	0.0	0.0	58.40024018596776	14.521968627554726	6.110401697947933	0.0	0.0	4.026325634915433	22.66657217736384	22.054336391459955	0.0	54.95573717713238	9.1656025469219	11.199804398783074	4.026325634915433	0.0	0.0	0.0	0.0	0.0	0.0	0.0	0.0	0.0	0.0	0.0	0.0	0.0	0.0	0.0	0.0	0.0	0.0	15.276004244869831	0.0	0.0	0.0	0.0	0.0	0.0	44.7992175951323	0.0	0.0	54.95573717713238	0.0	0.0	56.52567872970621	0.0	0.0	0.0	0.0	44.10867278291991	0.0	0.0	60.591284324844196	29.548769457878418	0.0	22.39960879756615	71.91320326929277	22.84018795290256	14.521968627554726	0.0	0.0	178.48859196751943	16.144582499884272	0.0	0.0	0.0	0.0	0.0	11.199804398783074	0.0	45.33314435472768	0.0	0.0	4.026325634915433	4.026325634915433	0.0	0.0	0.0	0.0	5.909753891575684	0.0	0.0	0.0	0.0	0.0	0.0	0.0	56.52567872970621	38.81115467724811	0.0	0.0	0.0	22.66657217736384	0.0	0.0	0.0	0.0	0.0	0.0	0.0	0.0	29.748098661253238	29.748098661253238	0.0	12.118256864968838	0.0	8.052651269830866	0.0	19.026167573319512	0.0	12.118256864968838	0.0	0.0	20.13162817457717	0.0	5.909753891575684	0.0	0.0	0.0	0.0	0.0	0.0	12.118256864968838	41.86635552622207	0.0	0.0	0.0	0.0	0.0	22.39960879756615	0.0	0.0	22.84018795290256	0.0	0.0	0.0	0.0	0.0	0.0	0.0	0.0	0.0	0.0	0.0	22.66657217736384	22.66657217736384	0.0	30.704485824925754	0.0	27.34438689866735	0.0	0.0	0.0	0.0	0.0	0.0	0.0	0.0	22.054336391459955	0.0	12.118256864968838	24.236513729937677	0.0	12.118256864968838	0.0	0.0	38.81115467724811	35.95660163464638	0.0	35.17075007320378	0.0	0.0	0.0	38.81115467724811	0.0	0.0	116.80048037193552	6.110401697947933	0.0	0.0	6.110401697947933	0.0	0.0	29.04393725510945	0.0	0.0	84.78851809455932	0.0	0.0	22.66657217736384	0.0	45.68037590580512	0.0	0.0	0.0	0.0	0.0	0.0	0.0	8.052651269830866	0.0	0.0	0.0	45.33314435472768	14.521968627554726	0.0	0.0	0.0	0.0	0.0	0.0	0.0	22.84018795290256	11.199804398783074	14.521968627554726	22.39960879756615	0.0	14.521968627554726	0.0	0.0	0.0	0.0	90.37703950998744	0.0	0.0	0.0	0.0	0.0	0.0	29.04393725510945	0.0	0.0	0.0	0.0	0.0	0.0	0.0	0.0	0.0	0.0
CAPAR1507861_acpa-rejette	acpa-rejette	0.0	0.0	10.775738082805542	16.819279209488815	0.0	0.0	0.0	0.0	0.0	0.0	0.0	0.0	0.0	22.0739851363458	0.0	0.0	0.0	14.444912356736689	14.444912356736689	0.0	0.0	0.0	0.0	28.889824713473377	0.0	16.819279209488815	0.0	0.0	0.0	0.0	0.0	0.0	0.0	0.0	0.0	0.0	0.0	0.0	0.0	0.0	0.0	0.0	0.0	0.0	4.385215372840493	0.0	0.0	0.0	0.0	0.0	0.0	0.0	0.0	0.0	43.33473707021007	0.0	0.0	0.0	0.0	0.0	28.889824713473377	0.0	4.534102088120563	0.0	0.0	0.0	0.0	0.0	0.0	40.778812098838216	2.2670510440602816	0.0	0.0	0.0	0.0	0.0	16.621184341487105	0.0	0.0	0.0	0.0	16.621184341487105	10.775738082805542	0.0	0.0	0.0	0.0	0.0	0.0	0.0	0.0	0.0	0.0	0.0	0.0	0.0	0.0	0.0	0.0	10.775738082805542	0.0	0.0	0.0	0.0	20.971878006552696	0.0	0.0	0.0	0.0	0.0	0.0	0.0	8.992111561877998	0.0	0.0	0.0	0.0	0.0	0.0	0.0	0.0	0.0	0.0	0.0	28.799045654163514	0.0	0.0	0.0	0.0	0.0	0.0	0.0	0.0	0.0	0.0	0.0	0.0	0.0	0.0	8.770430745680986	16.819279209488815	0.0	0.0	0.0	0.0	7.594551071834206	0.0	20.971878006552696	0.0	10.775738082805542	0.0	0.0	0.0	0.0	0.0	0.0	0.0	15.189102143668412	0.0	0.0	0.0	22.0739851363458	22.0739851363458	16.948107343761095	17.984223123755996	23.959532889349404	0.0	0.0	14.117989354462706	0.0	0.0	0.0	0.0	2.9876548827967047	0.0	4.385215372840493	4.385215372840493	0.0	0.0	23.959532889349404	0.0	0.0	0.0	0.0	0.0	0.0	0.0	0.0	0.0	0.0	0.0	0.0	16.948107343761095	0.0	0.0	0.0	0.0	0.0	0.0	0.0	0.0	0.0	0.0	0.0	0.0	0.0	0.0	15.189102143668412	0.0	0.0	0.0	0.0	0.0	0.0	0.0	0.0	0.0	0.0	0.0	0.0	0.0	17.984223123755996	0.0	8.992111561877998	0.0	0.0	0.0	0.0	0.0	0.0	0.0	0.0	0.0	0.0	0.0	0.0	72.22456178368346	6.801153132180843	10.775738082805542	16.819279209488815	4.534102088120563	0.0	0.0	0.0	0.0	0.0	0.0	0.0	0.0	0.0	0.0	0.0	0.0	0.0	0.0	0.0	0.0	0.0	0.0	0.0	0.0	0.0	0.0	0.0	0.0	0.0	0.0	0.0	0.0	0.0	0.0	0.0	0.0	16.621184341487105	0.0	0.0	0.0	0.0	0.0	0.0	0.0	0.0	67.06248522057157	0.0	0.0	2.9876548827967047	0.0	0.0	0.0	0.0	0.0	0.0	10.775738082805542	0.0	0.0	0.0	0.0	0.0	0.0	0.0
CALYO1501346_acpa-rejette	acpa-rejette	0.0	0.0	0.0	0.0	0.0	0.0	0.0	0.0	0.0	0.0	0.0	0.0	0.0	0.0	0.0	0.0	0.0	14.08040445507772	14.08040445507772	16.39485571555132	10.503819390577668	0.0	0.0	56.32161782031088	0.0	0.0	0.0	0.0	0.0	0.0	0.0	0.0	0.0	16.201759641788122	0.0	0.0	0.0	0.0	0.0	0.0	0.0	5.8245267375881875	0.0	0.0	0.0	0.0	0.0	0.0	0.0	0.0	0.0	0.0	0.0	0.0	70.4020222753886	0.0	0.0	0.0	0.0	21.007638781155336	56.32161782031088	10.503819390577668	6.629530487761239	0.0	0.0	2.9122633687940938	16.39485571555132	0.0	0.0	0.0	6.629530487761239	0.0	2.9122633687940938	0.0	0.0	8.100879820894061	0.0	0.0	14.805815100193188	0.0	0.0	0.0	0.0	31.511458171733	31.511458171733	0.0	0.0	0.0	0.0	0.0	0.0	8.839373983681654	0.0	0.0	0.0	0.0	0.0	0.0	16.201759641788122	0.0	0.0	0.0	0.0	0.0	20.44266640199413	0.0	0.0	0.0	0.0	31.904044441383267	2.9122633687940938	0.0	0.0	0.0	0.0	0.0	0.0	0.0	0.0	0.0	0.0	21.516962580265826	0.0	0.0	0.0	0.0	0.0	0.0	16.201759641788122	0.0	32.78971143110264	0.0	0.0	2.9122633687940938	2.9122633687940938	0.0	33.04086591247971	0.0	0.0	0.0	0.0	0.0	0.0	0.0	0.0	0.0	0.0	0.0	0.0	0.0	0.0	0.0	16.39485571555132	8.76520151660002	8.100879820894061	8.100879820894061	0.0	0.0	0.0	0.0	10.503819390577668	0.0	0.0	0.0	17.53040303320004	0.0	2.9122633687940938	0.0	0.0	0.0	8.76520151660002	16.520432956239855	0.0	0.0	0.0	0.0	0.0	0.0	0.0	0.0	49.56129886871957	0.0	0.0	90.84649229059752	21.007638781155336	10.503819390577668	31.511458171733	0.0	0.0	0.0	0.0	0.0	0.0	0.0	0.0	0.0	0.0	0.0	0.0	0.0	0.0	0.0	0.0	0.0	0.0	0.0	0.0	0.0	0.0	0.0	0.0	0.0	0.0	21.007638781155336	21.007638781155336	21.007638781155336	0.0	0.0	15.952022220691633	0.0	0.0	87.65201516600021	0.0	43.826007583000106	16.520432956239855	0.0	0.0	0.0	0.0	25.439196026020102	10.503819390577668	10.503819390577668	0.0	0.0	0.0	21.007638781155336	56.32161782031088	2.2098434959204134	0.0	0.0	6.629530487761239	21.007638781155336	0.0	21.007638781155336	0.0	0.0	20.44266640199413	0.0	0.0	0.0	0.0	0.0	0.0	0.0	0.0	0.0	8.100879820894061	0.0	0.0	0.0	0.0	0.0	0.0	0.0	0.0	0.0	0.0	0.0	10.503819390577668	0.0	0.0	0.0	0.0	24.302639462682187	21.007638781155336	8.100879820894061	0.0	10.503819390577668	0.0	0.0	16.520432956239855	0.0	98.05531099964834	0.0	0.0	0.0	10.503819390577668	8.100879820894061	66.08173182495942	0.0	0.0	0.0	0.0	0.0	0.0	0.0	0.0	0.0	21.007638781155336	21.007638781155336
CAROU1501728_acpa-rejette	acpa-rejette	0.0	0.0	0.0	0.0	0.0	0.0	0.0	0.0	0.0	0.0	9.146823496502432	0.0	9.400742389027975	0.0	9.400742389027975	0.0	0.0	48.44187371162466	40.368228093020555	9.400742389027975	0.0	0.0	4.902026956924709	40.368228093020555	0.0	0.0	0.0	18.94549571784338	0.0	0.0	0.0	0.0	0.0	0.0	0.0	0.0	0.0	0.0	0.0	0.0	0.0	0.0	0.0	0.0	2.4510134784623543	0.0	0.0	0.0	5.025930259777417	9.400742389027975	0.0	0.0	0.0	0.0	72.66281056743699	0.0	0.0	0.0	0.0	0.0	40.368228093020555	0.0	5.068460445311875	0.0	0.0	0.0	0.0	9.146823496502432	0.0	0.0	2.5342302226559377	0.0	0.0	0.0	0.0	0.0	0.0	0.0	0.0	0.0	0.0	4.645010949895955	6.022846550459987	0.0	0.0	0.0	0.0	0.0	0.0	0.0	0.0	6.335575556639845	9.400742389027975	0.0	0.0	0.0	0.0	0.0	0.0	0.0	0.0	0.0	11.340820967936034	4.645010949895955	0.0	0.0	0.0	0.0	9.400742389027975	0.0	1.669879758262661	0.0	5.025930259777417	2.4510134784623543	0.0	0.0	0.0	0.0	0.0	9.47274785892169	0.0	12.337737258618604	0.0	0.0	0.0	0.0	0.0	0.0	4.645010949895955	12.337737258618604	0.0	0.0	0.0	0.0	0.0	0.0	0.0	0.0	0.0	0.0	0.0	0.0	0.0	0.0	0.0	4.244796539577723	0.0	0.0	0.0	0.0	0.0	1.669879758262661	0.0	0.0	0.0	0.0	0.0	12.734389618733166	9.47274785892169	1.669879758262661	0.0	12.337737258618604	12.337737258618604	9.47274785892169	5.025930259777417	6.695810018040079	1.669879758262661	0.0	0.0	0.0	5.025930259777417	0.0	0.0	1.669879758262661	0.0	0.0	0.0	9.400742389027975	9.400742389027975	6.695810018040079	0.0	0.0	0.0	17.36366751839602	0.0	6.022846550459987	0.0	0.0	0.0	0.0	16.096552407068053	0.0	0.0	0.0	74.56327019966832	0.0	0.0	0.0	0.0	0.0	0.0	0.0	0.0	0.0	0.0	0.0	0.0	21.223982697888616	0.0	0.0	0.0	0.0	0.0	0.0	0.0	0.0	0.0	0.0	9.146823496502432	0.0	0.0	10.051860519554834	0.0	5.025930259777417	9.47274785892169	9.47274785892169	0.0	0.0	0.0	0.0	0.0	0.0	0.0	0.0	0.0	0.0	48.44187371162466	2.5342302226559377	0.0	0.0	5.068460445311875	0.0	0.0	0.0	0.0	6.022846550459987	0.0	0.0	0.0	0.0	0.0	0.0	0.0	9.400742389027975	0.0	0.0	0.0	0.0	0.0	0.0	0.0	0.0	16.096552407068053	0.0	0.0	0.0	0.0	0.0	0.0	0.0	0.0	0.0	9.47274785892169	4.645010949895955	0.0	0.0	0.0	0.0	0.0	0.0	9.47274785892169	6.022846550459987	18.74150311896005	0.0	0.0	0.0	0.0	0.0	0.0	6.022846550459987	9.400742389027975	9.400742389027975	0.0	0.0	0.0	0.0	0.0	4.645010949895955	0.0	0.0
CAAIX1416771_acpa-rejette	acpa-rejette	0.0	0.0	0.0	0.0	0.0	0.0	14.4486097816744	14.4486097816744	0.0	0.0	21.942927208185438	0.0	0.0	0.0	0.0	27.206254616768245	22.55207023774117	38.736817908743426	38.736817908743426	45.10414047548234	0.0	0.0	0.0	19.368408954371713	0.0	0.0	0.0	0.0	0.0	0.0	0.0	0.0	0.0	0.0	14.4486097816744	0.0	0.0	0.0	0.0	22.72480897978349	0.0	0.0	0.0	0.0	5.879900313452662	0.0	0.0	0.0	12.057040554667172	0.0	0.0	0.0	0.0	0.0	58.105226863115135	0.0	0.0	0.0	0.0	0.0	19.368408954371713	14.4486097816744	0.0	0.0	0.0	0.0	0.0	21.942927208185438	0.0	0.0	3.0397672659686945	11.143227722035462	4.005986340065606	0.0	14.4486097816744	0.0	0.0	0.0	0.0	0.0	0.0	0.0	0.0	0.0	0.0	0.0	0.0	0.0	0.0	0.0	0.0	6.079534531937389	0.0	0.0	0.0	0.0	0.0	0.0	0.0	0.0	0.0	0.0	0.0	0.0	56.24013489879989	0.0	0.0	0.0	0.0	21.942927208185438	0.0	14.4486097816744	36.17112166400152	17.639700940357987	11.143227722035462	0.0	35.774964084989975	22.72480897978349	14.4486097816744	0.0	0.0	0.0	16.063026894732776	0.0	0.0	22.72480897978349	0.0	0.0	22.286455444070924	29.59782384377547	0.0	0.0	0.0	4.005986340065606	4.005986340065606	0.0	0.0	14.4486097816744	41.65486439844264	0.0	0.0	0.0	0.0	0.0	22.72480897978349	0.0	0.0	0.0	0.0	0.0	38.61509713247395	4.005986340065606	0.0	0.0	0.0	0.0	0.0	0.0	0.0	0.0	0.0	0.0	0.0	0.0	24.114081109334343	32.12605378946555	0.0	0.0	0.0	0.0	0.0	0.0	0.0	12.017959020196818	0.0	11.759800626905324	0.0	0.0	0.0	32.12605378946555	0.0	0.0	0.0	41.65486439844264	0.0	0.0	0.0	12.057040554667172	0.0	0.0	0.0	0.0	22.72480897978349	14.4486097816744	0.0	0.0	0.0	0.0	0.0	0.0	0.0	0.0	0.0	0.0	0.0	0.0	0.0	61.098759487680674	0.0	0.0	0.0	22.55207023774117	0.0	0.0	0.0	0.0	0.0	0.0	0.0	0.0	0.0	0.0	0.0	0.0	0.0	0.0	0.0	35.774964084989975	14.4486097816744	0.0	0.0	0.0	0.0	0.0	0.0	0.0	38.736817908743426	6.079534531937389	0.0	0.0	0.0	0.0	0.0	0.0	0.0	14.4486097816744	0.0	0.0	0.0	0.0	0.0	22.72480897978349	0.0	0.0	0.0	0.0	0.0	0.0	0.0	4.005986340065606	0.0	0.0	0.0	22.55207023774117	0.0	0.0	0.0	0.0	0.0	0.0	0.0	0.0	0.0	22.286455444070924	0.0	0.0	21.942927208185438	0.0	12.057040554667172	0.0	0.0	0.0	89.92049291616316	0.0	18.930055418659155	0.0	0.0	0.0	0.0	0.0	0.0	0.0	0.0	0.0	0.0	14.4486097816744	0.0	0.0	0.0	0.0
CAROU1406104_acpa-rejette	acpa-rejette	0.0	0.0	0.0	0.0	0.0	11.766887317457035	0.0	0.0	0.0	0.0	0.0	0.0	0.0	31.254342700270332	0.0	0.0	0.0	40.90482423397656	40.90482423397656	71.44276574500547	15.25726364351949	0.0	12.417968321594998	40.90482423397656	15.25726364351949	0.0	15.25726364351949	47.993323522783356	0.0	23.53377463491407	0.0	0.0	0.0	0.0	0.0	0.0	0.0	23.81425524833516	23.81425524833516	0.0	0.0	4.230191739293803	15.25726364351949	0.0	6.208984160797499	15.25726364351949	0.0	0.0	0.0	0.0	0.0	30.51452728703898	0.0	0.0	102.26206058494141	23.81425524833516	0.0	0.0	0.0	15.25726364351949	61.35723635096485	0.0	9.629687137924106	0.0	0.0	8.460383478587605	0.0	23.171019951723327	0.0	0.0	3.2098957126413685	0.0	0.0	0.0	0.0	0.0	0.0	0.0	21.50610326025665	0.0	11.766887317457035	0.0	0.0	15.25726364351949	15.25726364351949	0.0	0.0	0.0	0.0	0.0	0.0	6.419791425282737	0.0	0.0	0.0	0.0	15.25726364351949	0.0	0.0	15.25726364351949	0.0	0.0	0.0	0.0	0.0	0.0	0.0	0.0	0.0	23.171019951723327	0.0	0.0	12.731844051632025	6.208984160797499	0.0	0.0	37.777202591104846	0.0	0.0	0.0	0.0	31.254342700270332	16.962035790925828	0.0	0.0	0.0	0.0	0.0	11.766887317457035	0.0	0.0	0.0	0.0	0.0	0.0	23.81425524833516	47.993323522783356	0.0	43.98618675190236	0.0	0.0	0.0	0.0	0.0	0.0	10.753051630128326	0.0	0.0	0.0	0.0	0.0	0.0	0.0	0.0	0.0	0.0	0.0	10.753051630128326	0.0	4.230191739293803	0.0	0.0	0.0	0.0	0.0	0.0	4.230191739293803	0.0	19.98952499051068	0.0	12.731844051632025	23.996661761391678	0.0	4.230191739293803	0.0	6.208984160797499	0.0	0.0	0.0	0.0	47.993323522783356	0.0	12.731844051632025	131.95856025570706	30.51452728703898	0.0	0.0	0.0	0.0	0.0	0.0	0.0	0.0	0.0	0.0	0.0	0.0	0.0	0.0	0.0	0.0	0.0	0.0	0.0	0.0	0.0	0.0	75.27136141089828	0.0	28.728923108382865	0.0	0.0	0.0	15.25726364351949	15.25726364351949	15.25726364351949	0.0	0.0	23.171019951723327	0.0	38.19553215489608	0.0	0.0	0.0	0.0	23.996661761391678	0.0	37.777202591104846	0.0	73.903121562873	0.0	0.0	28.728923108382865	40.77629103926099	0.0	15.25726364351949	102.26206058494141	3.2098957126413685	0.0	0.0	9.629687137924106	15.25726364351949	0.0	0.0	23.81425524833516	0.0	29.69387984255785	0.0	0.0	0.0	23.81425524833516	71.98998528417505	0.0	0.0	0.0	23.81425524833516	0.0	0.0	0.0	0.0	0.0	0.0	0.0	0.0	0.0	0.0	0.0	40.77629103926099	15.25726364351949	0.0	0.0	0.0	0.0	0.0	0.0	0.0	23.171019951723327	0.0	12.731844051632025	15.25726364351949	23.996661761391678	0.0	47.476563077964805	0.0	0.0	0.0	0.0	0.0	23.996661761391678	0.0	0.0	0.0	0.0	0.0	11.766887317457035	0.0	23.81425524833516	11.766887317457035	45.77179093055847	15.25726364351949
CAPAR1305998_acpa-rejette	acpa-rejette	0.0	0.0	0.0	0.0	0.0	0.0	0.0	0.0	0.0	0.0	13.19369197187698	0.0	0.0	0.0	0.0	0.0	0.0	23.291406775847033	23.291406775847033	13.559953292553297	0.0	0.0	0.0	23.291406775847033	8.687560464136673	0.0	0.0	0.0	0.0	0.0	0.0	0.0	0.0	0.0	0.0	0.0	0.0	0.0	0.0	0.0	0.0	0.0	0.0	0.0	0.0	0.0	0.0	0.0	0.0	0.0	8.687560464136673	0.0	0.0	0.0	58.228516939617585	0.0	0.0	0.0	0.0	0.0	34.93711016377055	0.0	5.483190906055345	0.0	0.0	0.0	0.0	0.0	0.0	0.0	3.6554606040368967	0.0	0.0	0.0	8.687560464136673	0.0	0.0	0.0	0.0	0.0	0.0	0.0	0.0	0.0	0.0	0.0	0.0	0.0	0.0	0.0	0.0	1.8277303020184483	0.0	0.0	0.0	0.0	0.0	0.0	0.0	0.0	0.0	0.0	0.0	0.0	0.0	11.382133196485375	0.0	0.0	0.0	26.38738394375396	0.0	0.0	0.0	0.0	0.0	0.0	21.510523731138587	0.0	0.0	0.0	0.0	0.0	0.0	0.0	0.0	0.0	0.0	17.796375439233937	6.70012313043507	0.0	0.0	0.0	0.0	0.0	0.0	0.0	0.0	0.0	25.045949648793655	3.5354259176550666	0.0	0.0	0.0	7.249574209559721	0.0	0.0	0.0	0.0	0.0	0.0	0.0	0.0	0.0	0.0	0.0	0.0	0.0	12.245680273133692	0.0	0.0	0.0	0.0	0.0	0.0	0.0	0.0	0.0	0.0	0.0	0.0	0.0	0.0	0.0	0.0	0.0	0.0	0.0	0.0	0.0	0.0	0.0	0.0	0.0	0.0	0.0	0.0	0.0	0.0	0.0	0.0	0.0	0.0	0.0	0.0	64.53157119341576	0.0	0.0	0.0	0.0	11.382133196485375	0.0	0.0	0.0	0.0	0.0	0.0	0.0	0.0	0.0	0.0	0.0	0.0	0.0	0.0	0.0	0.0	0.0	0.0	0.0	0.0	0.0	0.0	0.0	0.0	0.0	0.0	0.0	21.510523731138587	0.0	0.0	0.0	0.0	0.0	0.0	0.0	0.0	46.582813551694066	1.8277303020184483	0.0	0.0	5.483190906055345	0.0	0.0	0.0	0.0	0.0	0.0	0.0	0.0	0.0	0.0	0.0	0.0	0.0	0.0	0.0	0.0	0.0	0.0	0.0	0.0	0.0	0.0	0.0	8.687560464136673	0.0	0.0	0.0	0.0	0.0	0.0	0.0	0.0	6.70012313043507	0.0	0.0	13.19369197187698	0.0	7.249574209559721	0.0	0.0	0.0	27.033386982495262	13.559953292553297	0.0	0.0	0.0	0.0	0.0	0.0	0.0	0.0	0.0	0.0	0.0	8.687560464136673	0.0	0.0	0.0	0.0
CAVER1501683_acpa-rejette	acpa-rejette	3.1016064127151366	0.0	0.0	0.0	0.0	0.0	11.186733290989215	11.186733290989215	0.0	0.0	0.0	0.0	0.0	0.0	0.0	0.0	0.0	44.98755835696492	44.98755835696492	52.38233962742469	0.0	0.0	4.552470969741711	14.995852785654971	0.0	0.0	0.0	0.0	0.0	0.0	0.0	0.0	0.0	0.0	11.186733290989215	0.0	0.0	0.0	0.0	0.0	11.186733290989215	3.1016064127151366	11.186733290989215	0.0	0.0	0.0	0.0	0.0	0.0	0.0	0.0	0.0	0.0	0.0	74.97926392827485	0.0	0.0	17.460779875808228	0.0	0.0	29.991705571309943	0.0	4.707036342583063	0.0	0.0	3.1016064127151366	0.0	0.0	0.0	0.0	4.707036342583063	0.0	0.0	0.0	0.0	0.0	34.510259024442156	0.0	0.0	0.0	0.0	0.0	0.0	0.0	0.0	0.0	0.0	0.0	0.0	0.0	0.0	4.707036342583063	0.0	0.0	0.0	0.0	0.0	17.460779875808228	0.0	0.0	17.460779875808228	0.0	0.0	0.0	21.77176208883745	0.0	0.0	0.0	0.0	16.989155220518004	0.0	11.186733290989215	18.670155676122313	9.104941939483423	8.627564756110539	0.0	27.698511328134337	0.0	0.0	0.0	0.0	0.0	0.0	11.186733290989215	0.0	17.594521617432346	11.186733290989215	0.0	17.255129512221078	0.0	0.0	0.0	17.460779875808228	0.0	0.0	0.0	0.0	11.186733290989215	64.5019645957521	9.104941939483423	0.0	0.0	0.0	9.335077838061157	17.594521617432346	0.0	0.0	21.77176208883745	29.89746412658452	0.0	0.0	0.0	0.0	9.335077838061157	0.0	0.0	0.0	15.768426562069159	0.0	0.0	0.0	0.0	0.0	0.0	9.335077838061157	12.436684250776292	0.0	11.186733290989215	0.0	0.0	0.0	0.0	0.0	6.203212825430273	0.0	4.552470969741711	0.0	0.0	0.0	12.436684250776292	0.0	0.0	9.335077838061157	0.0	0.0	0.0	0.0	9.335077838061157	0.0	8.627564756110539	0.0	21.064249006886836	0.0	11.186733290989215	0.0	0.0	0.0	0.0	0.0	0.0	0.0	8.627564756110539	8.627564756110539	0.0	0.0	0.0	0.0	0.0	0.0	0.0	0.0	0.0	17.460779875808228	0.0	0.0	0.0	0.0	0.0	0.0	0.0	0.0	18.670155676122313	0.0	9.335077838061157	0.0	0.0	0.0	55.397022656268675	11.186733290989215	0.0	0.0	0.0	0.0	0.0	0.0	0.0	59.983411142619886	2.3535181712915314	0.0	0.0	4.707036342583063	0.0	11.186733290989215	0.0	0.0	0.0	0.0	0.0	0.0	0.0	0.0	17.594521617432346	0.0	0.0	0.0	0.0	8.627564756110539	0.0	0.0	3.1016064127151366	0.0	0.0	0.0	0.0	0.0	0.0	0.0	0.0	0.0	0.0	0.0	0.0	0.0	8.627564756110539	0.0	0.0	16.989155220518004	0.0	9.335077838061157	11.186733290989215	0.0	0.0	34.81015083275473	0.0	0.0	3.1016064127151366	0.0	0.0	0.0	0.0	0.0	0.0	0.0	0.0	0.0	0.0	0.0	0.0	0.0	0.0
CAFOR1400518_acpa-rejette	acpa-rejette	5.276541122515681	19.95486735836405	0.0	0.0	0.0	0.0	0.0	0.0	0.0	0.0	0.0	0.0	0.0	12.995063004142173	0.0	0.0	0.0	17.007581096539564	17.007581096539564	9.901591926492893	0.0	0.0	5.163195472390237	25.511371644809348	0.0	0.0	0.0	0.0	0.0	0.0	0.0	0.0	0.0	0.0	0.0	0.0	0.0	0.0	0.0	19.95486735836405	0.0	0.0	0.0	0.0	0.0	0.0	0.0	0.0	0.0	0.0	0.0	0.0	0.0	0.0	42.518952741348905	0.0	0.0	0.0	0.0	0.0	17.007581096539564	0.0	2.669248073621439	6.343729708851903	6.343729708851903	0.0	0.0	19.26828966012941	12.687459417703806	0.0	1.3346240368107194	0.0	1.7588470408385604	6.343729708851903	0.0	0.0	0.0	0.0	8.941898715348932	0.0	0.0	0.0	0.0	0.0	0.0	35.83510004496389	35.83510004496389	35.83510004496389	0.0	0.0	0.0	2.669248073621439	0.0	0.0	0.0	0.0	0.0	0.0	0.0	0.0	0.0	0.0	0.0	0.0	0.0	0.0	0.0	0.0	0.0	0.0	0.0	0.0	10.587400106062052	5.163195472390237	0.0	0.0	31.414330641956152	0.0	0.0	9.977433679182026	6.343729708851903	12.995063004142173	7.052547093869586	0.0	0.0	0.0	0.0	12.995063004142173	4.892486254451708	0.0	0.0	0.0	0.0	1.7588470408385604	1.7588470408385604	0.0	9.977433679182026	0.0	18.288763057173195	7.744793208585357	0.0	0.0	0.0	5.293700053031026	9.977433679182026	0.0	0.0	0.0	0.0	0.0	0.0	1.7588470408385604	0.0	0.0	0.0	0.0	0.0	0.0	0.0	0.0	0.0	0.0	0.0	0.0	0.0	0.0	0.0	0.0	0.0	0.0	0.0	0.0	0.0	3.5176940816771207	6.343729708851903	0.0	0.0	0.0	0.0	0.0	0.0	0.0	0.0	0.0	0.0	0.0	0.0	0.0	0.0	0.0	0.0	0.0	0.0	0.0	47.12149596293423	0.0	0.0	0.0	0.0	0.0	0.0	0.0	0.0	0.0	9.901591926492893	9.901591926492893	0.0	13.4128480730234	29.704775779478684	11.945033348321294	0.0	0.0	0.0	0.0	0.0	0.0	0.0	0.0	9.634144830064704	0.0	0.0	0.0	0.0	0.0	0.0	0.0	0.0	0.0	0.0	0.0	0.0	0.0	0.0	0.0	0.0	0.0	42.518952741348905	0.0	0.0	0.0	4.003872110432158	0.0	0.0	0.0	0.0	0.0	0.0	0.0	0.0	0.0	0.0	0.0	0.0	0.0	0.0	0.0	0.0	9.901591926492893	0.0	0.0	0.0	0.0	0.0	0.0	0.0	0.0	0.0	0.0	0.0	0.0	0.0	0.0	0.0	9.784972508903415	0.0	0.0	9.634144830064704	0.0	0.0	0.0	0.0	0.0	39.48001302314678	0.0	8.311329377991171	0.0	0.0	0.0	0.0	0.0	0.0	0.0	0.0	0.0	4.892486254451708	0.0	0.0	0.0	0.0	0.0
CADIJ1500876_acpa-rejette	acpa-rejette	4.371786781865694	16.533259824115	0.0	0.0	4.0535847709785395	4.0535847709785395	0.0	0.0	8.203792541093962	4.0535847709785395	39.91101940145205	9.89685054823161	0.0	0.0	0.0	0.0	0.0	35.22834206298728	35.22834206298728	32.81517016437585	0.0	4.0535847709785395	4.277876206074684	42.27401047558474	0.0	0.0	10.511974812645855	24.799889736172503	5.2559874063229275	0.0	0.0	0.0	8.203792541093962	0.0	0.0	0.0	0.0	0.0	0.0	8.2666299120575	0.0	1.457262260621898	0.0	0.0	2.138938103037342	0.0	4.0535847709785395	0.0	4.386003516631171	0.0	5.2559874063229275	0.0	9.89685054823161	8.203792541093962	77.50235253857201	0.0	0.0	0.0	0.0	0.0	42.27401047558474	0.0	6.634677817245037	0.0	0.0	0.0	0.0	23.946611640871236	0.0	0.0	2.211559272415012	8.107169541957079	0.0	0.0	0.0	0.0	0.0	0.0	3.704327674215726	0.0	0.0	0.0	0.0	0.0	0.0	0.0	0.0	0.0	0.0	0.0	0.0	7.740457453452543	0.0	8.203792541093962	10.511974812645855	0.0	5.2559874063229275	0.0	4.0535847709785395	0.0	0.0	0.0	9.89685054823161	4.0535847709785395	30.687807881652716	6.886208042497037	4.0535847709785395	8.203792541093962	0.0	7.982203880290411	0.0	0.0	13.158010549893515	6.416814309112027	0.0	4.0535847709785395	13.013899851517193	8.2666299120575	5.2559874063229275	0.0	0.0	0.0	11.686531554506137	5.2559874063229275	0.0	8.2666299120575	5.2559874063229275	0.0	12.160754312935621	10.766834437923366	0.0	4.0535847709785395	0.0	1.457262260621898	1.457262260621898	0.0	0.0	0.0	15.152837954554535	12.833628618224054	0.0	0.0	8.203792541093962	4.386003516631171	0.0	0.0	8.203792541093962	10.22926929388424	0.0	0.0	0.0	1.457262260621898	0.0	4.386003516631171	4.0535847709785395	4.0535847709785395	0.0	7.408655348431452	16.533259824115	1.457262260621898	5.2559874063229275	10.766834437923366	10.766834437923366	0.0	4.386003516631171	0.0	0.0	5.2559874063229275	6.886208042497037	16.407585082187925	4.386003516631171	0.0	8.203792541093962	4.371786781865694	5.2559874063229275	2.138938103037342	2.138938103037342	0.0	0.0	0.0	0.0	0.0	4.386003516631171	0.0	0.0	0.0	0.0	8.772007033262343	9.89685054823161	0.0	0.0	0.0	8.2666299120575	0.0	26.027799703034386	0.0	5.2559874063229275	5.2559874063229275	0.0	6.886208042497037	4.0535847709785395	0.0	0.0	4.0535847709785395	0.0	0.0	0.0	7.408655348431452	0.0	0.0	0.0	0.0	0.0	0.0	0.0	0.0	0.0	0.0	15.964407760580823	14.04705831834703	8.772007033262343	17.544014066524685	4.0535847709785395	8.772007033262343	0.0	0.0	0.0	65.06949925758596	0.0	38.188421459250314	5.2559874063229275	5.2559874063229275	9.89685054823161	0.0	0.0	0.0	84.54802095116948	3.3173389086225185	0.0	0.0	6.634677817245037	0.0	5.2559874063229275	0.0	0.0	0.0	10.22926929388424	0.0	5.2559874063229275	8.203792541093962	0.0	0.0	0.0	0.0	0.0	0.0	0.0	0.0	0.0	0.0	0.0	0.0	0.0	0.0	5.2559874063229275	4.0535847709785395	0.0	0.0	0.0	10.511974812645855	0.0	0.0	24.799889736172503	8.107169541957079	0.0	0.0	7.982203880290411	0.0	0.0	0.0	0.0	5.2559874063229275	81.7762029494946	0.0	6.886208042497037	0.0	5.2559874063229275	0.0	0.0	0.0	0.0	0.0	0.0	0.0	0.0	0.0	0.0	0.0	0.0	0.0
CALYO1406491_acpa-rejette	acpa-rejette	1.7504204027596832	9.929631783611631	6.3133368929415274	0.0	0.0	0.0	0.0	0.0	0.0	0.0	0.0	0.0	0.0	12.932803643205418	0.0	11.887804680603587	0.0	8.463048878536704	8.463048878536704	29.562460166525476	0.0	0.0	17.984605090501695	59.241342149756925	0.0	0.0	0.0	0.0	6.3133368929415274	0.0	0.0	0.0	0.0	0.0	0.0	0.0	0.0	0.0	0.0	0.0	0.0	0.0	0.0	0.0	2.5692292986431	0.0	0.0	16.872911721941207	10.536675860679399	0.0	0.0	0.0	0.0	0.0	67.70439102829363	0.0	6.3133368929415274	0.0	0.0	0.0	42.31524439268352	0.0	6.641149258019539	12.626673785883055	12.626673785883055	1.7504204027596832	0.0	19.175975263484965	6.3133368929415274	0.0	0.0	0.0	0.0	0.0	0.0	0.0	0.0	9.854153388841826	0.0	0.0	0.0	0.0	0.0	0.0	0.0	0.0	0.0	0.0	0.0	0.0	0.0	3.984689554811723	0.0	0.0	0.0	12.626673785883055	0.0	0.0	0.0	0.0	0.0	0.0	0.0	0.0	12.287096263439079	0.0	0.0	0.0	0.0	0.0	1.7504204027596832	0.0	0.0	0.0	0.0	0.0	0.0	0.0	0.0	0.0	0.0	0.0	0.0	0.0	0.0	0.0	0.0	0.0	9.738092695008412	25.865607286410835	0.0	0.0	0.0	0.0	0.0	0.0	0.0	0.0	0.0	0.0	0.0	0.0	0.0	0.0	0.0	8.899058068912561	0.0	0.0	0.0	0.0	0.0	0.0	0.0	0.0	0.0	0.0	6.3133368929415274	0.0	9.929631783611631	1.7504204027596832	0.0	12.932803643205418	12.932803643205418	9.929631783611631	5.268337930339699	7.018758333099382	0.0	0.0	0.0	0.0	0.0	0.0	0.0	0.0	0.0	0.0	5.1384585972862	0.0	0.0	7.018758333099382	0.0	0.0	0.0	18.201141573545115	0.0	0.0	6.3133368929415274	0.0	0.0	0.0	0.0	11.887804680603587	0.0	0.0	0.0	0.0	6.3133368929415274	6.3133368929415274	0.0	0.0	0.0	0.0	0.0	0.0	0.0	0.0	0.0	8.899058068912561	0.0	0.0	0.0	0.0	0.0	0.0	0.0	0.0	9.854153388841826	0.0	0.0	0.0	10.536675860679399	21.073351721358797	4.869046347504206	10.536675860679399	0.0	0.0	0.0	31.263824549804028	0.0	0.0	0.0	0.0	0.0	0.0	0.0	0.0	84.63048878536704	2.656459703207816	6.3133368929415274	0.0	9.297608961227354	0.0	0.0	0.0	0.0	0.0	0.0	0.0	0.0	0.0	0.0	0.0	0.0	0.0	0.0	0.0	0.0	0.0	0.0	3.5008408055193665	6.3133368929415274	6.3133368929415274	0.0	0.0	0.0	0.0	0.0	0.0	0.0	0.0	0.0	0.0	0.0	9.738092695008412	0.0	4.869046347504206	0.0	0.0	0.0	0.0	0.0	0.0	58.936296356947295	0.0	0.0	3.5008408055193665	0.0	0.0	0.0	6.3133368929415274	0.0	0.0	0.0	0.0	0.0	0.0	0.0	0.0	0.0	0.0
CAPAR1305040_acpa-rejette	acpa-rejette	0.0	0.0	0.0	0.0	6.615367845433415	0.0	0.0	0.0	0.0	6.615367845433415	26.053588548794444	16.151458668527265	0.0	0.0	0.0	0.0	0.0	57.491937260055714	34.495162356033426	40.1652673768002	0.0	6.615367845433415	0.0	45.99354980804457	0.0	0.0	0.0	0.0	0.0	13.23073569086683	0.0	13.3884224589334	0.0	0.0	0.0	0.0	0.0	0.0	0.0	0.0	8.577664474350707	0.0	0.0	0.0	6.981406902606744	8.577664474350707	6.615367845433415	0.0	0.0	0.0	0.0	17.155328948701413	16.151458668527265	0.0	68.99032471206685	0.0	0.0	0.0	13.3884224589334	0.0	45.99354980804457	0.0	5.413829582552172	0.0	0.0	0.0	0.0	13.026794274397222	0.0	0.0	1.8046098608507237	0.0	0.0	0.0	0.0	6.615367845433415	0.0	0.0	0.0	0.0	0.0	0.0	0.0	0.0	0.0	0.0	0.0	0.0	0.0	13.3884224589334	13.3884224589334	3.6092197217014474	0.0	0.0	0.0	8.577664474350707	0.0	0.0	0.0	0.0	0.0	32.46060410512109	0.0	0.0	16.693959295861834	44.95260549373231	13.23073569086683	0.0	0.0	0.0	2.3782223503258644	0.0	7.157868472767986	3.490703451303372	0.0	0.0	21.2384196915746	13.490971769444899	0.0	13.490971769444899	8.577664474350707	0.0	19.0721816461877	0.0	0.0	0.0	0.0	17.571254670109987	0.0	0.0	0.0	6.615367845433415	0.0	0.0	0.0	0.0	0.0	0.0	0.0	0.0	0.0	0.0	0.0	0.0	0.0	0.0	0.0	33.38791859172367	0.0	8.577664474350707	0.0	0.0	0.0	0.0	0.0	0.0	8.577664474350707	0.0	0.0	0.0	0.0	0.0	0.0	0.0	0.0	0.0	0.0	0.0	0.0	0.0	0.0	13.490971769444899	0.0	4.756444700651729	0.0	0.0	3.490703451303372	0.0	0.0	0.0	13.490971769444899	8.577664474350707	0.0	24.72912314287797	0.0	0.0	0.0	7.157868472767986	16.151458668527265	0.0	0.0	0.0	0.0	0.0	42.4768393831492	13.3884224589334	0.0	0.0	0.0	11.238151373433077	6.615367845433415	0.0	0.0	6.615367845433415	0.0	0.0	0.0	0.0	0.0	0.0	13.3884224589334	0.0	0.0	0.0	0.0	0.0	0.0	0.0	13.026794274397222	0.0	7.157868472767986	14.315736945535972	0.0	7.157868472767986	13.490971769444899	13.490971769444899	0.0	106.192098457873	0.0	0.0	0.0	0.0	0.0	0.0	13.3884224589334	0.0	68.99032471206685	3.6092197217014474	0.0	0.0	5.413829582552172	0.0	0.0	0.0	0.0	0.0	33.38791859172367	13.3884224589334	8.577664474350707	0.0	0.0	0.0	13.3884224589334	0.0	0.0	0.0	0.0	0.0	0.0	0.0	0.0	0.0	0.0	0.0	0.0	19.846103536300244	0.0	0.0	0.0	8.577664474350707	0.0	13.3884224589334	13.490971769444899	0.0	8.577664474350707	0.0	0.0	8.577664474350707	0.0	0.0	0.0	0.0	26.69141977179526	0.0	0.0	0.0	0.0	0.0	26.981943538889798	0.0	0.0	0.0	8.577664474350707	0.0	0.0	0.0	0.0	0.0	0.0	0.0
CANIM1601140_acpa-rejette	acpa-rejette	0.0	0.0	0.0	0.0	0.0	0.0	0.0	0.0	0.0	0.0	0.0	0.0	0.0	0.0	0.0	0.0	0.0	47.68905017829514	47.68905017829514	18.509295415466106	0.0	0.0	4.825845732470894	31.792700118863426	0.0	0.0	0.0	0.0	0.0	0.0	18.509295415466106	0.0	0.0	9.14564789904735	0.0	0.0	0.0	0.0	0.0	0.0	0.0	0.0	0.0	0.0	0.0	0.0	0.0	0.0	0.0	0.0	0.0	0.0	0.0	0.0	79.48175029715857	0.0	11.858493875398242	0.0	0.0	0.0	31.792700118863426	0.0	4.989692717958981	0.0	0.0	0.0	0.0	0.0	0.0	0.0	2.4948463589794905	0.0	3.287857115419435	11.858493875398242	0.0	0.0	0.0	0.0	8.357658350609922	0.0	9.14564789904735	0.0	0.0	0.0	0.0	22.329151982128174	22.329151982128174	22.329151982128174	18.509295415466106	0.0	0.0	4.989692717958981	0.0	0.0	23.716987750796484	0.0	0.0	0.0	0.0	0.0	0.0	0.0	0.0	0.0	69.2374531522266	0.0	0.0	0.0	0.0	18.009349815551715	0.0	0.0	0.0	0.0	0.0	9.14564789904735	0.0	0.0	0.0	0.0	0.0	0.0	13.18350408308082	0.0	0.0	0.0	0.0	24.29199888986503	18.2912957980947	0.0	0.0	0.0	0.0	0.0	0.0	0.0	0.0	0.0	0.0	0.0	0.0	0.0	0.0	0.0	0.0	8.357658350609922	0.0	0.0	0.0	0.0	0.0	0.0	0.0	9.895646967661385	0.0	0.0	0.0	8.357658350609922	0.0	0.0	0.0	0.0	0.0	0.0	9.895646967661385	13.18350408308082	3.287857115419435	0.0	0.0	0.0	0.0	0.0	0.0	0.0	0.0	0.0	4.825845732470894	0.0	0.0	13.18350408308082	0.0	11.858493875398242	9.895646967661385	0.0	0.0	0.0	0.0	0.0	0.0	9.14564789904735	0.0	0.0	0.0	0.0	0.0	0.0	0.0	0.0	0.0	0.0	0.0	9.14564789904735	9.14564789904735	0.0	0.0	0.0	18.509295415466106	0.0	0.0	0.0	0.0	0.0	0.0	0.0	0.0	0.0	0.0	18.509295415466106	36.01869963110343	0.0	0.0	19.79129393532277	0.0	9.895646967661385	0.0	0.0	31.692799498546925	0.0	0.0	0.0	0.0	0.0	0.0	0.0	0.0	0.0	47.68905017829514	2.4948463589794905	0.0	0.0	4.989692717958981	0.0	0.0	11.858493875398242	0.0	0.0	0.0	0.0	0.0	0.0	0.0	0.0	0.0	0.0	0.0	0.0	0.0	0.0	0.0	3.287857115419435	11.858493875398242	11.858493875398242	0.0	0.0	0.0	0.0	37.01859083093221	0.0	0.0	0.0	63.38559899709385	0.0	0.0	36.5825915961894	0.0	0.0	18.009349815551715	0.0	0.0	0.0	0.0	0.0	73.80098366775461	0.0	0.0	3.287857115419435	0.0	9.14564789904735	0.0	0.0	0.0	0.0	0.0	0.0	0.0	0.0	0.0	0.0	0.0	0.0
CAPAR1507851_acpa-rejette	acpa-rejette	0.0	0.0	10.98310097855798	0.0	0.0	0.0	0.0	0.0	0.0	0.0	0.0	0.0	0.0	22.49876582825709	0.0	0.0	0.0	14.722883000804464	14.722883000804464	0.0	0.0	0.0	0.0	14.722883000804464	0.0	0.0	0.0	0.0	0.0	0.0	0.0	0.0	0.0	0.0	0.0	0.0	0.0	0.0	0.0	0.0	0.0	0.0	0.0	0.0	0.0	0.0	0.0	0.0	0.0	0.0	0.0	0.0	0.0	0.0	29.445766001608927	0.0	0.0	0.0	0.0	0.0	14.722883000804464	0.0	2.310677036609697	0.0	0.0	0.0	0.0	0.0	0.0	0.0	2.310677036609697	8.470517035722663	0.0	0.0	0.0	0.0	0.0	0.0	0.0	0.0	0.0	0.0	0.0	0.0	0.0	0.0	0.0	0.0	0.0	0.0	0.0	0.0	0.0	0.0	0.0	0.0	0.0	0.0	0.0	0.0	0.0	0.0	0.0	0.0	0.0	0.0	0.0	0.0	0.0	0.0	0.0	0.0	9.165151243992703	0.0	0.0	0.0	0.0	0.0	0.0	0.0	0.0	0.0	0.0	0.0	0.0	0.0	0.0	0.0	0.0	0.0	0.0	0.0	0.0	0.0	0.0	0.0	0.0	0.0	0.0	8.939204513421556	17.14294097767095	0.0	0.0	0.0	0.0	0.0	0.0	0.0	0.0	0.0	0.0	0.0	0.0	0.0	0.0	0.0	0.0	7.740696801258367	0.0	0.0	0.0	22.49876582825709	22.49876582825709	17.274248215905462	9.165151243992703	12.210299057969147	0.0	0.0	0.0	0.0	0.0	0.0	0.0	3.045147813976444	0.0	4.469602256710778	0.0	0.0	0.0	12.210299057969147	0.0	0.0	0.0	0.0	0.0	0.0	0.0	0.0	0.0	0.0	0.0	0.0	0.0	0.0	0.0	0.0	0.0	0.0	0.0	0.0	0.0	0.0	0.0	0.0	0.0	0.0	0.0	15.481393602516734	0.0	0.0	0.0	0.0	0.0	0.0	0.0	0.0	0.0	0.0	0.0	0.0	0.0	0.0	0.0	0.0	0.0	0.0	0.0	0.0	0.0	0.0	0.0	0.0	0.0	0.0	0.0	0.0	29.445766001608927	2.310677036609697	10.98310097855798	0.0	2.310677036609697	0.0	0.0	0.0	0.0	0.0	0.0	0.0	0.0	0.0	0.0	0.0	0.0	0.0	0.0	0.0	0.0	0.0	0.0	0.0	0.0	0.0	0.0	0.0	0.0	0.0	17.14294097767095	0.0	0.0	0.0	0.0	0.0	0.0	0.0	0.0	0.0	0.0	0.0	0.0	0.0	0.0	0.0	34.17650101508511	0.0	0.0	0.0	0.0	0.0	0.0	0.0	0.0	0.0	0.0	0.0	0.0	0.0	0.0	0.0	0.0	0.0
