@id	@sens-resultat	absence	absence de décision	abus	abus de droit	abus de procédure	abus leur droit	abusif	abusif en application	accorder	accueillir	adversaire	adversaire au paiement	ainsi	ajouter	allouer	alléguer	alors	amende	amende civil	août	appel	application	application du disposition	article	articler	attendre	attendu	aucun	aucun faute	auquel	autre	autre demande	avocat	avocat engager	avocat engager devant	avril	bâtiment	caractère	caractériser	cause	cause de appel	causer	cesser	charge	chef	civil	code	code civil	code de procédure	comme	compte	conclusion	condamnation	condamnation au titre	condamnation de monsieur	condamnation ne appartenir	condamne	condamner	condamner monsieur	condamner à verser	confirmation	confirme	confirmer	confirmer le décision	confirmer le jugement	consort	consort riehl	constituer	conséquence	contestation	contester	contractuel	contrat	contrat de travail	cour	demande	demande de dommage	demande de dommages	demande fin	demande former	demander	dernier	destiner	destiner l initiative	deux	devant	devant le cour	devoir	devoir prendre	devoir se étendre	disposition	dit	dolosif	dommage	dommage et intérêt	dommages intérêts	donc	dont	droit	dès	dès lors	débat	déboute	débouter	décision	décision de justice	décision devoir	déclare	déduire	défaut	déférer	dégénérer	dégénérer en abus	déjà rendre	démontrer	dépens	dépens de appel	dépens de premier	détailler	effet	encontre du appelant	engager	entier	entier dépens	entre	entreprendre	espèce	euro	euro par application	euro à titre	exposer	exposer détailler	faire	faire dégénérer	fait	faute	faute même non	fin	financier	fixer	foi	foi fois	fois	fondement	fonder	former	formuler	frai	frai frais	frais	frais de avocat	frais irrépétibles	février	gain	gain de cause	grossier	grossier ou dolosif	hauteur de appel	in	in solidum	indemnisation	initiative	instance	interjeter	intérêt	intérêt pour abus	intérêt pour procédure	intérêts	intérêts pour procédure	irrecevable	irrépétibles	jacques	jacques riehl	janvier	juge	jugement	jugement déférer	jugement entreprendre	jugement rendre	juridiction	juridiction saisir	justice déjà rendre	justifier	lequel	lieu	lieu à application	légitimement	légitimement penser	madame	madame michelle	madame michelle riehl	manifestement	michelle	michelle riehl	monsieur	montant	moyen	ni	non	non grossier	observation	observation oral	observer	obtenir	obtenir gain	oral	outre	paiement	particulier	partie qui pouvoir	payer	payer le somme	payer payer	payer un amende	penser	percevoir	permettre	pierre	pièce	pourtant	pouvoir légitimement penser	premier	premier foi	premier foi fois	premier instance	prendre	prendre en charge	prise	procédure	procédure abusif	procédure civil	procédure civil déclare	procédure civil vu	procédure de appel	produire	précisément	préjudice	préjudice du dommages	présent	prétention	public	qualité pour solliciter	quoi	quoi le consort	recevable	reconventionnel	rendre	revanche	riehl	riehl avoir faire	riehl in	riehl in solidum	régler	régulier	résulter	saisir	salaire	sarl	sarl axiome	sarl axiome bâtiment	savoir	sci	société axiome	solidum	solliciter	solliciter le condamnation	somme	sorte	soutenir	statuer	subir	succomber	suivant	supporter	supporter le dépens	surplus	tant	tel	tel condamnation	terme	texte	titre	titre de dommage	titre de dommages	titre du disposition	tout	tout son disposition	travail	tribunal	trésor	trésor public	verser	verser du dommage	verser le somme	verser un amende	verser à monsieur	vocation	voir	vu	vu le conclusion
CAVER1501501_acpa-accepte	acpa-accepte	0.0	0.0	0.0	0.0	0.0	0.0	43.54911942861805	0.0	0.0	0.0	7.258186571436339	0.0	0.0	0.0	3.6290932857181697	0.0	7.258186571436339	21.774559714309024	21.774559714309024	0.0	43.54911942861805	0.0	0.0	8.02296279161636	0.0	0.0	0.0	0.0	0.0	0.0	6.444036729791978	0.0	0.0	0.0	0.0	0.0	0.0	3.6290932857181697	0.0	0.0	0.0	3.6290932857181697	0.0	0.0	0.0	32.09185116646544	8.02296279161636	0.0	8.02296279161636	0.0	0.0	12.888073459583955	0.0	0.0	0.0	0.0	3.6290932857181697	8.02296279161636	0.0	0.0	0.0	0.0	0.0	0.0	0.0	0.0	0.0	0.0	0.0	7.258186571436339	7.258186571436339	3.6290932857181697	0.0	0.0	12.888073459583955	8.02296279161636	0.0	0.0	0.0	0.0	3.6290932857181697	0.0	0.0	0.0	3.6290932857181697	6.444036729791978	0.0	0.0	0.0	0.0	0.0	0.0	0.0	0.0	0.0	10.887279857154509	0.0	0.0	12.888073459583955	0.0	0.0	0.0	0.0	0.0	0.0	0.0	0.0	0.0	0.0	19.332110189375932	0.0	0.0	0.0	0.0	0.0	8.02296279161636	0.0	0.0	0.0	0.0	0.0	8.744012991654898	0.0	0.0	6.444036729791978	0.0	0.0	0.0	0.0	0.0	32.06584563919917	0.0	0.0	0.0	3.6290932857181697	8.744012991654898	0.0	3.6290932857181697	0.0	0.0	0.0	0.0	0.0	7.646369327859737	0.0	0.0	0.0	0.0	0.0	5.114919705936728	0.0	3.6290932857181697	0.0	0.0	0.0	0.0	0.0	0.0	3.6290932857181697	0.0	0.0	0.0	55.43573079036652	0.0	15.292738655719473	0.0	0.0	10.887279857154509	26.232038974964695	6.444036729791978	3.6290932857181697	0.0	0.0	0.0	10.229839411873456	0.0	0.0	0.0	0.0	0.0	0.0	0.0	0.0	0.0	12.37310627737307	0.0	0.0	0.0	0.0	0.0	0.0	3.6290932857181697	0.0	0.0	69.29466348795815	12.888073459583955	0.0	0.0	0.0	0.0	0.0	0.0	0.0	0.0	0.0	0.0	0.0	0.0	3.6290932857181697	0.0	0.0	0.0	0.0	0.0	0.0	0.0	6.444036729791978	0.0	0.0	0.0	0.0	12.888073459583955	0.0	0.0	8.744012991654898	0.0	0.0	0.0	40.1148139580818	21.774559714309024	8.02296279161636	0.0	0.0	0.0	0.0	0.0	3.6290932857181697	0.0	0.0	0.0	0.0	0.0	0.0	0.0	0.0	3.6290932857181697	0.0	0.0	0.0	0.0	0.0	0.0	0.0	0.0	0.0	0.0	0.0	0.0	0.0	0.0	0.0	25.40365300002719	0.0	0.0	0.0	0.0	19.332110189375932	0.0	0.0	3.6290932857181697	0.0	0.0	0.0	3.6290932857181697	0.0	0.0	0.0	0.0	0.0	6.444036729791978	0.0	29.032746285745368	0.0	12.888073459583955	0.0	0.0	0.0	0.0	0.0	0.0	0.0	4.63882757507825	0.0	0.0	0.0	3.6290932857181697	0.0	17.488025983309797	0.0	0.0
CACHA1502356_acpa-accepte	acpa-accepte	3.499234925783417	0.0	4.7481659299745305	0.0	0.0	0.0	11.824001482425812	0.0	0.0	0.0	0.0	0.0	0.0	0.0	3.94133382747527	0.0	0.0	23.648002964851624	23.648002964851624	0.0	7.882667654950542	14.244497789923594	0.0	21.78310955219452	0.0	0.0	0.0	0.0	0.0	0.0	0.0	0.0	3.94133382747527	0.0	0.0	0.0	0.0	0.0	0.0	0.0	0.0	1.970666913737635	0.0	3.499234925783417	0.0	43.56621910438904	17.426487641755614	0.0	17.426487641755614	0.0	0.0	0.0	0.0	0.0	0.0	0.0	0.0	8.713243820877807	0.0	1.970666913737635	0.0	0.0	5.804122048048794	0.0	0.0	0.0	0.0	0.0	5.804122048048794	1.970666913737635	0.0	0.0	0.0	0.0	0.0	8.713243820877807	0.0	0.0	0.0	0.0	0.0	0.0	0.0	0.0	3.94133382747527	0.0	0.0	0.0	0.0	0.0	9.496331859949061	0.0	0.0	45.15398967726858	45.15398967726858	0.0	4.7481659299745305	4.7481659299745305	3.499234925783417	0.0	0.0	0.0	0.0	0.0	5.554998032473793	0.0	0.0	0.0	0.0	0.0	0.0	0.0	0.0	0.0	0.0	8.713243820877807	0.0	0.0	0.0	1.970666913737635	0.0	0.0	5.804122048048794	5.804122048048794	0.0	0.0	0.0	11.109996064947586	0.0	11.608244096097588	0.0	0.0	3.94133382747527	0.0	1.970666913737635	0.0	0.0	0.0	0.0	0.0	10.49770477735025	5.912000741212904	5.912000741212904	4.152124472504302	0.0	0.0	0.0	0.0	0.0	2.7774990162368964	0.0	0.0	0.0	0.0	0.0	0.0	0.0	0.0	0.0	0.0	0.0	0.0	0.0	0.0	24.912746835025814	0.0	6.998469851566834	0.0	0.0	0.0	0.0	0.0	0.0	0.0	11.109996064947586	0.0	0.0	0.0	0.0	0.0	0.0	0.0	3.499234925783417	0.0	0.0	0.0	0.0	0.0	0.0	0.0	0.0	0.0	0.0	0.0	0.0	0.0	0.0	0.0	1.970666913737635	0.0	0.0	0.0	0.0	0.0	0.0	0.0	0.0	12.456373417512907	0.0	0.0	30.10265978484572	0.0	15.05132989242286	0.0	0.0	0.0	0.0	0.0	3.499234925783417	1.970666913737635	0.0	3.499234925783417	0.0	0.0	0.0	0.0	0.0	0.0	26.13973146263342	7.882667654950542	17.426487641755614	0.0	0.0	0.0	0.0	0.0	3.94133382747527	0.0	0.0	0.0	1.970666913737635	0.0	0.0	0.0	0.0	0.0	1.970666913737635	0.0	0.0	0.0	0.0	0.0	0.0	0.0	1.970666913737635	0.0	0.0	0.0	0.0	0.0	1.970666913737635	5.912000741212904	0.0	0.0	0.0	0.0	10.49770477735025	0.0	0.0	0.0	0.0	3.499234925783417	0.0	1.970666913737635	0.0	0.0	0.0	0.0	0.0	0.0	0.0	15.765335309901085	9.496331859949061	0.0	0.0	2.7774990162368964	3.499234925783417	0.0	0.0	1.970666913737635	1.970666913737635	2.5189719031792372	1.970666913737635	0.0	0.0	0.0	0.0	0.0	0.0	0.0
CAMET1502360_acpa-accepte	acpa-accepte	0.0	0.0	0.0	0.0	0.0	0.0	28.717820853706165	0.0	0.0	0.0	0.0	0.0	8.649164504293392	0.0	0.0	0.0	0.0	35.8972760671327	21.538365640279622	0.0	7.179455213426541	17.298329008586784	6.374136657947839	31.743742861654503	0.0	8.649164504293392	17.298329008586784	0.0	0.0	0.0	0.0	0.0	0.0	0.0	0.0	0.0	0.0	3.5897276067132693	0.0	0.0	0.0	0.0	0.0	0.0	0.0	55.55155000789537	23.807807146240872	0.0	15.871871430827252	0.0	0.0	0.0	12.238892111006663	0.0	0.0	0.0	3.5897276067132693	15.871871430827252	0.0	3.5897276067132693	0.0	0.0	0.0	0.0	0.0	0.0	0.0	0.0	0.0	0.0	0.0	3.5897276067132693	0.0	0.0	6.374136657947839	7.935935715413626	0.0	0.0	0.0	0.0	0.0	0.0	0.0	0.0	0.0	0.0	0.0	0.0	0.0	0.0	8.649164504293392	0.0	0.0	0.0	0.0	3.5897276067132693	0.0	0.0	0.0	3.5897276067132693	3.5897276067132693	0.0	0.0	0.0	5.059436897580123	0.0	0.0	0.0	0.0	0.0	0.0	0.0	0.0	0.0	0.0	7.935935715413626	0.0	0.0	0.0	0.0	0.0	0.0	0.0	0.0	0.0	0.0	8.649164504293392	25.297184487900612	0.0	0.0	0.0	0.0	0.0	0.0	0.0	0.0	0.0	0.0	0.0	0.0	0.0	0.0	0.0	0.0	0.0	0.0	0.0	0.0	0.0	0.0	0.0	0.0	0.0	0.0	0.0	0.0	0.0	0.0	0.0	0.0	0.0	0.0	0.0	0.0	0.0	0.0	0.0	3.5897276067132693	0.0	0.0	0.0	0.0	0.0	0.0	0.0	12.238892111006663	0.0	0.0	0.0	3.5897276067132693	0.0	0.0	0.0	0.0	0.0	0.0	0.0	0.0	12.238892111006663	0.0	0.0	3.5897276067132693	0.0	0.0	0.0	0.0	0.0	0.0	3.5897276067132693	0.0	0.0	0.0	3.5897276067132693	8.649164504293392	0.0	0.0	3.5897276067132693	22.69028176434312	0.0	0.0	0.0	0.0	0.0	0.0	0.0	0.0	0.0	0.0	0.0	3.5897276067132693	0.0	0.0	0.0	0.0	0.0	0.0	0.0	0.0	47.615614292481744	14.358910426853082	23.807807146240872	0.0	0.0	0.0	0.0	0.0	3.5897276067132693	3.5897276067132693	3.5897276067132693	0.0	3.5897276067132693	0.0	0.0	0.0	0.0	0.0	3.5897276067132693	0.0	0.0	0.0	0.0	0.0	0.0	0.0	0.0	0.0	0.0	0.0	0.0	0.0	0.0	0.0	0.0	0.0	0.0	0.0	12.748273315895679	0.0	0.0	0.0	0.0	6.374136657947839	0.0	0.0	0.0	0.0	0.0	0.0	0.0	0.0	0.0	14.358910426853082	0.0	0.0	0.0	5.059436897580123	0.0	0.0	3.5897276067132693	3.5897276067132693	3.5897276067132693	9.177018113352705	0.0	0.0	0.0	0.0	0.0	0.0	0.0	0.0
CANAN1101988_acpa-accepte	acpa-accepte	0.0	0.0	0.0	0.0	0.0	0.0	25.024514492721067	0.0	0.0	0.0	0.0	0.0	7.536823340120735	0.0	0.0	0.0	6.256128623180264	18.7683858695408	18.7683858695408	0.0	0.0	15.07364668024147	5.554379490977808	20.7459618195273	0.0	0.0	0.0	16.663138472933426	0.0	0.0	5.554379490977808	0.0	0.0	0.0	0.0	0.0	0.0	3.128064311590132	0.0	21.329775303421737	0.0	3.128064311590132	0.0	0.0	7.536823340120735	41.4919236390546	20.7459618195273	3.128064311590132	13.830641213018199	3.128064311590132	0.0	5.554379490977808	10.664887651710869	0.0	0.0	0.0	3.128064311590132	20.7459618195273	5.554379490977808	0.0	3.128064311590132	0.0	9.21295573191524	0.0	0.0	0.0	0.0	0.0	27.63886719574572	0.0	0.0	0.0	0.0	0.0	11.108758981955615	62.2378854585819	0.0	0.0	3.128064311590132	0.0	18.768385869540793	0.0	0.0	0.0	3.128064311590132	0.0	0.0	31.994662955132608	0.0	0.0	15.07364668024147	0.0	0.0	71.67349421190806	71.67349421190806	0.0	0.0	22.610470020362207	22.21751796391123	3.128064311590132	3.128064311590132	0.0	0.0	91.63841981768985	4.4087590285306035	0.0	0.0	0.0	0.0	16.663138472933426	0.0	0.0	0.0	0.0	0.0	6.915320606509099	0.0	0.0	0.0	9.384192934770397	0.0	0.0	9.21295573191524	9.21295573191524	0.0	0.0	0.0	4.4087590285306035	0.0	0.0	0.0	0.0	9.384192934770397	0.0	0.0	0.0	0.0	6.256128623180264	5.554379490977808	9.384192934770397	0.0	0.0	0.0	0.0	15.07364668024147	0.0	0.0	3.128064311590132	3.128064311590132	4.4087590285306035	0.0	0.0	37.68411670060368	0.0	0.0	0.0	0.0	0.0	0.0	0.0	0.0	0.0	23.89116473730268	0.0	39.54431554875099	0.0	5.554379490977808	0.0	0.0	0.0	0.0	0.0	0.0	0.0	4.4087590285306035	10.664887651710869	0.0	0.0	0.0	6.256128623180264	0.0	0.0	22.21751796391123	0.0	21.329775303421737	0.0	0.0	0.0	10.664887651710869	0.0	0.0	0.0	0.0	0.0	35.83674710595403	5.554379490977808	0.0	0.0	6.256128623180264	0.0	0.0	0.0	0.0	0.0	0.0	0.0	0.0	6.590719258125165	0.0	0.0	23.89116473730268	0.0	11.94558236865134	0.0	0.0	0.0	5.554379490977808	0.0	16.663138472933426	0.0	0.0	5.554379490977808	0.0	0.0	0.0	0.0	0.0	0.0	41.4919236390546	12.512257246360534	13.830641213018199	0.0	0.0	0.0	11.108758981955615	0.0	18.768385869540793	0.0	6.256128623180264	6.256128623180264	0.0	0.0	0.0	0.0	0.0	0.0	0.0	5.554379490977808	0.0	0.0	0.0	0.0	0.0	6.256128623180264	3.128064311590132	0.0	0.0	0.0	0.0	0.0	0.0	0.0	0.0	0.0	22.610470020362207	0.0	5.554379490977808	0.0	0.0	6.256128623180264	3.128064311590132	0.0	3.128064311590132	0.0	0.0	0.0	0.0	5.554379490977808	0.0	0.0	0.0	12.512257246360534	0.0	0.0	0.0	30.86131319971423	0.0	0.0	6.256128623180264	0.0	0.0	0.0	0.0	0.0	0.0	0.0	0.0	7.536823340120735	0.0	0.0
CADIJ1501045_acpa-rejette	acpa-rejette	4.889308010813476	1.37675773881134	13.26875514818349	0.0	2.444654005406738	1.37675773881134	16.521092865736087	0.0	1.37675773881134	0.0	1.37675773881134	1.37675773881134	0.0	2.75351547762268	0.0	1.37675773881134	0.0	8.260546432868043	8.260546432868043	0.0	16.521092865736087	19.903132722275238	4.889308010813476	27.392816105113322	0.0	3.3171887870458723	6.634377574091745	2.444654005406738	1.37675773881134	0.0	4.889308010813476	1.37675773881134	1.37675773881134	1.37675773881134	1.37675773881134	0.0	6.883788694056699	0.0	3.3171887870458723	4.693946525857213	0.0	0.0	0.0	2.444654005406738	3.3171887870458723	33.48010857291627	24.34916987121184	0.0	24.34916987121184	0.0	0.0	0.0	18.775786103428853	1.37675773881134	0.0	1.37675773881134	0.0	6.08729246780296	0.0	1.37675773881134	1.37675773881134	1.37675773881134	4.054906433427119	0.0	2.444654005406738	5.50703095524536	5.50703095524536	2.444654005406738	0.0	0.0	0.0	0.0	0.0	0.0	2.444654005406738	33.48010857291627	4.889308010813476	7.333962016220215	0.0	2.444654005406738	0.0	0.0	1.37675773881134	1.37675773881134	0.0	2.444654005406738	2.444654005406738	14.08183957757164	1.37675773881134	1.37675773881134	13.26875514818349	6.634377574091745	1.37675773881134	21.030479341121627	21.030479341121627	8.26054643286804	3.3171887870458723	6.634377574091745	7.333962016220215	1.37675773881134	1.37675773881134	0.0	4.889308010813476	17.285528377357842	3.8808620964690657	1.37675773881134	1.37675773881134	1.37675773881134	1.37675773881134	0.0	2.444654005406738	1.37675773881134	1.37675773881134	1.37675773881134	0.0	6.08729246780296	2.444654005406738	0.0	0.0	0.0	1.37675773881134	3.3171887870458723	4.054906433427119	4.054906433427119	0.0	16.219625733708476	0.0	13.583017337641731	2.444654005406738	8.109812866854238	4.054906433427119	0.0	4.13027321643402	1.37675773881134	0.0	9.951566361137619	1.37675773881134	0.0	2.444654005406738	0.0	0.0	0.0	0.0	8.702337457707957	3.3171887870458723	4.054906433427119	0.0	0.0	0.0	1.9404310482345328	1.37675773881134	0.0	0.0	1.37675773881134	1.37675773881134	1.37675773881134	1.37675773881134	4.13027321643402	2.75351547762268	2.75351547762268	0.0	1.37675773881134	5.257619835280407	0.0	14.503895762846593	0.0	9.778616021626952	8.26054643286804	3.3171887870458723	2.444654005406738	0.0	1.37675773881134	1.37675773881134	0.0	3.8808620964690657	28.16367915514328	2.444654005406738	13.26875514818349	0.0	1.37675773881134	1.37675773881134	1.37675773881134	0.0	1.37675773881134	4.693946525857213	1.37675773881134	1.37675773881134	1.37675773881134	4.693946525857213	1.37675773881134	1.37675773881134	0.0	1.37675773881134	1.37675773881134	5.257619835280407	0.0	2.444654005406738	1.37675773881134	1.37675773881134	1.37675773881134	0.0	0.0	1.37675773881134	3.3171887870458723	1.37675773881134	0.0	0.0	5.801558305138637	1.37675773881134	1.37675773881134	21.030479341121627	2.444654005406738	10.515239670560813	0.0	2.444654005406738	0.0	0.0	0.0	0.0	0.0	1.37675773881134	9.778616021626952	0.0	0.0	3.3171887870458723	1.37675773881134	1.37675773881134	0.0	42.61104727462072	13.767577388113404	24.34916987121184	1.37675773881134	0.0	0.0	0.0	0.0	1.37675773881134	1.37675773881134	1.37675773881134	0.0	0.0	2.444654005406738	1.37675773881134	1.37675773881134	1.37675773881134	1.37675773881134	1.37675773881134	2.444654005406738	9.637304171679379	1.37675773881134	1.37675773881134	1.37675773881134	0.0	1.37675773881134	0.0	1.37675773881134	0.0	9.637304171679379	9.637304171679379	6.883788694056699	1.37675773881134	0.0	4.13027321643402	2.75351547762268	9.951566361137619	1.37675773881134	7.333962016220215	1.37675773881134	0.0	2.75351547762268	0.0	0.0	0.0	0.0	0.0	0.0	1.37675773881134	2.444654005406738	1.37675773881134	0.0	2.444654005406738	13.767577388113404	3.3171887870458723	2.444654005406738	2.444654005406738	1.9404310482345328	0.0	0.0	0.0	0.0	0.0	1.759817469596011	0.0	0.0	1.37675773881134	0.0	0.0	9.951566361137619	0.0	0.0
CALYO1501346_acpa-rejette	acpa-rejette	0.0	0.0	0.0	0.0	0.0	0.0	3.526071861472384	0.0	0.0	0.0	0.0	0.0	0.0	0.0	0.0	0.0	0.0	3.526071861472384	3.526071861472384	0.0	3.526071861472384	0.0	0.0	15.590419489346402	0.0	0.0	0.0	0.0	0.0	0.0	0.0	0.0	0.0	0.0	0.0	3.5260718614723823	0.0	0.0	0.0	12.021862886618727	0.0	0.0	0.0	0.0	0.0	19.488024361683003	15.590419489346402	1.7630359307361911	11.692814617009802	1.7630359307361911	0.0	9.391658521138345	0.0	0.0	0.0	0.0	0.0	11.692814617009802	0.0	0.0	0.0	0.0	5.1925952811985505	0.0	3.1305528403794485	0.0	0.0	0.0	10.385190562397101	0.0	0.0	0.0	5.289107792208574	5.289107792208574	9.391658521138345	15.590419489346402	0.0	0.0	1.7630359307361911	0.0	3.5260718614723823	0.0	0.0	0.0	0.0	0.0	0.0	6.010931443309364	0.0	0.0	8.495791025146344	4.247895512573172	0.0	0.0	0.0	0.0	0.0	0.0	0.0	0.0	0.0	0.0	0.0	7.378448352952623	0.0	0.0	0.0	0.0	0.0	3.1305528403794485	0.0	0.0	0.0	0.0	0.0	7.795209744673201	0.0	0.0	0.0	3.5260718614723823	0.0	0.0	5.1925952811985505	5.1925952811985505	0.0	10.385190562397101	0.0	0.0	0.0	0.0	0.0	0.0	0.0	0.0	0.0	0.0	0.0	1.7630359307361911	0.0	0.0	3.1305528403794485	1.7630359307361911	1.7630359307361911	0.0	0.0	0.0	1.7630359307361911	0.0	0.0	4.969719163673962	0.0	0.0	4.247895512573172	0.0	0.0	0.0	0.0	0.0	0.0	0.0	0.0	0.0	6.732755094410155	3.1305528403794485	0.0	0.0	0.0	0.0	0.0	0.0	0.0	0.0	0.0	9.391658521138345	0.0	18.03279432992809	0.0	8.495791025146344	1.7630359307361911	0.0	0.0	0.0	0.0	0.0	0.0	0.0	0.0	0.0	0.0	0.0	0.0	0.0	0.0	0.0	0.0	0.0	0.0	0.0	0.0	0.0	3.5260718614723823	3.5260718614723823	0.0	0.0	0.0	3.5260718614723823	0.0	3.714653441879796	0.0	0.0	67.32755094410155	0.0	33.66377547205077	3.1305528403794485	0.0	0.0	0.0	0.0	0.0	0.0	0.0	3.1305528403794485	1.7630359307361911	1.7630359307361911	0.0	0.0	0.0	3.5260718614723823	15.590419489346402	3.526071861472384	11.692814617009802	0.0	3.5260718614723823	0.0	6.261105680758897	0.0	1.7630359307361911	0.0	0.0	0.0	0.0	0.0	0.0	0.0	0.0	1.7630359307361911	1.7630359307361911	0.0	0.0	0.0	0.0	0.0	0.0	0.0	0.0	0.0	1.7630359307361911	0.0	0.0	0.0	0.0	0.0	0.0	0.0	0.0	0.0	9.391658521138345	0.0	0.0	1.7630359307361911	0.0	0.0	1.7630359307361911	0.0	0.0	3.1305528403794485	0.0	0.0	0.0	0.0	0.0	10.578215584417151	0.0	0.0	3.1305528403794485	7.454578745510943	3.1305528403794485	7.0521437229447645	0.0	0.0	0.0	0.0	0.0	0.0	0.0	0.0	0.0	0.0	6.261105680758897	3.5260718614723823
CAROU1501728_acpa-rejette	acpa-rejette	0.0	0.0	0.0	0.0	0.0	0.0	5.968412231924896	2.9842061159624467	1.4921030579812233	0.0	0.0	0.0	0.0	1.4921030579812233	0.0	0.0	0.0	17.905236695774686	14.92103057981224	0.0	2.984206115962448	7.1902084056204805	0.0	16.49322072065634	0.0	0.0	7.1902084056204805	0.0	0.0	0.0	0.0	0.0	0.0	0.0	0.0	0.0	0.0	0.0	0.0	0.0	0.0	0.0	0.0	2.649468104913474	0.0	29.687797297181408	16.49322072065634	0.0	13.194576576525073	0.0	0.0	0.0	5.087207260791464	0.0	0.0	0.0	0.0	6.597288288262536	0.0	0.0	0.0	1.4921030579812233	0.0	0.0	0.0	0.0	0.0	0.0	0.0	0.0	0.0	0.0	0.0	0.0	2.649468104913474	16.49322072065634	0.0	0.0	0.0	0.0	0.0	0.0	0.0	0.0	0.0	2.649468104913474	2.649468104913474	0.0	0.0	0.0	0.0	3.5951042028102402	0.0	5.69810534763926	5.69810534763926	0.0	3.5951042028102402	0.0	0.0	0.0	0.0	0.0	2.649468104913474	6.244572307723717	0.0	0.0	0.0	0.0	0.0	2.649468104913474	0.0	0.0	0.0	0.0	0.0	3.298644144131268	2.649468104913474	0.0	0.0	0.0	0.0	0.0	0.0	0.0	0.0	0.0	0.0	0.0	0.0	0.0	4.39462813143005	0.0	0.0	0.0	0.0	3.5951042028102402	0.0	0.0	0.0	0.0	0.0	0.0	0.0	9.43142280314425	3.5951042028102402	4.39462813143005	0.0	1.4921030579812233	1.4921030579812233	2.1030011448290176	0.0	1.4921030579812233	3.5951042028102402	0.0	0.0	0.0	0.0	0.0	0.0	0.0	0.0	0.0	5.69810534763926	0.0	3.143807601048083	0.0	0.0	0.0	0.0	5.298936209826948	1.4921030579812233	0.0	0.0	0.0	0.0	5.087207260791464	0.0	0.0	1.4921030579812233	0.0	0.0	0.0	0.0	0.0	0.0	0.0	0.0	0.0	25.436036303957327	0.0	0.0	0.0	0.0	0.0	28.4905267381963	0.0	0.0	0.0	0.0	0.0	0.0	0.0	0.0	0.0	0.0	0.0	0.0	3.143807601048083	0.0	0.0	11.39621069527852	0.0	5.69810534763926	2.649468104913474	0.0	2.649468104913474	0.0	0.0	0.0	0.0	0.0	0.0	0.0	0.0	0.0	0.0	0.0	0.0	19.791864864787605	5.968412231924896	13.194576576525073	0.0	0.0	0.0	0.0	0.0	0.0	0.0	0.0	0.0	1.4921030579812233	0.0	0.0	0.0	0.0	0.0	1.4921030579812233	0.0	0.0	0.0	0.0	0.0	0.0	0.0	0.0	0.0	0.0	0.0	0.0	0.0	0.0	0.0	0.0	0.0	3.5951042028102402	0.0	2.649468104913474	0.0	0.0	0.0	0.0	0.0	0.0	0.0	0.0	2.649468104913474	0.0	0.0	0.0	2.649468104913474	2.649468104913474	2.984206115962448	0.0	0.0	0.0	0.0	0.0	0.0	1.4921030579812233	1.4921030579812233	1.4921030579812233	0.0	0.0	0.0	0.0	0.0	1.4921030579812233	3.5951042028102402	0.0	0.0
CALYO1504370_acpa-rejette	acpa-rejette	0.0	0.0	0.0	0.0	0.0	0.0	12.43469325177243	0.0	0.0	0.0	0.0	0.0	7.490102263878904	0.0	0.0	0.0	3.108673312943106	0.0	0.0	0.0	6.217346625886215	14.980204527757808	0.0	20.61735675342199	0.0	0.0	0.0	0.0	0.0	0.0	0.0	0.0	0.0	0.0	0.0	0.0	0.0	0.0	0.0	10.59877557682201	0.0	3.108673312943106	0.0	0.0	0.0	20.61735675342199	20.61735675342199	0.0	20.61735675342199	0.0	5.519947665265161	0.0	0.0	0.0	0.0	0.0	0.0	6.872452251140663	5.519947665265161	0.0	0.0	0.0	0.0	0.0	0.0	0.0	0.0	0.0	0.0	0.0	0.0	0.0	0.0	0.0	0.0	6.872452251140663	5.519947665265161	0.0	0.0	0.0	0.0	0.0	0.0	0.0	0.0	0.0	0.0	42.39510230728804	0.0	0.0	0.0	7.490102263878904	0.0	11.871531214814706	11.871531214814706	6.217346625886212	7.490102263878904	0.0	0.0	0.0	0.0	3.108673312943106	0.0	13.010049929144072	0.0	0.0	0.0	0.0	0.0	0.0	5.519947665265161	0.0	0.0	0.0	0.0	6.872452251140663	0.0	0.0	0.0	0.0	0.0	7.490102263878904	0.0	0.0	5.519947665265161	0.0	0.0	17.525715803743193	5.519947665265161	9.155844242400542	0.0	0.0	0.0	0.0	3.108673312943106	0.0	0.0	0.0	5.519947665265161	3.108673312943106	0.0	0.0	0.0	6.549863119795877	7.490102263878904	9.155844242400542	0.0	0.0	0.0	0.0	0.0	0.0	0.0	0.0	0.0	0.0	0.0	0.0	0.0	0.0	0.0	0.0	11.871531214814706	0.0	6.549863119795877	0.0	0.0	6.217346625886212	14.980204527757808	0.0	0.0	0.0	0.0	11.039895330530323	4.381428950935798	10.59877557682201	5.519947665265161	0.0	0.0	0.0	0.0	0.0	0.0	0.0	10.59877557682201	0.0	0.0	0.0	10.59877557682201	0.0	0.0	0.0	0.0	0.0	47.48612485925882	5.519947665265161	0.0	9.326019938829319	0.0	0.0	0.0	0.0	0.0	0.0	0.0	0.0	0.0	0.0	0.0	0.0	0.0	0.0	0.0	0.0	0.0	0.0	5.519947665265161	0.0	0.0	0.0	0.0	5.519947665265161	0.0	0.0	0.0	0.0	0.0	0.0	41.23471350684398	12.43469325177243	20.61735675342199	0.0	0.0	3.108673312943106	5.519947665265161	0.0	3.108673312943106	0.0	0.0	0.0	0.0	0.0	0.0	0.0	0.0	0.0	0.0	0.0	0.0	0.0	0.0	0.0	0.0	3.108673312943106	0.0	0.0	0.0	0.0	0.0	0.0	3.108673312943106	0.0	0.0	0.0	0.0	0.0	22.079790661060645	0.0	0.0	0.0	0.0	5.519947665265161	6.217346625886212	0.0	0.0	0.0	0.0	5.519947665265161	0.0	0.0	0.0	6.217346625886215	0.0	5.519947665265161	0.0	4.381428950935798	0.0	0.0	3.108673312943106	0.0	0.0	7.947218961133214	0.0	3.108673312943106	0.0	0.0	0.0	0.0	0.0	0.0
CAROU1501321_acpa-rejette	acpa-rejette	0.0	0.0	0.0	0.0	0.0	0.0	1.6896734029032379	0.0	0.0	0.0	0.0	0.0	2.0355671545814067	0.0	0.8448367014516186	0.0	0.8448367014516186	3.3793468058064757	3.3793468058064757	0.8448367014516186	3.3793468058064757	0.0	0.0	5.603129669396391	0.0	2.0355671545814067	0.0	1.5001429575413001	0.0	0.8448367014516186	0.0	0.0	0.0	0.0	0.0	0.0	0.0	0.0	0.0	2.880403856033026	0.8448367014516186	0.0	0.8448367014516186	0.0	4.071134309162813	13.073969228591578	5.603129669396391	0.8448367014516186	3.7354197795975934	0.0	1.5001429575413001	1.5001429575413001	2.880403856033026	0.0	0.8448367014516186	0.0	0.0	5.603129669396391	4.5004288726239015	0.0	0.0	0.0	2.4882618628817097	0.0	1.5001429575413001	0.0	0.0	1.5001429575413001	0.0	0.0	0.0	0.0	0.0	0.0	1.5001429575413001	7.470839559195187	0.0	0.0	0.8448367014516186	0.0	0.0	1.6896734029032372	0.0	0.0	0.8448367014516186	0.0	0.0	5.760807712066052	0.0	0.0	4.071134309162813	0.0	0.0	9.67889282313359	9.67889282313359	0.0	0.0	2.0355671545814067	0.0	0.0	0.0	0.8448367014516186	0.0	3.5357101121227084	0.0	0.0	0.0	0.0	0.0	0.0	0.0	0.0	0.0	0.0	4.071134309162813	5.603129669396391	0.0	0.8448367014516186	0.8448367014516186	0.8448367014516186	0.0	0.0	2.4882618628817097	2.4882618628817097	1.5001429575413001	4.976523725763419	0.0	0.0	0.0	0.0	2.4882618628817097	0.8448367014516186	0.0	0.0	0.0	0.0	0.0	0.8448367014516186	0.0	1.6896734029032372	0.0	0.0	0.0	0.0	0.0	0.0	0.0	0.0	0.0	0.0	0.0	0.0	0.0	0.0	0.0	0.0	0.0	0.0	0.0	0.0	0.8448367014516186	0.0	3.2262976077111967	1.5001429575413001	5.340121842377617	0.0	0.0	0.0	0.0	0.0	0.0	0.0	0.0	0.0	0.0	11.521615424132104	0.0	4.071134309162813	0.0	0.0	0.0	0.0	1.5001429575413001	0.0	2.880403856033026	0.0	0.0	0.0	0.0	0.0	0.0	0.0	0.0	0.0	67.75224976193512	0.0	1.5001429575413001	0.0	1.6896734029032372	0.0	0.0	0.0	0.0	2.0355671545814067	0.0	0.0	0.8448367014516186	0.0	0.0	0.0	19.35778564626718	1.5001429575413001	9.67889282313359	0.0	1.5001429575413001	1.5001429575413001	1.5001429575413001	1.6896734029032372	4.5004288726239015	0.0	0.0	1.5001429575413001	0.0	0.0	2.0355671545814067	0.0	0.0	0.0	16.80938900818917	1.6896734029032379	3.7354197795975934	0.0	0.0	0.0	0.0	0.8448367014516186	2.534510104354856	0.0	0.0	0.8448367014516186	0.0	1.5001429575413001	0.0	0.0	0.0	0.0	0.0	0.0	0.0	0.0	0.0	0.0	0.8448367014516186	0.0	0.8448367014516186	0.0	0.0	0.0	0.0	0.0	0.0	0.0	0.0	0.0	2.0355671545814067	0.0	6.0005718301652005	0.0	0.8448367014516186	0.0	0.8448367014516186	0.0	0.0	0.8448367014516186	1.5001429575413001	0.0	0.8448367014516186	0.0	0.0	1.5001429575413001	0.0	6.7586936116129515	4.071134309162813	0.0	0.0	1.1907304531297884	1.5001429575413001	0.0	0.0	0.0	0.0	3.2396949970022906	0.0	0.0	0.0	0.8448367014516186	0.8448367014516186	4.071134309162813	1.5001429575413001	0.0
CAROU1406104_acpa-rejette	acpa-rejette	6.064954125980455	0.0	0.0	0.0	0.0	0.0	13.66242013800248	0.0	0.0	3.4156050345006186	0.0	0.0	8.22962995015021	0.0	0.0	0.0	0.0	13.66242013800248	13.66242013800248	0.0	20.49363020700372	16.45925990030042	6.064954125980455	15.101993773760531	3.4156050345006186	8.22962995015021	16.45925990030042	0.0	0.0	3.4156050345006186	0.0	0.0	0.0	0.0	0.0	0.0	0.0	3.4156050345006186	0.0	11.64523498465083	3.4156050345006186	0.0	0.0	0.0	0.0	37.75498443440133	22.6529906606408	0.0	22.6529906606408	6.831210069001237	6.064954125980455	12.12990825196091	11.64523498465083	0.0	0.0	0.0	0.0	7.550996886880266	0.0	0.0	0.0	0.0	0.0	0.0	0.0	0.0	0.0	0.0	20.119674562934133	0.0	3.4156050345006186	0.0	3.4156050345006186	3.4156050345006186	0.0	15.101993773760531	0.0	0.0	0.0	6.064954125980455	0.0	3.4156050345006186	0.0	0.0	0.0	0.0	0.0	0.0	0.0	0.0	8.22962995015021	0.0	0.0	13.043654865799805	13.043654865799805	0.0	0.0	0.0	6.064954125980455	0.0	0.0	0.0	0.0	14.29458407613067	4.8140249156495925	0.0	0.0	0.0	0.0	6.064954125980455	6.064954125980455	0.0	0.0	0.0	0.0	7.550996886880266	0.0	3.4156050345006186	3.4156050345006186	0.0	0.0	8.22962995015021	0.0	0.0	6.064954125980455	20.119674562934133	8.22962995015021	0.0	0.0	0.0	10.059837281467066	3.4156050345006186	0.0	0.0	0.0	0.0	0.0	0.0	6.064954125980455	0.0	0.0	0.0	0.0	7.196557243284111	0.0	10.059837281467066	0.0	0.0	0.0	0.0	0.0	0.0	8.22962995015021	0.0	0.0	0.0	0.0	0.0	0.0	0.0	6.831210069001237	0.0	13.043654865799805	6.064954125980455	7.196557243284111	0.0	6.064954125980455	0.0	0.0	0.0	0.0	0.0	0.0	12.12990825196091	4.8140249156495925	34.93570495395249	6.064954125980455	16.45925990030042	0.0	0.0	0.0	0.0	0.0	3.4156050345006186	0.0	0.0	0.0	0.0	0.0	0.0	0.0	0.0	0.0	0.0	91.30558406059866	6.064954125980455	6.064954125980455	0.0	3.4156050345006186	0.0	3.4156050345006186	3.4156050345006186	3.4156050345006186	8.22962995015021	0.0	3.4156050345006186	0.0	7.196557243284111	0.0	0.0	0.0	0.0	0.0	0.0	0.0	6.064954125980455	0.0	0.0	6.064954125980455	0.0	0.0	12.12990825196091	0.0	0.0	8.22962995015021	0.0	0.0	3.4156050345006186	37.75498443440133	6.83121006900124	22.6529906606408	0.0	3.4156050345006186	0.0	0.0	0.0	3.4156050345006186	0.0	0.0	10.246815103501856	0.0	0.0	0.0	0.0	0.0	0.0	0.0	0.0	0.0	0.0	0.0	0.0	0.0	0.0	3.4156050345006186	0.0	3.4156050345006186	0.0	0.0	0.0	0.0	0.0	0.0	0.0	0.0	0.0	0.0	0.0	6.831210069001237	0.0	3.4156050345006186	6.064954125980455	0.0	3.4156050345006186	6.064954125980455	6.064954125980455	0.0	0.0	0.0	6.064954125980455	0.0	6.83121006900124	0.0	0.0	0.0	0.0	0.0	3.4156050345006186	0.0	0.0	0.0	8.731879603079468	3.4156050345006186	0.0	0.0	3.4156050345006186	0.0	8.22962995015021	18.194862377941366	3.4156050345006186
CAPAR1305998_acpa-rejette	acpa-rejette	0.0	0.0	0.0	0.0	0.0	0.0	10.59634057325324	0.0	0.0	0.0	0.0	0.0	0.0	0.0	0.0	0.0	0.0	10.59634057325324	10.59634057325324	0.0	5.29817028662662	0.0	0.0	11.712849388725736	2.649085143313309	0.0	0.0	0.0	0.0	0.0	0.0	0.0	0.0	0.0	0.0	0.0	0.0	0.0	0.0	0.0	0.0	0.0	0.0	0.0	6.382760950314796	29.28212347181434	17.569274083088608	0.0	17.569274083088608	0.0	0.0	0.0	0.0	0.0	0.0	0.0	0.0	11.712849388725736	0.0	0.0	0.0	0.0	0.0	0.0	0.0	0.0	0.0	0.0	0.0	0.0	0.0	0.0	0.0	0.0	0.0	5.856424694362868	0.0	0.0	0.0	0.0	0.0	0.0	0.0	0.0	0.0	0.0	0.0	0.0	0.0	0.0	12.765521900629592	0.0	0.0	0.0	0.0	0.0	6.382760950314796	0.0	4.703875216169602	0.0	0.0	0.0	0.0	0.0	0.0	0.0	0.0	0.0	0.0	0.0	0.0	0.0	0.0	0.0	6.382760950314796	5.856424694362868	0.0	0.0	0.0	0.0	0.0	0.0	0.0	0.0	0.0	0.0	6.382760950314796	3.7336758070014873	0.0	7.802238612867031	0.0	0.0	0.0	0.0	0.0	0.0	0.0	0.0	0.0	0.0	0.0	0.0	0.0	11.163054676182742	0.0	0.0	0.0	0.0	0.0	0.0	0.0	0.0	0.0	0.0	0.0	0.0	0.0	0.0	0.0	0.0	0.0	0.0	0.0	0.0	0.0	0.0	0.0	0.0	0.0	0.0	0.0	0.0	0.0	0.0	0.0	0.0	0.0	0.0	0.0	0.0	0.0	0.0	0.0	0.0	9.031846093628106	0.0	0.0	0.0	27.09553828088432	0.0	0.0	0.0	0.0	0.0	0.0	0.0	0.0	0.0	0.0	0.0	0.0	0.0	0.0	0.0	0.0	0.0	0.0	0.0	0.0	0.0	0.0	0.0	0.0	0.0	0.0	0.0	0.0	0.0	0.0	0.0	0.0	0.0	0.0	0.0	0.0	0.0	0.0	0.0	23.425698777451473	5.29817028662662	17.569274083088608	0.0	0.0	0.0	0.0	0.0	0.0	0.0	0.0	0.0	0.0	0.0	0.0	0.0	0.0	0.0	0.0	4.703875216169602	0.0	0.0	0.0	0.0	0.0	0.0	0.0	0.0	0.0	0.0	0.0	0.0	0.0	0.0	0.0	0.0	0.0	0.0	4.703875216169602	0.0	0.0	0.0	0.0	4.703875216169602	0.0	2.649085143313309	0.0	0.0	0.0	0.0	0.0	0.0	0.0	5.29817028662662	0.0	0.0	0.0	0.0	0.0	0.0	0.0	0.0	0.0	3.3861486173122897	0.0	2.649085143313309	0.0	0.0	0.0	0.0	0.0	0.0
CAFOR1400518_acpa-rejette	acpa-rejette	0.0	0.0	15.409509140544865	2.1318413796020748	7.570852039714153	0.0	0.0	0.0	0.0	0.0	0.0	0.0	5.136503046848288	0.0	0.0	0.0	0.0	8.527365518408303	8.527365518408303	0.0	4.263682759204151	10.273006093696576	0.0	14.138807729317584	0.0	0.0	0.0	0.0	0.0	0.0	0.0	0.0	0.0	0.0	0.0	0.0	0.0	0.0	10.273006093696576	0.0	0.0	0.0	0.0	0.0	0.0	23.564679548862635	9.425871819545055	0.0	9.425871819545055	0.0	0.0	0.0	14.536688852900728	0.0	4.2636827592041495	0.0	0.0	4.712935909772527	0.0	0.0	0.0	0.0	6.27882239663892	2.1318413796020748	0.0	0.0	0.0	3.7854260198570766	12.55764479327784	0.0	0.0	0.0	0.0	0.0	0.0	9.425871819545055	0.0	0.0	0.0	0.0	0.0	0.0	0.0	0.0	0.0	0.0	0.0	0.0	0.0	0.0	0.0	0.0	0.0	16.28232942818901	16.28232942818901	0.0	0.0	0.0	7.570852039714153	0.0	0.0	0.0	3.7854260198570766	8.921929066705367	3.004661667246213	0.0	0.0	0.0	0.0	0.0	0.0	0.0	0.0	0.0	5.136503046848288	4.712935909772527	0.0	0.0	0.0	0.0	0.0	0.0	6.27882239663892	6.27882239663892	0.0	6.27882239663892	5.136503046848288	9.013985001738641	0.0	6.27882239663892	0.0	0.0	0.0	0.0	0.0	5.136503046848288	0.0	0.0	0.0	0.0	0.0	0.0	0.0	0.0	0.0	0.0	0.0	0.0	0.0	0.0	0.0	0.0	0.0	0.0	0.0	0.0	0.0	0.0	0.0	0.0	0.0	0.0	0.0	0.0	8.983426577101987	2.1318413796020748	0.0	0.0	0.0	0.0	0.0	0.0	0.0	0.0	0.0	0.0	0.0	0.0	0.0	0.0	0.0	0.0	0.0	0.0	0.0	0.0	0.0	0.0	21.805033279351093	0.0	0.0	0.0	0.0	0.0	24.423494142283513	3.7854260198570766	0.0	0.0	0.0	0.0	0.0	0.0	0.0	0.0	0.0	0.0	0.0	4.491713288550994	0.0	0.0	0.0	0.0	0.0	0.0	0.0	0.0	0.0	0.0	0.0	0.0	0.0	0.0	0.0	0.0	0.0	0.0	0.0	0.0	23.564679548862635	0.0	14.138807729317584	0.0	0.0	0.0	0.0	0.0	0.0	0.0	0.0	0.0	0.0	0.0	0.0	0.0	0.0	0.0	0.0	0.0	0.0	0.0	0.0	0.0	0.0	0.0	0.0	0.0	0.0	0.0	0.0	0.0	0.0	0.0	0.0	0.0	0.0	0.0	7.570852039714153	0.0	0.0	0.0	0.0	3.7854260198570766	0.0	0.0	0.0	0.0	0.0	0.0	0.0	0.0	0.0	8.527365518408303	5.136503046848288	0.0	0.0	0.0	0.0	0.0	0.0	0.0	0.0	5.4499809174422795	2.1318413796020748	0.0	0.0	0.0	0.0	0.0	0.0	0.0
CAPAR1411380_acpa-rejette	acpa-rejette	0.0	0.0	6.5177563987774745	2.705113316657285	0.0	0.0	5.410226633314573	2.705113316657285	0.0	0.0	0.0	0.0	0.0	0.0	0.0	0.0	0.0	10.820453266629146	10.820453266629146	0.0	0.0	13.035512797554949	4.803362217055634	11.960576253058461	0.0	0.0	0.0	0.0	0.0	0.0	4.803362217055634	2.705113316657285	0.0	0.0	0.0	0.0	0.0	0.0	6.5177563987774745	0.0	0.0	0.0	0.0	0.0	0.0	23.921152506116922	11.960576253058461	0.0	11.960576253058461	0.0	0.0	0.0	0.0	0.0	0.0	0.0	0.0	5.9802881265292305	0.0	0.0	0.0	0.0	0.0	0.0	0.0	0.0	0.0	0.0	0.0	0.0	0.0	0.0	0.0	0.0	0.0	11.960576253058461	0.0	0.0	0.0	0.0	0.0	0.0	0.0	0.0	0.0	0.0	0.0	0.0	0.0	0.0	6.5177563987774745	0.0	0.0	0.0	0.0	0.0	0.0	0.0	9.606724434111268	0.0	0.0	0.0	0.0	11.321118615833113	0.0	0.0	0.0	0.0	0.0	0.0	0.0	0.0	0.0	0.0	0.0	5.9802881265292305	0.0	0.0	0.0	0.0	0.0	0.0	0.0	0.0	0.0	0.0	0.0	0.0	0.0	0.0	0.0	0.0	0.0	0.0	0.0	0.0	0.0	0.0	0.0	0.0	0.0	0.0	0.0	0.0	0.0	0.0	0.0	0.0	0.0	0.0	0.0	0.0	0.0	0.0	0.0	0.0	0.0	0.0	0.0	0.0	0.0	0.0	0.0	0.0	0.0	0.0	0.0	0.0	0.0	0.0	0.0	0.0	0.0	0.0	0.0	0.0	0.0	0.0	0.0	0.0	0.0	0.0	4.803362217055634	0.0	9.222869715434761	2.705113316657285	0.0	0.0	0.0	0.0	0.0	0.0	0.0	0.0	0.0	0.0	0.0	0.0	0.0	0.0	0.0	0.0	0.0	0.0	0.0	0.0	0.0	0.0	0.0	0.0	20.660798961795333	0.0	10.330399480897666	4.803362217055634	0.0	0.0	0.0	0.0	0.0	0.0	0.0	0.0	0.0	0.0	0.0	0.0	0.0	0.0	17.94086437958769	5.410226633314573	11.960576253058461	0.0	0.0	0.0	0.0	0.0	0.0	0.0	0.0	0.0	0.0	0.0	0.0	0.0	0.0	0.0	0.0	0.0	0.0	0.0	0.0	0.0	0.0	0.0	0.0	0.0	0.0	0.0	0.0	0.0	0.0	0.0	0.0	0.0	0.0	0.0	0.0	0.0	0.0	0.0	0.0	0.0	0.0	2.705113316657285	4.803362217055634	0.0	0.0	0.0	0.0	0.0	0.0	0.0	0.0	0.0	0.0	0.0	0.0	0.0	0.0	0.0	0.0	0.0	0.0	0.0	0.0	0.0	0.0	0.0	0.0	0.0
CADIJ1500876_acpa-rejette	acpa-rejette	5.476585676847435	1.5421265537346585	11.146895567852614	0.0	5.476585676847435	1.5421265537346585	12.337012429877273	0.0	0.0	1.5421265537346585	1.5421265537346585	1.5421265537346585	0.0	0.0	0.0	0.0	0.0	15.42126553734659	15.42126553734659	0.0	12.337012429877273	7.431263711901742	0.0	20.45539695978632	0.0	7.431263711901742	11.146895567852614	2.7382928384237175	1.5421265537346585	0.0	0.0	0.0	1.5421265537346585	1.5421265537346585	1.5421265537346585	0.0	1.5421265537346585	0.0	3.715631855950871	5.257758409685531	0.0	0.0	0.0	2.7382928384237175	3.715631855950871	37.501561092941586	20.45539695978632	0.0	20.45539695978632	0.0	0.0	0.0	15.77327522905659	1.5421265537346585	0.0	1.5421265537346585	0.0	6.818465653262107	5.476585676847435	0.0	1.5421265537346585	0.0	0.0	0.0	0.0	3.084253107469317	3.084253107469317	0.0	4.541960221190625	0.0	0.0	0.0	0.0	0.0	2.7382928384237175	23.864629786417375	2.7382928384237175	5.476585676847435	0.0	2.7382928384237175	1.5421265537346585	0.0	1.5421265537346585	1.5421265537346585	0.0	2.7382928384237175	2.7382928384237175	15.77327522905659	1.5421265537346585	1.5421265537346585	3.715631855950871	0.0	1.5421265537346585	17.667411474501257	17.667411474501257	6.168506214938634	0.0	3.715631855950871	2.7382928384237175	1.5421265537346585	1.5421265537346585	0.0	0.0	0.0	4.347010604432427	1.5421265537346585	1.5421265537346585	3.084253107469317	1.5421265537346585	0.0	0.0	1.5421265537346585	1.5421265537346585	1.5421265537346585	0.0	10.22769847989316	2.7382928384237175	0.0	0.0	0.0	1.5421265537346585	3.715631855950871	4.541960221190625	4.541960221190625	0.0	0.0	3.715631855950871	13.041031813297279	2.7382928384237175	4.541960221190625	0.0	0.0	1.5421265537346585	1.5421265537346585	0.0	3.715631855950871	1.5421265537346585	0.0	0.0	0.0	2.7382928384237175	1.5421265537346585	1.5421265537346585	6.498410623148946	7.431263711901742	4.541960221190625	1.5421265537346585	1.5421265537346585	1.5421265537346585	2.1735053022162134	1.5421265537346585	0.0	0.0	1.5421265537346585	1.5421265537346585	1.5421265537346585	1.5421265537346585	1.5421265537346585	3.084253107469317	3.084253107469317	0.0	1.5421265537346585	5.889137158167086	0.0	9.747615934723418	1.5421265537346585	2.7382928384237175	6.168506214938634	3.715631855950871	8.21487851527115	0.0	3.084253107469317	3.084253107469317	0.0	2.1735053022162134	0.0	0.0	0.0	0.0	1.5421265537346585	1.5421265537346585	1.5421265537346585	0.0	0.0	10.515516819371062	0.0	1.5421265537346585	1.5421265537346585	10.515516819371062	3.084253107469317	3.084253107469317	0.0	3.084253107469317	3.084253107469317	11.778274316334173	0.0	0.0	0.0	1.5421265537346585	1.5421265537346585	0.0	0.0	0.0	7.431263711901742	1.5421265537346585	0.0	0.0	6.498410623148946	1.5421265537346585	1.5421265537346585	23.556548632668346	2.7382928384237175	11.778274316334173	0.0	2.7382928384237175	0.0	0.0	0.0	0.0	0.0	1.5421265537346585	8.21487851527115	1.5421265537346585	1.5421265537346585	3.715631855950871	1.5421265537346585	1.5421265537346585	0.0	40.91079391957264	9.252759322407956	20.45539695978632	1.5421265537346585	0.0	1.5421265537346585	0.0	1.5421265537346585	1.5421265537346585	1.5421265537346585	1.5421265537346585	0.0	0.0	2.7382928384237175	1.5421265537346585	1.5421265537346585	4.626379661203976	0.0	3.084253107469317	2.7382928384237175	9.252759322407952	1.5421265537346585	1.5421265537346585	1.5421265537346585	0.0	0.0	0.0	1.5421265537346585	0.0	3.084253107469317	3.084253107469317	1.5421265537346585	0.0	0.0	7.7106327686732925	3.084253107469317	11.146895567852614	1.5421265537346585	5.476585676847435	0.0	0.0	0.0	0.0	2.7382928384237175	0.0	0.0	0.0	0.0	0.0	5.476585676847435	1.5421265537346585	0.0	2.7382928384237175	15.42126553734659	3.715631855950871	0.0	2.7382928384237175	0.0	0.0	0.0	0.0	0.0	0.0	1.9711973814167387	0.0	0.0	1.5421265537346585	0.0	0.0	0.0	0.0	0.0
CANIM1601140_acpa-rejette	acpa-rejette	0.0	0.0	0.0	0.0	0.0	0.0	7.767162505608554	0.0	0.0	0.0	0.0	0.0	0.0	0.0	0.0	3.883581252804275	0.0	23.30148751682566	23.30148751682566	3.883581252804275	7.767162505608554	9.35718160299314	0.0	17.17113638940348	0.0	0.0	0.0	0.0	0.0	0.0	6.895920899770933	0.0	0.0	0.0	0.0	3.883581252804275	0.0	0.0	0.0	0.0	0.0	0.0	3.883581252804275	0.0	0.0	42.927840973508694	17.17113638940348	0.0	17.17113638940348	0.0	0.0	0.0	0.0	0.0	0.0	0.0	0.0	8.58556819470174	0.0	0.0	0.0	0.0	11.43814787656765	3.883581252804275	0.0	0.0	0.0	0.0	11.43814787656765	0.0	3.883581252804275	0.0	0.0	0.0	6.895920899770933	17.17113638940348	0.0	13.791841799541865	0.0	0.0	0.0	0.0	0.0	0.0	0.0	0.0	0.0	39.72228856739225	0.0	0.0	9.35718160299314	0.0	0.0	0.0	0.0	11.650743758412826	0.0	9.35718160299314	0.0	0.0	0.0	0.0	0.0	0.0	5.473600350188866	0.0	0.0	0.0	0.0	0.0	0.0	0.0	0.0	0.0	9.35718160299314	17.17113638940348	0.0	0.0	0.0	0.0	0.0	0.0	0.0	0.0	0.0	0.0	0.0	0.0	0.0	0.0	11.43814787656765	0.0	0.0	0.0	0.0	0.0	0.0	0.0	0.0	0.0	6.895920899770933	0.0	0.0	8.182566342550555	0.0	0.0	0.0	0.0	0.0	5.473600350188866	0.0	3.883581252804275	9.35718160299314	0.0	0.0	0.0	0.0	0.0	0.0	0.0	0.0	0.0	0.0	0.0	0.0	0.0	0.0	11.650743758412826	9.35718160299314	0.0	3.883581252804275	0.0	0.0	0.0	5.473600350188866	0.0	0.0	0.0	0.0	0.0	0.0	0.0	6.895920899770933	0.0	0.0	0.0	0.0	0.0	0.0	0.0	0.0	0.0	0.0	0.0	0.0	0.0	0.0	0.0	0.0	0.0	0.0	0.0	0.0	0.0	0.0	0.0	3.883581252804275	16.36513268510111	0.0	0.0	29.66156390636402	0.0	14.83078195318201	0.0	0.0	0.0	6.895920899770933	3.883581252804275	6.895920899770933	0.0	0.0	0.0	0.0	0.0	0.0	0.0	0.0	0.0	25.75670458410522	7.767162505608554	17.17113638940348	0.0	0.0	0.0	6.895920899770933	0.0	0.0	0.0	0.0	0.0	0.0	0.0	0.0	0.0	0.0	0.0	0.0	0.0	0.0	0.0	0.0	0.0	7.76716250560855	0.0	0.0	0.0	0.0	0.0	0.0	0.0	0.0	7.76716250560855	0.0	0.0	0.0	0.0	27.58368359908373	3.883581252804275	0.0	0.0	0.0	6.895920899770933	0.0	0.0	0.0	0.0	0.0	0.0	0.0	0.0	0.0	15.534325011217108	0.0	6.895920899770933	0.0	5.473600350188866	6.895920899770933	0.0	0.0	0.0	0.0	0.0	0.0	0.0	0.0	0.0	0.0	0.0	0.0	0.0
CAPAR1507851_acpa-rejette	acpa-rejette	0.0	0.0	0.0	0.0	0.0	0.0	5.866361768535945	0.0	0.0	0.0	0.0	0.0	7.067267149027679	0.0	0.0	0.0	0.0	5.866361768535945	5.866361768535945	0.0	0.0	0.0	0.0	6.4844850332650905	0.0	0.0	0.0	0.0	0.0	0.0	0.0	0.0	0.0	0.0	0.0	0.0	0.0	0.0	0.0	0.0	0.0	0.0	0.0	0.0	0.0	12.968970066530181	6.4844850332650905	0.0	6.4844850332650905	0.0	0.0	0.0	0.0	0.0	0.0	0.0	0.0	6.4844850332650905	5.208332733614492	0.0	0.0	0.0	0.0	0.0	0.0	0.0	0.0	0.0	0.0	0.0	0.0	0.0	0.0	0.0	0.0	0.0	0.0	0.0	0.0	0.0	0.0	0.0	0.0	0.0	0.0	0.0	0.0	0.0	0.0	0.0	0.0	0.0	0.0	11.20135341378739	0.0	0.0	0.0	0.0	0.0	0.0	0.0	0.0	0.0	0.0	0.0	0.0	0.0	0.0	0.0	0.0	0.0	0.0	0.0	0.0	0.0	0.0	0.0	0.0	0.0	0.0	0.0	0.0	0.0	0.0	0.0	0.0	0.0	8.268172529519415	0.0	0.0	0.0	0.0	0.0	0.0	0.0	0.0	0.0	0.0	0.0	0.0	0.0	0.0	0.0	6.180106869887956	0.0	0.0	0.0	2.933180884267971	2.933180884267971	4.134086264759707	0.0	2.933180884267971	0.0	0.0	0.0	0.0	0.0	0.0	0.0	0.0	0.0	0.0	0.0	0.0	6.180106869887956	0.0	5.208332733614492	0.0	0.0	0.0	2.933180884267971	0.0	0.0	0.0	0.0	0.0	0.0	0.0	0.0	0.0	0.0	0.0	0.0	0.0	0.0	0.0	0.0	0.0	0.0	0.0	0.0	0.0	0.0	0.0	22.40270682757478	0.0	0.0	0.0	0.0	0.0	0.0	0.0	0.0	0.0	0.0	0.0	0.0	0.0	0.0	0.0	0.0	0.0	0.0	0.0	0.0	0.0	0.0	0.0	0.0	0.0	0.0	0.0	0.0	0.0	0.0	0.0	0.0	0.0	12.968970066530181	5.866361768535945	6.4844850332650905	0.0	0.0	0.0	0.0	0.0	0.0	0.0	0.0	0.0	0.0	0.0	0.0	0.0	0.0	0.0	0.0	0.0	0.0	0.0	0.0	0.0	2.933180884267971	0.0	0.0	0.0	0.0	0.0	0.0	0.0	0.0	0.0	0.0	0.0	0.0	0.0	0.0	0.0	0.0	0.0	0.0	0.0	0.0	0.0	0.0	0.0	0.0	0.0	0.0	0.0	0.0	5.866361768535945	0.0	0.0	0.0	0.0	0.0	0.0	0.0	0.0	0.0	3.7492892294010134	0.0	0.0	0.0	0.0	0.0	0.0	0.0	0.0
