@id	@sens-resultat	abus	abus de procédure	abusif	abusif ainsi	abusif considérant	abusif pouvoir	accueillir	action	action en justice	adversaire	affaire	agir	agir en justice	ailleurs	ainsi	ajouter	allouer	allouer à monsieur	amende	amende civil	appel	appel interjeter	appelant	application	article	articler	assurance	attendre	attendu	aucun	audience	autre	avant	avocat	avril	blâmable	bon	bon droit	caractère	caractère abusif	caractériser	cas	cause	cause de appel	causer	celui	celui ci	celui qui agir	chacun	charge	charge de monsieur	chef	ci	circonstance	circonstance particulier	civil	civil celui	civil devoir	civil la condamner	civil prévoir	civil vu	code	code civil	code de procédure	coder	coder de procédure	comme	comprendre	condamnation	condamnation de monsieur	condamne	condamner	condamner monsieur	confirmer	confirmer le décision	conformément	conseil	considérant	constater	conséquence	contestation	contester	contraindre	contraindre de exposer	contrat	contrat de travail	convenir	convenir convier	convier	convier en conséquence	cour cours	cours	demande	demande de condamnation	demande de dommage	demande de dommages	demande en dommages	demande former	demande reconventionnel	demander	dernier	dette	deux	devant	devant le cour	devoir	dilatoire	dilatoire ou abusif	dispos	dispositif	disposition	dit	dol	dommage	dommage et intérêt	donner	dont	droit	dès	dès lors	déboute	déboute madame	débouter	décision	déclarer	défense	dégénérer	dégénérer en abus	démontrer	dépens	dépens de appel	effet	encontre	encore	entier	entier dépens	entre	entreprendre	erreur	espèce	euro	euro au titre	euro chacun	euro en application	euro à titre	exercice	exposer	exécution	faire	faire application	faire valoir	fait	faute	fin	foi	foi fois	fois	fond	fondement	fonder	former	formuler	frai	frai frais	frai frais irrépétibles	frais	frais irrépétibles	février	grossier	hauteur	in	instance	interjeter	intimer	intérêt pour abus	intérêt pour procédure	intérêts pour procédure	inéquitable	inéquitable de laisser	irrépétibles	janvier	jour	juge	jugement	jugement entreprendre	jugement rendre	juger	justice	justice de manière	justifier	laisser	litige	lors	légèreté blâmable	madame	mai	mal	mal fonder	manifestement	manière	manière dilatoire	mauvais	mauvais foi	maximum	mille	mille euro	mois	monsieur	monsieur p	montant	motif	méprendre	nature	observation	observation oral	oral	ordonnance	outre	paiement	particulier	partie	payer	payer le somme	payer payer	payer un amende	percevoir	permettre	pouvoir	pouvoir donner	premier	premier foi	premier foi fois	premier instance	premier juge	principal	prise	procédure	procédure abusif	procédure abusif ainsi	procédure abusif considérant	procédure civil	procédure civil vu	procédure de appel	produire	profit	prononcer un amende	préjudice	préjudice du dommage	préjudice du dommages	présent	présenter	prétention	prévoir	public	question	reconnaître	reconventionnel	recours	rejet	rejeter	rejette	rejette le demande	rejeté le demande	relatif	revanche	réclamer	régler	résulter	salaire	sarl	sci	seulement	solliciter	somme	soutien	statuer	succomber	suivant	supporter	supporter le dépens	surplus	texte	titre	titre de amende	titre de dommage	titre de dommages	titre du disposition	tout son disposition	travail	tribunal	trésor	trésor public	valoir	venir	verser du dommage	verser le somme	verser à monsieur	voir	vu	vu le conclusion
CAPAR1415151_acpa-accepte	acpa-accepte	0.0	0.0	29.01531468852843	0.0	13.886018751261847	0.0	0.0	0.0	0.0	0.0	0.0	13.333275190932689	16.72508791290969	0.0	0.0	0.0	0.0	0.0	25.073821930353535	25.073821930353535	0.0	0.0	0.0	0.0	41.789703217255884	0.0	0.0	0.0	0.0	0.0	0.0	0.0	0.0	0.0	8.75069348555801	0.0	0.0	0.0	0.0	0.0	0.0	0.0	0.0	0.0	0.0	0.0	0.0	0.0	0.0	0.0	0.0	0.0	0.0	0.0	0.0	33.43176257380471	0.0	0.0	0.0	0.0	0.0	41.789703217255884	0.0	48.35885781421404	0.0	0.0	8.24262903063178	0.0	0.0	0.0	73.56386498029622	19.34354312568562	17.50138697111602	0.0	0.0	0.0	0.0	26.25208045667403	0.0	0.0	0.0	0.0	0.0	0.0	0.0	0.0	0.0	0.0	0.0	0.0	0.0	0.0	29.01531468852843	0.0	0.0	0.0	0.0	0.0	0.0	0.0	0.0	0.0	0.0	0.0	0.0	20.54986025922699	0.0	0.0	0.0	13.886018751261847	0.0	8.24262903063178	0.0	0.0	0.0	8.75069348555801	0.0	63.23042250654931	0.0	0.0	0.0	0.0	0.0	0.0	0.0	0.0	0.0	0.0	0.0	0.0	0.0	0.0	0.0	0.0	0.0	0.0	0.0	0.0	0.0	0.0	0.0	0.0	0.0	0.0	0.0	0.0	0.0	0.0	16.8973757156416	0.0	0.0	0.0	0.0	0.0	0.0	0.0	0.0	0.0	37.33332708404144	0.0	0.0	0.0	0.0	0.0	0.0	0.0	0.0	8.24262903063178	0.0	0.0	0.0	0.0	0.0	0.0	0.0	0.0	6.130647217628641	0.0	0.0	0.0	0.0	0.0	0.0	0.0	0.0	0.0	0.0	8.901795736114757	16.72508791290969	0.0	0.0	16.72508791290969	0.0	0.0	0.0	13.886018751261847	0.0	0.0	0.0	12.294085617798912	0.0	0.0	0.0	0.0	0.0	0.0	0.0	52.26665791765803	0.0	16.72508791290969	0.0	13.886018751261847	0.0	0.0	0.0	0.0	0.0	0.0	0.0	0.0	0.0	35.82903961979682	8.75069348555801	17.91451980989841	0.0	0.0	0.0	21.0768075021831	0.0	0.0	0.0	0.0	0.0	0.0	0.0	0.0	58.50558450415826	19.34354312568562	0.0	13.886018751261847	9.67177156284281	0.0	0.0	0.0	0.0	0.0	0.0	0.0	0.0	13.886018751261847	0.0	0.0	0.0	0.0	35.52240525471493	0.0	0.0	0.0	35.52240525471493	0.0	0.0	0.0	25.19724548935072	13.886018751261847	0.0	0.0	13.886018751261847	25.19724548935072	0.0	0.0	0.0	0.0	0.0	11.26999840768581	0.0	0.0	0.0	0.0	0.0	0.0	0.0	0.0	0.0	0.0	0.0	0.0	0.0	0.0	0.0	0.0	0.0	0.0	0.0	71.04481050942987	0.0	0.0	0.0	0.0	0.0	0.0
CAVER1501501_acpa-accepte	acpa-accepte	0.0	0.0	50.780559278829315	0.0	0.0	0.0	0.0	0.0	0.0	24.30233157609604	7.657423571730714	11.667479372225976	0.0	12.15116578804802	0.0	0.0	14.635535187576776	12.15116578804802	21.94121819027744	21.94121819027744	47.35249478575421	0.0	7.657423571730714	0.0	7.313739396759146	0.0	0.0	0.0	0.0	0.0	7.657423571730714	12.15116578804802	12.15116578804802	0.0	0.0	0.0	0.0	0.0	12.15116578804802	12.15116578804802	0.0	0.0	0.0	0.0	31.084405341239044	5.484953054485947	0.0	0.0	0.0	0.0	0.0	0.0	0.0	14.635535187576776	12.15116578804802	29.254957587036586	0.0	0.0	0.0	0.0	0.0	7.313739396759146	0.0	8.463426546471553	0.0	0.0	0.0	0.0	0.0	0.0	32.18657325030366	8.463426546471553	0.0	0.0	0.0	0.0	7.657423571730714	0.0	12.15116578804802	0.0	62.16881068247809	15.314847143461428	7.657423571730714	0.0	0.0	0.0	14.635535187576776	14.635535187576776	14.635535187576776	0.0	12.15116578804802	12.15116578804802	8.463426546471553	0.0	0.0	0.0	0.0	0.0	12.15116578804802	7.657423571730714	0.0	12.15116578804802	32.18657325030366	14.635535187576776	0.0	0.0	10.75812118867809	0.0	12.15116578804802	0.0	0.0	0.0	0.0	0.0	0.0	0.0	0.0	36.88714336764498	0.0	0.0	0.0	0.0	0.0	0.0	0.0	22.049221798395095	0.0	0.0	0.0	4.930989275467569	0.0	0.0	7.657423571730714	0.0	0.0	0.0	12.15116578804802	0.0	0.0	0.0	0.0	0.0	0.0	0.0	0.0	0.0	29.31525422310257	12.15116578804802	0.0	0.0	0.0	22.049221798395095	7.212834266948027	12.15116578804802	0.0	0.0	0.0	0.0	6.5338158466246865	0.0	0.0	0.0	0.0	0.0	0.0	7.838182567755964	12.371028786440677	0.0	0.0	0.0	12.15116578804802	31.158591310713888	0.0	12.15116578804802	0.0	0.0	16.094140170163204	0.0	0.0	12.371028786440677	0.0	0.0	15.579295655356944	0.0	0.0	0.0	0.0	0.0	0.0	0.0	0.0	14.635535187576776	0.0	0.0	0.0	0.0	0.0	0.0	31.084405341239044	0.0	0.0	0.0	0.0	0.0	0.0	0.0	12.15116578804802	32.669079233123426	24.30233157609604	29.271070375153553	12.15116578804802	0.0	0.0	0.0	0.0	0.0	0.0	0.0	0.0	22.049221798395095	7.789647827678472	0.0	0.0	0.0	0.0	0.0	22.049221798395095	18.44357168382249	0.0	36.9798467941329	0.0	0.0	14.635535187576776	22.049221798395095	0.0	0.0	36.56869698379573	25.390279639414658	0.0	0.0	8.463426546471553	0.0	0.0	0.0	0.0	0.0	14.786298173840473	0.0	0.0	0.0	0.0	0.0	0.0	0.0	0.0	12.15116578804802	7.657423571730714	12.15116578804802	0.0	0.0	0.0	0.0	0.0	0.0	0.0	0.0	0.0	0.0	0.0	0.0	154.34455258876568	12.15116578804802	0.0	14.792967826402705	0.0	7.657423571730714	0.0	0.0	7.789647827678472	0.0	0.0	0.0	68.49676924864737	0.0	0.0	14.425668533896054	0.0	0.0	0.0	0.0	0.0	0.0	0.0	62.16881068247809	0.0	0.0	12.15116578804802	15.314847143461428	0.0	0.0
CABAS1400506_acpa-accepte	acpa-accepte	0.0	0.0	24.699788269177063	0.0	0.0	0.0	7.449179118750128	0.0	0.0	0.0	0.0	0.0	0.0	0.0	0.0	11.82071353489722	0.0	0.0	14.229682943346605	14.229682943346605	15.354912875264462	0.0	0.0	10.671578339127118	21.344524415019908	0.0	11.82071353489722	0.0	0.0	0.0	0.0	0.0	0.0	0.0	0.0	0.0	30.239061613564058	30.239061613564058	0.0	0.0	0.0	0.0	7.0166804676590155	0.0	0.0	0.0	0.0	0.0	42.89918170692804	7.577807521916246	11.82071353489722	0.0	0.0	0.0	0.0	35.574207358366515	0.0	0.0	0.0	0.0	0.0	21.344524415019908	0.0	24.699788269177063	0.0	0.0	0.0	0.0	14.673405716540413	0.0	31.311255948466833	8.233262756392355	0.0	0.0	0.0	0.0	0.0	0.0	0.0	0.0	0.0	0.0	0.0	0.0	0.0	0.0	0.0	0.0	0.0	0.0	0.0	0.0	16.46652551278471	11.82071353489722	11.82071353489722	0.0	0.0	0.0	0.0	0.0	0.0	0.0	31.311255948466833	14.237520242907053	7.449179118750128	0.0	0.0	0.0	0.0	0.0	0.0	0.0	0.0	15.250044709093258	10.671578339127118	0.0	0.0	17.941996779374865	0.0	0.0	0.0	0.0	0.0	0.0	0.0	21.44959085346402	0.0	0.0	0.0	9.593780989521987	0.0	0.0	0.0	0.0	0.0	0.0	0.0	0.0	0.0	0.0	41.75055548532512	11.82071353489722	60.478123227128116	11.82071353489722	7.577807521916246	0.0	0.0	0.0	28.76836642727097	21.44959085346402	0.0	0.0	0.0	0.0	7.577807521916246	0.0	0.0	0.0	0.0	0.0	7.0166804676590155	0.0	0.0	0.0	0.0	0.0	0.0	0.0	0.0	20.931105864781422	0.0	7.577807521916246	0.0	0.0	0.0	10.43763887133128	0.0	0.0	0.0	0.0	0.0	0.0	0.0	0.0	0.0	0.0	0.0	0.0	0.0	0.0	21.44959085346402	0.0	0.0	0.0	0.0	0.0	0.0	0.0	30.239061613564058	0.0	0.0	7.449179118750128	7.449179118750128	0.0	11.82071353489722	11.82071353489722	0.0	38.136768155376835	0.0	0.0	0.0	0.0	0.0	0.0	0.0	0.0	0.0	23.64142706979444	0.0	21.44959085346402	0.0	0.0	0.0	0.0	0.0	0.0	21.44959085346402	17.941996779374865	0.0	17.987087952819923	0.0	0.0	14.237520242907053	0.0	0.0	0.0	42.689048830039816	16.46652551278471	0.0	0.0	24.699788269177063	0.0	0.0	0.0	0.0	0.0	14.384183213635485	0.0	0.0	0.0	11.82071353489722	0.0	0.0	0.0	0.0	0.0	0.0	0.0	0.0	0.0	0.0	0.0	21.44959085346402	0.0	0.0	0.0	0.0	0.0	0.0	0.0	0.0	0.0	0.0	0.0	0.0	0.0	0.0	0.0	0.0	0.0	0.0	0.0	33.31699614166345	0.0	10.465552932390711	0.0	0.0	0.0	0.0	0.0	0.0	0.0	0.0	0.0	0.0	0.0	0.0	0.0	0.0	0.0
CACHA1502356_acpa-accepte	acpa-accepte	7.2920767767829435	0.0	25.66922539216227	0.0	0.0	7.741550482212153	0.0	0.0	0.0	0.0	0.0	23.59132408287072	29.59265173918274	0.0	0.0	0.0	29.59265173918274	0.0	44.36454289621416	44.36454289621416	15.957574825207603	0.0	0.0	16.635637521982943	36.97045241351181	0.0	0.0	0.0	0.0	0.0	0.0	0.0	0.0	24.569324782602234	0.0	0.0	31.425908584596932	31.425908584596932	0.0	0.0	0.0	0.0	0.0	0.0	31.425908584596932	11.090425014655295	0.0	7.741550482212153	66.87438485547487	7.875227396229481	0.0	0.0	0.0	14.79632586959137	0.0	73.94090482702362	12.284662391301117	0.0	12.284662391301117	12.284662391301117	0.0	29.57636193080944	0.0	34.22563385621636	0.0	0.0	0.0	12.284662391301117	0.0	0.0	0.0	17.11281692810818	0.0	7.2920767767829435	0.0	0.0	0.0	0.0	0.0	9.87910700168385	31.425908584596932	0.0	0.0	0.0	0.0	0.0	14.79632586959137	14.79632586959137	14.79632586959137	12.284662391301117	0.0	0.0	17.11281692810818	0.0	0.0	0.0	0.0	0.0	0.0	0.0	0.0	0.0	65.08037052737501	0.0	0.0	0.0	10.876313357324682	7.741550482212153	0.0	0.0	30.498638652586912	0.0	0.0	47.54577212713601	33.271275043965886	0.0	7.741550482212153	18.646198675717134	0.0	0.0	0.0	0.0	0.0	25.013881750173137	0.0	0.0	0.0	0.0	0.0	9.97032540924232	0.0	12.284662391301117	0.0	12.284662391301117	7.2920767767829435	7.2920767767829435	0.0	0.0	0.0	0.0	21.69460740556571	0.0	31.425908584596932	0.0	15.750454792458962	0.0	0.0	0.0	29.897490372719552	22.291461618491624	0.0	22.291461618491624	0.0	0.0	23.625682188688444	23.22465144663646	23.22465144663646	0.0	6.605598442387111	0.0	0.0	0.0	0.0	0.0	0.0	7.924295354522669	0.0	0.0	0.0	10.876313357324682	0.0	0.0	0.0	0.0	0.0	10.847303702782854	0.0	12.284662391301117	12.284662391301117	0.0	0.0	0.0	31.500909584917924	0.0	0.0	0.0	0.0	23.625682188688444	14.79632586959137	7.741550482212153	22.291461618491624	0.0	0.0	0.0	0.0	0.0	0.0	0.0	0.0	10.876313357324682	7.741550482212153	0.0	0.0	7.741550482212153	0.0	0.0	0.0	0.0	0.0	0.0	0.0	0.0	12.284662391301117	0.0	0.0	0.0	12.284662391301117	0.0	45.74795797888038	0.0	7.875227396229481	31.697181418090675	0.0	15.848590709045338	0.0	0.0	0.0	55.938596027151405	0.0	18.693059623744077	0.0	0.0	0.0	22.291461618491624	12.284662391301117	0.0	44.36454289621416	17.11281692810818	0.0	0.0	34.22563385621636	0.0	0.0	0.0	24.569324782602234	0.0	29.897490372719552	12.284662391301117	0.0	0.0	0.0	0.0	12.284662391301117	12.284662391301117	31.425908584596932	0.0	0.0	0.0	31.425908584596932	7.2920767767829435	0.0	0.0	0.0	0.0	0.0	7.741550482212153	0.0	22.291461618491624	0.0	0.0	66.87438485547487	0.0	0.0	14.95548811386348	0.0	0.0	15.249319326293456	0.0	7.875227396229481	0.0	0.0	0.0	69.24929671704054	12.284662391301117	21.752626714649363	0.0	0.0	7.741550482212153	0.0	0.0	12.284662391301117	12.284662391301117	0.0	0.0	7.741550482212153	0.0	0.0	0.0	0.0	0.0
CANAN1101988_acpa-accepte	acpa-accepte	0.0	0.0	26.941190662024116	0.0	0.0	0.0	0.0	0.0	0.0	0.0	0.0	0.0	0.0	0.0	35.35431801114709	0.0	0.0	0.0	34.92217598720569	34.92217598720569	0.0	0.0	0.0	17.45996910373896	34.92217598720569	0.0	0.0	0.0	0.0	54.351361219176646	0.0	19.34009071054957	0.0	0.0	0.0	0.0	0.0	0.0	19.34009071054957	0.0	0.0	27.175680609588323	11.480122272724264	0.0	49.47469481277057	17.45996910373896	0.0	0.0	0.0	0.0	0.0	27.175680609588323	0.0	0.0	0.0	69.84435197441138	0.0	0.0	0.0	0.0	0.0	34.92217598720569	27.175680609588323	26.941190662024116	0.0	0.0	11.480122272724264	19.34009071054957	24.007433794313307	0.0	51.22893203670287	40.411785993036176	12.187741412600932	11.480122272724264	0.0	0.0	0.0	0.0	0.0	0.0	0.0	0.0	0.0	0.0	0.0	0.0	0.0	0.0	0.0	0.0	0.0	0.0	67.35297665506029	0.0	0.0	0.0	0.0	0.0	0.0	48.75096565040373	0.0	0.0	51.22893203670287	0.0	0.0	57.24263644198982	0.0	0.0	0.0	0.0	48.014867588626615	0.0	0.0	62.377209113283165	43.6499227593474	0.0	24.375482825201864	58.71047364731105	31.23958915153518	27.175680609588323	0.0	0.0	212.12590806688254	19.690030000900613	0.0	0.0	0.0	0.0	0.0	7.848282341278924	0.0	38.68018142109914	0.0	0.0	11.480122272724264	11.480122272724264	0.0	0.0	0.0	0.0	8.5386081804435	0.0	0.0	0.0	0.0	0.0	0.0	0.0	47.0684628855264	35.094077154097576	0.0	0.0	0.0	19.34009071054957	0.0	0.0	0.0	0.0	0.0	0.0	0.0	0.0	35.35431801114709	35.35431801114709	0.0	12.475441822656633	0.0	22.96024454544853	0.0	17.122887078766716	0.0	12.398192751079078	0.0	0.0	0.0	8.5386081804435	0.0	0.0	0.0	0.0	0.0	0.0	12.398192751079078	44.03254242633067	0.0	0.0	0.0	0.0	0.0	24.375482825201864	0.0	0.0	31.23958915153518	0.0	0.0	0.0	0.0	0.0	0.0	0.0	0.0	0.0	0.0	0.0	19.34009071054957	19.34009071054957	0.0	31.198140169573072	0.0	23.294273410670414	0.0	0.0	0.0	0.0	0.0	0.0	0.0	0.0	24.007433794313307	0.0	12.398192751079078	24.950883645313265	0.0	12.475441822656633	0.0	0.0	35.094077154097576	29.355236823655524	0.0	29.429011336682855	0.0	0.0	0.0	35.094077154097576	0.0	0.0	69.84435197441138	26.941190662024116	0.0	0.0	26.941190662024116	0.0	0.0	54.351361219176646	0.0	0.0	70.6026943282896	0.0	0.0	19.34009071054957	0.0	62.47917830307036	0.0	0.0	0.0	0.0	0.0	0.0	0.0	22.96024454544853	0.0	0.0	0.0	38.68018142109914	27.175680609588323	0.0	0.0	0.0	0.0	0.0	0.0	0.0	31.23958915153518	7.848282341278924	27.175680609588323	24.375482825201864	0.0	27.175680609588323	0.0	0.0	0.0	0.0	54.51056111634329	0.0	0.0	0.0	0.0	0.0	0.0	54.351361219176646	0.0	0.0	0.0	0.0	0.0	0.0	0.0	0.0	0.0	0.0
CAPAR1507861_acpa-rejette	acpa-rejette	0.0	0.0	34.12115963433643	22.945428257273566	16.329551052035296	0.0	0.0	0.0	0.0	0.0	0.0	0.0	0.0	0.0	29.850953106336906	0.0	0.0	0.0	9.82869322531445	9.82869322531445	0.0	0.0	0.0	0.0	19.6573864506289	0.0	16.329551052035296	0.0	0.0	0.0	0.0	0.0	0.0	0.0	0.0	0.0	0.0	0.0	0.0	0.0	0.0	0.0	0.0	0.0	0.0	7.371047559020535	0.0	0.0	0.0	0.0	0.0	0.0	0.0	0.0	0.0	29.486079675943348	0.0	0.0	0.0	0.0	0.0	19.6573864506289	0.0	22.747439756224285	0.0	0.0	0.0	0.0	0.0	0.0	43.25447452933971	11.373719878112142	0.0	0.0	0.0	0.0	0.0	20.58111811207904	0.0	0.0	0.0	0.0	20.58111811207904	22.945428257273566	0.0	0.0	0.0	0.0	0.0	0.0	0.0	0.0	0.0	0.0	0.0	0.0	0.0	0.0	0.0	0.0	22.945428257273566	0.0	0.0	0.0	0.0	24.166033348092988	0.0	0.0	0.0	0.0	0.0	0.0	0.0	10.533475110778259	0.0	0.0	0.0	0.0	0.0	0.0	0.0	0.0	0.0	0.0	0.0	29.631222163777394	0.0	0.0	0.0	0.0	0.0	0.0	0.0	0.0	0.0	0.0	0.0	0.0	0.0	0.0	14.418922877111596	16.329551052035296	0.0	0.0	0.0	0.0	13.131934520784952	0.0	19.870818579221417	0.0	22.945428257273566	0.0	0.0	0.0	0.0	0.0	0.0	0.0	17.561159364149294	0.0	0.0	0.0	29.850953106336906	29.850953106336906	26.37673594862398	21.066950221556517	33.25003537242215	0.0	0.0	14.457484346670427	0.0	0.0	0.0	0.0	0.0	7.209461438555798	7.209461438555798	0.0	0.0	33.25003537242215	0.0	0.0	0.0	0.0	0.0	0.0	0.0	0.0	0.0	0.0	0.0	0.0	26.37673594862398	0.0	0.0	0.0	0.0	0.0	0.0	0.0	0.0	0.0	0.0	0.0	0.0	0.0	0.0	17.561159364149294	0.0	0.0	0.0	0.0	0.0	0.0	0.0	0.0	0.0	0.0	0.0	0.0	0.0	21.066950221556517	0.0	10.533475110778259	0.0	0.0	0.0	0.0	0.0	0.0	0.0	0.0	0.0	0.0	0.0	0.0	49.14346612657224	34.12115963433643	22.945428257273566	16.329551052035296	22.747439756224285	0.0	0.0	0.0	0.0	0.0	0.0	0.0	0.0	0.0	0.0	0.0	0.0	0.0	0.0	0.0	0.0	0.0	0.0	0.0	0.0	0.0	0.0	0.0	0.0	0.0	0.0	0.0	0.0	0.0	0.0	0.0	0.0	13.253187803591175	0.0	0.0	0.0	0.0	0.0	0.0	0.0	0.0	46.02527485245304	0.0	0.0	9.693090148424194	0.0	0.0	0.0	0.0	0.0	0.0	22.945428257273566	0.0	0.0	0.0	0.0	0.0	0.0	0.0
CALYO1501346_acpa-rejette	acpa-rejette	0.0	0.0	7.448355744334065	0.0	0.0	0.0	0.0	0.0	0.0	0.0	0.0	0.0	0.0	0.0	0.0	0.0	0.0	0.0	6.436557645924677	6.436557645924677	6.945536472125131	15.02636905056575	0.0	0.0	25.746230583698708	0.0	0.0	0.0	0.0	0.0	0.0	0.0	0.0	0.0	13.478043327753067	0.0	0.0	0.0	0.0	0.0	0.0	0.0	12.695509377948024	0.0	0.0	0.0	0.0	0.0	0.0	0.0	0.0	0.0	0.0	0.0	0.0	32.18278822962338	0.0	0.0	0.0	0.0	30.0527381011315	25.746230583698708	15.02636905056575	22.345067233002197	0.0	0.0	6.347754688974012	10.69380173630686	0.0	0.0	0.0	22.345067233002197	0.0	6.347754688974012	0.0	0.0	6.7390216638765335	0.0	0.0	17.19953031555452	0.0	0.0	0.0	0.0	45.07910715169725	45.07910715169725	0.0	0.0	0.0	0.0	0.0	0.0	29.79342297733626	0.0	0.0	0.0	0.0	0.0	0.0	13.478043327753067	0.0	0.0	0.0	0.0	0.0	15.825711837024219	0.0	0.0	0.0	0.0	26.549072704592735	6.347754688974012	0.0	0.0	0.0	0.0	0.0	0.0	0.0	0.0	0.0	0.0	19.548619134827533	0.0	0.0	0.0	0.0	0.0	0.0	8.679170804758868	0.0	21.38760347261372	0.0	0.0	6.347754688974012	6.347754688974012	0.0	34.54688788279285	0.0	0.0	0.0	0.0	0.0	0.0	0.0	0.0	0.0	0.0	0.0	0.0	0.0	0.0	0.0	10.69380173630686	6.85538745153016	6.7390216638765335	6.7390216638765335	0.0	0.0	0.0	0.0	15.02636905056575	0.0	0.0	0.0	13.796202243410233	0.0	6.347754688974012	0.0	0.0	0.0	6.85538745153016	17.273443941396426	0.0	0.0	0.0	0.0	0.0	0.0	0.0	51.820331824189275	0.0	0.0	73.0413242161034	30.0527381011315	15.02636905056575	45.07910715169725	0.0	0.0	0.0	0.0	0.0	0.0	0.0	0.0	0.0	0.0	0.0	0.0	0.0	0.0	0.0	0.0	0.0	0.0	0.0	0.0	0.0	0.0	0.0	0.0	0.0	0.0	30.0527381011315	30.0527381011315	30.0527381011315	0.0	0.0	13.274536352296368	0.0	0.0	68.98101121705116	0.0	34.49050560852558	17.273443941396426	0.0	0.0	0.0	0.0	16.2723131571636	15.02636905056575	15.02636905056575	0.0	0.0	0.0	30.0527381011315	25.746230583698708	7.448355744334065	0.0	0.0	22.345067233002197	30.0527381011315	0.0	30.0527381011315	0.0	0.0	13.012886487031222	0.0	0.0	0.0	0.0	0.0	0.0	0.0	0.0	0.0	6.7390216638765335	0.0	0.0	0.0	0.0	0.0	0.0	0.0	0.0	0.0	0.0	0.0	15.02636905056575	0.0	0.0	0.0	0.0	13.018756207138305	30.0527381011315	6.7390216638765335	0.0	15.02636905056575	0.0	0.0	17.273443941396426	0.0	45.211147804625405	0.0	0.0	0.0	15.02636905056575	6.7390216638765335	69.0937757655857	0.0	0.0	0.0	0.0	0.0	0.0	0.0	0.0	0.0	30.0527381011315	30.0527381011315
CAROU1501728_acpa-rejette	acpa-rejette	0.0	0.0	13.758434129394562	0.0	0.0	0.0	0.0	0.0	0.0	0.0	0.0	9.483525704241218	0.0	9.876674250803896	0.0	9.876674250803896	0.0	0.0	35.66839075545116	29.723658962875973	6.41481887581249	0.0	0.0	8.9165262897482	29.723658962875973	0.0	0.0	0.0	31.90711464557475	0.0	0.0	0.0	0.0	0.0	0.0	0.0	0.0	0.0	0.0	0.0	0.0	0.0	0.0	0.0	0.0	4.4582631448741	0.0	0.0	0.0	6.331558260700971	9.876674250803896	0.0	0.0	0.0	0.0	53.50258613317674	0.0	0.0	0.0	0.0	0.0	29.723658962875973	0.0	27.516868258789124	0.0	0.0	0.0	0.0	12.260211533280636	0.0	0.0	13.758434129394562	0.0	0.0	0.0	0.0	0.0	0.0	0.0	0.0	0.0	0.0	6.2240841362564305	13.878184386094054	0.0	0.0	0.0	0.0	0.0	0.0	0.0	0.0	34.39608532348641	9.876674250803896	0.0	0.0	0.0	0.0	0.0	0.0	0.0	0.0	0.0	11.896011959284994	6.2240841362564305	0.0	0.0	0.0	0.0	9.876674250803896	0.0	5.862714386610758	0.0	6.37100812303964	4.4582631448741	0.0	0.0	0.0	0.0	0.0	15.953557322787375	0.0	18.05488338092218	0.0	0.0	0.0	0.0	0.0	0.0	4.007991962047307	18.05488338092218	0.0	0.0	0.0	0.0	0.0	0.0	0.0	0.0	0.0	0.0	0.0	0.0	0.0	0.0	0.0	7.94264576725849	0.0	0.0	0.0	0.0	0.0	5.862714386610758	0.0	0.0	0.0	0.0	0.0	15.932389992240998	15.953557322787375	5.862714386610758	0.0	18.05488338092218	18.05488338092218	15.953557322787375	6.37100812303964	10.055382635892775	5.862714386610758	0.0	0.0	0.0	6.331558260700971	0.0	0.0	0.0	0.0	0.0	9.876674250803896	9.876674250803896	10.055382635892775	0.0	0.0	0.0	22.486713453848747	0.0	13.878184386094054	0.0	0.0	0.0	0.0	17.92198254760675	0.0	0.0	0.0	101.10184680045842	0.0	0.0	0.0	0.0	0.0	0.0	0.0	0.0	0.0	0.0	0.0	0.0	26.553983320401663	0.0	0.0	0.0	0.0	0.0	0.0	0.0	0.0	0.0	0.0	12.260211533280636	0.0	0.0	12.74201624607928	0.0	6.37100812303964	15.953557322787375	15.953557322787375	0.0	0.0	0.0	0.0	0.0	0.0	0.0	0.0	0.0	0.0	35.66839075545116	13.758434129394562	0.0	0.0	27.516868258789124	0.0	0.0	0.0	0.0	13.878184386094054	0.0	0.0	0.0	0.0	0.0	0.0	0.0	9.876674250803896	0.0	0.0	0.0	0.0	0.0	0.0	0.0	0.0	17.92198254760675	0.0	0.0	0.0	0.0	0.0	0.0	0.0	0.0	0.0	15.953557322787375	4.007991962047307	0.0	0.0	0.0	0.0	0.0	0.0	15.953557322787375	13.878184386094054	13.918834803628515	0.0	0.0	0.0	0.0	0.0	0.0	13.878184386094054	9.876674250803896	9.876674250803896	0.0	0.0	0.0	0.0	0.0	6.2240841362564305	0.0	0.0
CAAIX1416771_acpa-rejette	acpa-rejette	0.0	0.0	26.35687751745903	0.0	0.0	0.0	0.0	26.586281737360007	26.586281737360007	0.0	0.0	18.16748352825522	0.0	0.0	0.0	0.0	22.789056313263732	18.92063377707467	22.776511666585115	22.776511666585115	24.577592742948887	0.0	0.0	0.0	11.388255833292558	0.0	0.0	0.0	0.0	0.0	0.0	0.0	0.0	0.0	0.0	26.586281737360007	0.0	0.0	0.0	0.0	30.56205032999434	0.0	0.0	0.0	0.0	8.540644563540834	0.0	0.0	0.0	12.129294947556284	0.0	0.0	0.0	0.0	0.0	34.16476749987767	0.0	0.0	0.0	0.0	0.0	11.388255833292558	26.586281737360007	0.0	0.0	0.0	0.0	0.0	23.486749340932157	0.0	0.0	13.178438758729515	11.923407976143675	11.231136011154813	0.0	26.586281737360007	0.0	0.0	0.0	0.0	0.0	0.0	0.0	0.0	0.0	0.0	0.0	0.0	0.0	0.0	0.0	0.0	26.35687751745903	0.0	0.0	0.0	0.0	0.0	0.0	0.0	0.0	0.0	0.0	0.0	0.0	56.00113136813418	0.0	0.0	0.0	0.0	23.486749340932157	0.0	26.586281737360007	36.614605815410826	25.621933690622498	11.923407976143675	0.0	28.718566716789717	30.56205032999434	26.586281737360007	0.0	0.0	0.0	19.26298342041579	0.0	0.0	30.56205032999434	0.0	0.0	15.356130245802872	34.58753702547349	0.0	0.0	0.0	11.231136011154813	11.231136011154813	0.0	0.0	26.586281737360007	43.077544050383175	0.0	0.0	0.0	0.0	0.0	30.56205032999434	0.0	0.0	0.0	0.0	0.0	34.33294039385686	11.231136011154813	0.0	0.0	0.0	0.0	0.0	0.0	0.0	0.0	0.0	0.0	0.0	0.0	24.409737210273885	38.52596684083158	0.0	0.0	0.0	0.0	0.0	0.0	0.0	0.0	16.70683770474566	0.0	0.0	0.0	38.52596684083158	0.0	0.0	0.0	43.077544050383175	0.0	0.0	0.0	12.129294947556284	0.0	0.0	0.0	0.0	30.56205032999434	26.586281737360007	0.0	0.0	0.0	0.0	0.0	0.0	0.0	0.0	0.0	0.0	0.0	0.0	0.0	61.04300062588079	0.0	0.0	0.0	18.92063377707467	0.0	0.0	0.0	0.0	0.0	0.0	0.0	0.0	0.0	0.0	0.0	0.0	0.0	0.0	0.0	28.718566716789717	26.586281737360007	0.0	0.0	0.0	0.0	0.0	0.0	0.0	22.776511666585115	26.35687751745903	0.0	0.0	0.0	0.0	0.0	0.0	0.0	26.586281737360007	0.0	0.0	0.0	0.0	0.0	30.56205032999434	0.0	0.0	0.0	0.0	0.0	0.0	0.0	11.231136011154813	0.0	0.0	0.0	18.92063377707467	0.0	0.0	0.0	0.0	0.0	0.0	0.0	0.0	0.0	15.356130245802872	0.0	0.0	23.486749340932157	0.0	12.129294947556284	0.0	0.0	0.0	53.32831057005266	0.0	16.751517894733947	0.0	0.0	0.0	0.0	0.0	0.0	0.0	0.0	0.0	0.0	26.586281737360007	0.0	0.0	0.0	0.0
CAROU1406104_acpa-rejette	acpa-rejette	0.0	0.0	24.68808519556343	0.0	0.0	0.0	11.16847440450808	0.0	0.0	0.0	0.0	0.0	0.0	0.0	32.39761842896462	0.0	0.0	0.0	21.334411108065424	21.334411108065424	34.5321844253659	24.902964629646075	0.0	15.999783014513111	21.334411108065424	24.902964629646075	0.0	24.902964629646075	57.25401286993863	0.0	22.33694880901616	0.0	0.0	0.0	0.0	0.0	0.0	0.0	17.72266909587655	17.72266909587655	0.0	0.0	10.520033812908258	24.902964629646075	0.0	7.999891507256556	24.902964629646075	0.0	0.0	0.0	0.0	0.0	49.80592925929215	0.0	0.0	53.33602777016356	17.72266909587655	0.0	0.0	0.0	24.902964629646075	32.00161666209814	0.0	37.03212779334515	0.0	0.0	21.040067625816516	0.0	21.999679905621726	0.0	0.0	12.344042597781716	0.0	0.0	0.0	0.0	0.0	0.0	0.0	28.5045105476531	0.0	11.16847440450808	0.0	0.0	24.902964629646075	24.902964629646075	0.0	0.0	0.0	0.0	0.0	0.0	24.68808519556343	0.0	0.0	0.0	0.0	24.902964629646075	0.0	0.0	24.902964629646075	0.0	0.0	0.0	0.0	0.0	0.0	0.0	0.0	0.0	21.999679905621726	0.0	0.0	11.432114283062727	7.999891507256556	0.0	0.0	26.900243449889874	0.0	0.0	0.0	0.0	32.39761842896462	18.043342785537913	0.0	0.0	0.0	0.0	0.0	7.191926500614907	0.0	0.0	0.0	0.0	0.0	0.0	17.72266909587655	57.25401286993863	0.0	40.3500785260706	0.0	0.0	0.0	0.0	0.0	0.0	14.25225527382655	0.0	0.0	0.0	0.0	0.0	0.0	0.0	0.0	0.0	0.0	0.0	9.529674617477632	0.0	10.520033812908258	0.0	0.0	0.0	0.0	0.0	0.0	10.520033812908258	0.0	15.69089133059291	0.0	11.361325590598845	28.627006434969314	0.0	0.0	7.824520039029569	0.0	0.0	0.0	0.0	57.25401286993863	0.0	11.361325590598845	121.0502355782118	49.80592925929215	0.0	0.0	0.0	0.0	0.0	0.0	0.0	0.0	0.0	0.0	0.0	0.0	0.0	0.0	0.0	0.0	0.0	0.0	0.0	0.0	0.0	0.0	66.70772232234343	0.0	21.34616148728788	0.0	0.0	0.0	24.902964629646075	24.902964629646075	24.902964629646075	0.0	0.0	21.999679905621726	0.0	34.083976771796536	0.0	0.0	0.0	0.0	28.627006434969314	0.0	26.900243449889874	0.0	53.93569632580168	0.0	0.0	21.34616148728788	32.15914164704343	0.0	24.902964629646075	53.33602777016356	12.344042597781716	0.0	0.0	37.03212779334515	24.902964629646075	0.0	0.0	17.72266909587655	0.0	21.566051707211123	0.0	0.0	0.0	17.72266909587655	85.88101930490795	0.0	0.0	0.0	17.72266909587655	0.0	0.0	0.0	0.0	0.0	0.0	0.0	0.0	0.0	0.0	0.0	32.15914164704343	24.902964629646075	0.0	0.0	0.0	0.0	0.0	0.0	0.0	21.999679905621726	0.0	11.361325590598845	24.902964629646075	28.627006434969314	0.0	24.975907594077025	0.0	0.0	0.0	0.0	0.0	28.627006434969314	0.0	0.0	0.0	0.0	0.0	11.16847440450808	0.0	17.72266909587655	11.16847440450808	74.70889388893823	24.902964629646075
CAPAR1305998_acpa-rejette	acpa-rejette	0.0	0.0	18.579601920011218	0.0	0.0	0.0	0.0	0.0	0.0	0.0	0.0	12.806699565217857	0.0	0.0	0.0	0.0	0.0	0.0	16.055715234527515	16.055715234527515	8.66267047402833	0.0	0.0	0.0	16.055715234527515	18.74131451596298	0.0	0.0	0.0	0.0	0.0	0.0	0.0	0.0	0.0	0.0	0.0	0.0	0.0	0.0	0.0	0.0	0.0	0.0	0.0	0.0	0.0	0.0	0.0	0.0	0.0	18.74131451596298	0.0	0.0	0.0	40.13928808631879	0.0	0.0	0.0	0.0	0.0	24.083572851791274	0.0	27.869402880016825	0.0	0.0	0.0	0.0	0.0	0.0	0.0	18.579601920011218	0.0	0.0	0.0	18.74131451596298	0.0	0.0	0.0	0.0	0.0	0.0	0.0	0.0	0.0	0.0	0.0	0.0	0.0	0.0	0.0	0.0	9.289800960005609	0.0	0.0	0.0	0.0	0.0	0.0	0.0	0.0	0.0	0.0	0.0	0.0	0.0	11.808551063529254	0.0	0.0	0.0	33.11275797829595	0.0	0.0	0.0	0.0	0.0	0.0	20.2444138899909	0.0	0.0	0.0	0.0	0.0	0.0	0.0	0.0	0.0	0.0	24.381593339395657	5.412454241020565	0.0	0.0	0.0	0.0	0.0	0.0	0.0	0.0	0.0	30.366405110685026	5.888527457222356	0.0	0.0	0.0	8.550234053586975	0.0	0.0	0.0	0.0	0.0	0.0	0.0	0.0	0.0	0.0	0.0	0.0	0.0	14.343563659751764	0.0	0.0	0.0	0.0	0.0	0.0	0.0	0.0	0.0	0.0	0.0	0.0	0.0	0.0	0.0	0.0	0.0	0.0	0.0	0.0	0.0	0.0	0.0	0.0	0.0	0.0	0.0	0.0	0.0	0.0	0.0	0.0	0.0	0.0	0.0	81.91769714188268	0.0	0.0	0.0	0.0	11.808551063529254	0.0	0.0	0.0	0.0	0.0	0.0	0.0	0.0	0.0	0.0	0.0	0.0	0.0	0.0	0.0	0.0	0.0	0.0	0.0	0.0	0.0	0.0	0.0	0.0	0.0	0.0	0.0	20.2444138899909	0.0	0.0	0.0	0.0	0.0	0.0	0.0	0.0	32.11143046905503	9.289800960005609	0.0	0.0	27.869402880016825	0.0	0.0	0.0	0.0	0.0	0.0	0.0	0.0	0.0	0.0	0.0	0.0	0.0	0.0	0.0	0.0	0.0	0.0	0.0	0.0	0.0	0.0	0.0	18.74131451596298	0.0	0.0	0.0	0.0	0.0	0.0	0.0	0.0	5.412454241020565	0.0	0.0	16.556378989147976	0.0	8.550234053586975	0.0	0.0	0.0	18.79620946756644	13.337613433894205	0.0	0.0	0.0	0.0	0.0	0.0	0.0	0.0	0.0	0.0	0.0	18.74131451596298	0.0	0.0	0.0	0.0
CAVER1501683_acpa-rejette	acpa-rejette	10.241690990115993	0.0	12.017439497217662	0.0	0.0	0.0	0.0	24.244073071483353	24.244073071483353	0.0	0.0	0.0	0.0	0.0	0.0	0.0	0.0	0.0	31.154906425795016	31.154906425795016	33.61851952075831	0.0	0.0	7.788227512276859	10.384968808598337	0.0	0.0	0.0	0.0	0.0	0.0	0.0	0.0	0.0	0.0	24.244073071483353	0.0	0.0	0.0	0.0	0.0	24.244073071483353	10.241690990115993	24.244073071483353	0.0	0.0	0.0	0.0	0.0	0.0	0.0	0.0	0.0	0.0	0.0	51.924844042991694	0.0	0.0	17.25375636885597	0.0	0.0	20.769937617196675	0.0	24.034878994435324	0.0	0.0	10.241690990115993	0.0	0.0	0.0	0.0	24.034878994435324	0.0	0.0	0.0	0.0	0.0	43.49189963311346	0.0	0.0	0.0	0.0	0.0	0.0	0.0	0.0	0.0	0.0	0.0	0.0	0.0	0.0	24.034878994435324	0.0	0.0	0.0	0.0	0.0	17.25375636885597	0.0	0.0	17.25375636885597	0.0	0.0	0.0	25.533760876890515	0.0	0.0	0.0	0.0	21.41760449461464	0.0	24.244073071483353	22.259278616986123	15.576455024553718	10.872974908278366	0.0	26.18850717329595	0.0	0.0	0.0	0.0	0.0	0.0	24.244073071483353	0.0	27.86958284480702	24.244073071483353	0.0	14.003279866371754	0.0	0.0	0.0	17.25375636885597	0.0	0.0	0.0	0.0	24.244073071483353	78.56496339087079	15.234992170345036	0.0	0.0	0.0	11.060723568610186	27.86958284480702	0.0	0.0	20.995449386398846	31.30826355826476	0.0	0.0	0.0	0.0	11.060723568610186	0.0	0.0	0.0	18.55507014602955	0.0	0.0	0.0	0.0	0.0	0.0	11.129639308493061	17.565945559174185	0.0	24.244073071483353	0.0	0.0	0.0	0.0	0.0	0.0	7.617496085172518	0.0	0.0	0.0	17.565945559174185	0.0	0.0	11.060723568610186	0.0	0.0	0.0	0.0	11.060723568610186	0.0	10.872974908278366	0.0	20.781377100676796	0.0	24.244073071483353	0.0	0.0	0.0	0.0	0.0	0.0	0.0	10.872974908278366	10.872974908278366	0.0	0.0	0.0	0.0	0.0	0.0	0.0	0.0	0.0	17.25375636885597	0.0	0.0	0.0	0.0	0.0	0.0	0.0	0.0	22.259278616986123	0.0	11.129639308493061	0.0	0.0	0.0	52.3770143465919	24.244073071483353	0.0	0.0	0.0	0.0	0.0	0.0	0.0	41.53987523439335	12.017439497217662	0.0	0.0	24.034878994435324	0.0	24.244073071483353	0.0	0.0	0.0	0.0	0.0	0.0	0.0	0.0	27.86958284480702	0.0	0.0	0.0	0.0	10.872974908278366	0.0	0.0	10.241690990115993	0.0	0.0	0.0	0.0	0.0	0.0	0.0	0.0	0.0	0.0	0.0	0.0	0.0	7.001639933185877	0.0	0.0	21.41760449461464	0.0	11.060723568610186	24.244073071483353	0.0	0.0	24.315086084833954	0.0	0.0	10.241690990115993	0.0	0.0	0.0	0.0	0.0	0.0	0.0	0.0	0.0	0.0	0.0	0.0	0.0	0.0
CAFOR1400518_acpa-rejette	acpa-rejette	16.955726623077112	30.7598311171982	0.0	0.0	0.0	0.0	0.0	0.0	0.0	0.0	0.0	0.0	0.0	0.0	17.405684274710786	0.0	0.0	0.0	11.461954363962702	11.461954363962702	6.184161352702377	0.0	0.0	8.595914919644779	17.192931545944052	0.0	0.0	0.0	0.0	0.0	0.0	0.0	0.0	0.0	0.0	0.0	0.0	0.0	0.0	0.0	30.7598311171982	0.0	0.0	0.0	0.0	0.0	0.0	0.0	0.0	0.0	0.0	0.0	0.0	0.0	0.0	28.65488590990675	0.0	0.0	0.0	0.0	0.0	11.461954363962702	0.0	13.26372236907883	13.379166768023513	13.379166768023513	0.0	0.0	23.638742670023383	26.758333536047026	0.0	6.631861184539415	0.0	5.651908874359036	13.379166768023513	0.0	0.0	0.0	0.0	15.31410440200895	0.0	0.0	0.0	0.0	0.0	0.0	34.40480183499072	34.40480183499072	34.40480183499072	0.0	0.0	0.0	13.26372236907883	0.0	0.0	0.0	0.0	0.0	0.0	0.0	0.0	0.0	0.0	0.0	0.0	0.0	0.0	0.0	0.0	0.0	0.0	0.0	0.0	12.283851804705678	8.595914919644779	0.0	0.0	28.90441749156705	0.0	0.0	15.3799155585991	13.379166768023513	17.405684274710786	9.693821429314562	0.0	0.0	0.0	0.0	17.405684274710786	3.8638766695490476	0.0	0.0	0.0	0.0	5.651908874359036	5.651908874359036	0.0	15.3799155585991	0.0	21.678159116062453	12.611216379911744	0.0	0.0	0.0	6.10389453798118	15.3799155585991	0.0	0.0	0.0	0.0	0.0	0.0	5.651908874359036	0.0	0.0	0.0	0.0	0.0	0.0	0.0	0.0	0.0	0.0	0.0	0.0	0.0	0.0	0.0	0.0	0.0	0.0	0.0	0.0	0.0	13.379166768023513	0.0	0.0	0.0	0.0	0.0	0.0	0.0	0.0	0.0	0.0	0.0	0.0	0.0	0.0	0.0	0.0	0.0	0.0	0.0	58.47991774430646	0.0	0.0	0.0	0.0	0.0	0.0	0.0	0.0	0.0	9.52153885830736	9.52153885830736	0.0	15.359509341363822	28.564616574922088	11.468267278330238	0.0	0.0	0.0	0.0	0.0	0.0	0.0	0.0	11.819371335011692	0.0	0.0	0.0	0.0	0.0	0.0	0.0	0.0	0.0	0.0	0.0	0.0	0.0	0.0	0.0	0.0	0.0	28.65488590990675	0.0	0.0	0.0	19.895583553618245	0.0	0.0	0.0	0.0	0.0	0.0	0.0	0.0	0.0	0.0	0.0	0.0	0.0	0.0	0.0	0.0	9.52153885830736	0.0	0.0	0.0	0.0	0.0	0.0	0.0	0.0	0.0	0.0	0.0	0.0	0.0	0.0	0.0	7.727753339098095	0.0	0.0	11.819371335011692	0.0	0.0	0.0	0.0	0.0	26.8367110385002	0.0	8.429962254414546	0.0	0.0	0.0	0.0	0.0	0.0	0.0	0.0	0.0	6.000284858632084	0.0	0.0	0.0	0.0	0.0
CADIJ1500876_acpa-rejette	acpa-rejette	16.784884598340263	30.44990209171643	26.260160270148276	0.0	0.0	5.939827360287461	5.939827360287461	0.0	0.0	9.425602009753206	5.939827360287461	45.25204368776596	11.35271563931132	0.0	0.0	0.0	0.0	0.0	28.36616583106395	28.36616583106395	24.48740462737836	0.0	5.939827360287461	8.509304446264117	34.03939899727674	0.0	0.0	26.48872268529998	45.67485313757464	13.24436134264999	0.0	0.0	0.0	9.425602009753206	0.0	0.0	0.0	0.0	0.0	0.0	15.224951045858216	0.0	5.594961532780087	0.0	0.0	4.254652223132059	0.0	5.939827360287461	0.0	6.042393092196508	0.0	13.24436134264999	0.0	11.35271563931132	9.425602009753206	62.40556482834069	0.0	0.0	0.0	0.0	0.0	34.03939899727674	0.0	39.390240405222414	0.0	0.0	0.0	0.0	35.100846155379756	0.0	0.0	13.130080135074138	11.879654720574923	0.0	0.0	0.0	0.0	0.0	0.0	7.57990149371748	0.0	0.0	0.0	0.0	0.0	0.0	0.0	0.0	0.0	0.0	0.0	0.0	45.95528047275948	0.0	9.425602009753206	26.48872268529998	0.0	13.24436134264999	0.0	5.939827360287461	0.0	0.0	0.0	11.35271563931132	5.939827360287461	41.84672532044134	8.34502388214572	5.939827360287461	9.425602009753206	0.0	11.70028205179325	0.0	0.0	18.240123783708476	12.763956669396174	0.0	5.939827360287461	14.306591594779874	15.224951045858216	13.24436134264999	0.0	0.0	0.0	19.192297401930436	13.24436134264999	0.0	15.224951045858216	13.24436134264999	0.0	11.474835394962913	17.23030857955333	0.0	5.939827360287461	0.0	5.594961532780087	5.594961532780087	0.0	0.0	0.0	21.459734941252094	24.96829729413294	0.0	0.0	9.425602009753206	6.042393092196508	0.0	0.0	9.425602009753206	11.469661776917413	0.0	0.0	0.0	5.594961532780087	0.0	6.042393092196508	5.939827360287461	5.939827360287461	0.0	10.136500291334778	30.44990209171643	5.594961532780087	13.24436134264999	17.23030857955333	17.23030857955333	0.0	6.080041261236159	0.0	0.0	13.24436134264999	8.34502388214572	18.85120401950641	6.042393092196508	0.0	9.425602009753206	13.24436134264999	4.161382882355491	4.161382882355491	0.0	0.0	0.0	0.0	0.0	6.042393092196508	0.0	0.0	0.0	0.0	12.084786184393016	11.35271563931132	0.0	0.0	0.0	15.224951045858216	0.0	38.593791642550045	0.0	13.24436134264999	13.24436134264999	0.0	8.34502388214572	5.939827360287461	0.0	0.0	5.939827360287461	0.0	0.0	0.0	10.136500291334778	0.0	0.0	0.0	0.0	0.0	0.0	0.0	0.0	0.0	0.0	23.4005641035865	17.103477388224547	12.084786184393016	24.320165044944638	5.939827360287461	12.160082522472319	0.0	0.0	0.0	71.53295797389937	0.0	43.027639200592795	13.24436134264999	13.24436134264999	11.35271563931132	0.0	0.0	0.0	68.07879799455348	19.695120202611207	0.0	0.0	39.390240405222414	0.0	13.24436134264999	0.0	0.0	0.0	11.469661776917413	0.0	13.24436134264999	9.425602009753206	0.0	0.0	0.0	0.0	0.0	0.0	0.0	0.0	0.0	0.0	0.0	0.0	0.0	0.0	13.24436134264999	5.939827360287461	0.0	0.0	0.0	26.48872268529998	0.0	0.0	45.67485313757464	7.649890263308609	0.0	0.0	11.70028205179325	0.0	0.0	0.0	0.0	13.24436134264999	66.4157761848962	0.0	8.34502388214572	0.0	13.24436134264999	0.0	0.0	0.0	0.0	0.0	0.0	0.0	0.0	0.0	0.0	0.0	0.0	0.0
CALYO1406491_acpa-rejette	acpa-rejette	6.647174751569108	18.088222696969567	15.59938109468579	15.73515453175526	0.0	0.0	0.0	0.0	0.0	0.0	0.0	0.0	0.0	0.0	20.470716640448664	0.0	13.487757568527341	0.0	6.740166494670406	6.740166494670406	21.81946070811759	0.0	0.0	35.383606603959265	47.18116546269284	0.0	0.0	0.0	0.0	15.73515453175526	0.0	0.0	0.0	0.0	0.0	0.0	0.0	0.0	0.0	0.0	0.0	0.0	0.0	0.0	0.0	5.0548009434227525	0.0	0.0	20.320033014158703	14.357504539105083	0.0	0.0	0.0	0.0	0.0	53.92133195736325	0.0	15.73515453175526	0.0	0.0	0.0	33.70083247335203	0.0	38.99845273671447	31.47030906351052	31.47030906351052	6.647174751569108	0.0	27.801377716451313	15.73515453175526	0.0	0.0	0.0	0.0	0.0	0.0	0.0	0.0	11.198222423959816	0.0	0.0	0.0	0.0	0.0	0.0	0.0	0.0	0.0	0.0	0.0	0.0	0.0	23.39907164202868	0.0	0.0	0.0	31.47030906351052	0.0	0.0	0.0	0.0	0.0	0.0	0.0	0.0	16.572201873427886	0.0	0.0	0.0	0.0	0.0	6.647174751569108	0.0	0.0	0.0	0.0	0.0	0.0	0.0	0.0	0.0	0.0	0.0	0.0	0.0	0.0	0.0	0.0	0.0	9.08856247046838	40.94143328089733	0.0	0.0	0.0	0.0	0.0	0.0	0.0	0.0	0.0	0.0	0.0	0.0	0.0	0.0	0.0	18.01082260645462	0.0	0.0	0.0	0.0	0.0	0.0	0.0	0.0	0.0	0.0	15.73515453175526	0.0	18.088222696969567	6.647174751569108	0.0	20.470716640448664	20.470716640448664	18.088222696969567	7.223480719822838	11.400842880444856	0.0	0.0	0.0	0.0	0.0	0.0	0.0	0.0	0.0	9.887981915564866	0.0	0.0	11.400842880444856	0.0	0.0	0.0	25.49554763533404	0.0	0.0	15.73515453175526	0.0	0.0	0.0	0.0	13.487757568527341	0.0	0.0	0.0	0.0	15.73515453175526	15.73515453175526	0.0	0.0	0.0	0.0	0.0	0.0	0.0	0.0	0.0	12.042815381494387	0.0	0.0	0.0	0.0	0.0	0.0	0.0	0.0	11.198222423959816	0.0	0.0	0.0	14.357504539105083	28.893922879291353	7.0568975723347664	14.446961439645676	0.0	0.0	0.0	33.99430500912775	0.0	0.0	0.0	0.0	0.0	0.0	0.0	0.0	67.40166494670406	15.59938109468579	15.73515453175526	0.0	54.59783383140025	0.0	0.0	0.0	0.0	0.0	0.0	0.0	0.0	0.0	0.0	0.0	0.0	0.0	0.0	0.0	0.0	0.0	0.0	13.294349503138216	15.73515453175526	15.73515453175526	0.0	0.0	0.0	0.0	0.0	0.0	0.0	0.0	0.0	0.0	0.0	9.08856247046838	0.0	7.0568975723347664	0.0	0.0	0.0	0.0	0.0	0.0	47.34373253244592	0.0	0.0	13.294349503138216	0.0	0.0	0.0	15.73515453175526	0.0	0.0	0.0	0.0	0.0	0.0	0.0	0.0	0.0	0.0
CAPAR1305040_acpa-rejette	acpa-rejette	0.0	0.0	40.200975302211006	0.0	0.0	9.093122454464181	0.0	0.0	0.0	0.0	9.093122454464181	27.710056175619545	17.379567997069273	0.0	0.0	0.0	0.0	0.0	43.425002751766705	26.055001651060024	28.115333413241007	0.0	9.093122454464181	0.0	34.74000220141336	0.0	0.0	0.0	0.0	0.0	18.186244908928362	0.0	14.42940140899679	0.0	0.0	0.0	0.0	0.0	0.0	0.0	0.0	20.275437687815153	0.0	0.0	0.0	13.026666035703009	20.275437687815153	9.093122454464181	0.0	0.0	0.0	0.0	40.550875375630305	17.379567997069273	0.0	52.11000330212005	0.0	0.0	0.0	14.42940140899679	0.0	34.74000220141336	0.0	30.150731476658258	0.0	0.0	0.0	0.0	17.91164809941152	0.0	0.0	10.050243825552752	0.0	0.0	0.0	0.0	9.093122454464181	0.0	0.0	0.0	0.0	0.0	0.0	0.0	0.0	0.0	0.0	0.0	0.0	0.0	14.42940140899679	14.42940140899679	20.100487651105503	0.0	0.0	0.0	20.275437687815153	0.0	0.0	0.0	0.0	0.0	38.22126975384781	0.0	0.0	21.354009949916822	51.100693298336346	18.186244908928362	0.0	0.0	0.0	8.565176605254699	0.0	9.307772156182603	6.5133330178515045	0.0	0.0	21.901577501580032	23.307469363303387	0.0	23.307469363303387	20.275437687815153	0.0	29.380973532167154	0.0	0.0	0.0	0.0	26.37741744643917	0.0	0.0	0.0	9.093122454464181	0.0	0.0	0.0	0.0	0.0	0.0	0.0	0.0	0.0	0.0	0.0	0.0	0.0	0.0	0.0	35.11719540742673	0.0	20.275437687815153	0.0	0.0	0.0	0.0	0.0	0.0	20.275437687815153	0.0	0.0	0.0	0.0	0.0	0.0	0.0	0.0	0.0	0.0	0.0	0.0	0.0	0.0	23.307469363303387	0.0	0.0	0.0	6.3705494846803585	0.0	0.0	0.0	23.307469363303387	20.275437687815153	0.0	32.85213286934744	0.0	0.0	0.0	9.250137583576548	17.379567997069273	0.0	0.0	0.0	0.0	0.0	59.0822008959533	14.42940140899679	0.0	0.0	0.0	12.775173324584086	9.093122454464181	0.0	0.0	9.093122454464181	0.0	0.0	0.0	0.0	0.0	0.0	14.42940140899679	0.0	0.0	0.0	0.0	0.0	0.0	0.0	17.91164809941152	0.0	9.250137583576548	18.615544312365206	0.0	9.307772156182603	23.307469363303387	23.307469363303387	0.0	109.50788750790018	0.0	0.0	0.0	0.0	0.0	0.0	14.42940140899679	0.0	52.11000330212005	20.100487651105503	0.0	0.0	30.150731476658258	0.0	0.0	0.0	0.0	0.0	35.11719540742673	14.42940140899679	20.275437687815153	0.0	0.0	0.0	14.42940140899679	0.0	0.0	0.0	0.0	0.0	0.0	0.0	0.0	0.0	0.0	0.0	0.0	27.27936736339254	0.0	0.0	0.0	20.275437687815153	0.0	14.42940140899679	23.307469363303387	0.0	20.275437687815153	0.0	0.0	20.275437687815153	0.0	0.0	0.0	0.0	20.334826220549267	0.0	0.0	0.0	0.0	0.0	46.61493872660677	0.0	0.0	0.0	20.275437687815153	0.0	0.0	0.0	0.0	0.0	0.0	0.0
CANIM1601140_acpa-rejette	acpa-rejette	0.0	0.0	13.912106337207106	0.0	0.0	0.0	0.0	0.0	0.0	0.0	0.0	0.0	0.0	0.0	0.0	0.0	0.0	0.0	36.0667820480184	36.0667820480184	12.972935945313694	0.0	0.0	9.0161177307565	24.044521365345602	0.0	0.0	0.0	0.0	0.0	0.0	19.9739797629406	0.0	0.0	12.587205715558225	0.0	0.0	0.0	0.0	0.0	0.0	0.0	0.0	0.0	0.0	0.0	0.0	0.0	0.0	0.0	0.0	0.0	0.0	0.0	0.0	60.111303413364006	0.0	28.06638824315163	0.0	0.0	0.0	24.044521365345602	0.0	27.824212674414213	0.0	0.0	0.0	0.0	0.0	0.0	0.0	13.912106337207106	0.0	11.856393715175196	28.06638824315163	0.0	0.0	0.0	0.0	16.062719270762035	0.0	12.587205715558225	0.0	0.0	0.0	0.0	24.057764395248523	24.057764395248523	24.057764395248523	19.9739797629406	0.0	0.0	27.824212674414213	0.0	0.0	56.13277648630326	0.0	0.0	0.0	0.0	0.0	0.0	0.0	0.0	0.0	88.67822382389288	0.0	0.0	0.0	0.0	24.79429925869898	0.0	0.0	0.0	0.0	0.0	12.587205715558225	0.0	0.0	0.0	0.0	0.0	0.0	20.335388631613426	0.0	0.0	0.0	0.0	36.513087919593936	16.211033857565063	0.0	0.0	0.0	0.0	0.0	0.0	0.0	0.0	0.0	0.0	0.0	0.0	0.0	0.0	0.0	0.0	16.062719270762035	0.0	0.0	0.0	0.0	0.0	0.0	0.0	12.804554787946667	0.0	0.0	0.0	10.740229190488792	0.0	0.0	0.0	0.0	0.0	0.0	12.884335768061428	20.335388631613426	11.856393715175196	0.0	0.0	0.0	0.0	0.0	0.0	0.0	0.0	8.818468824803727	0.0	0.0	20.335388631613426	0.0	28.06638824315163	12.804554787946667	0.0	0.0	0.0	0.0	0.0	0.0	12.587205715558225	0.0	0.0	0.0	0.0	0.0	0.0	0.0	0.0	0.0	0.0	0.0	12.587205715558225	12.587205715558225	0.0	0.0	0.0	19.9739797629406	0.0	0.0	0.0	0.0	0.0	0.0	0.0	0.0	0.0	0.0	19.9739797629406	49.58859851739796	0.0	0.0	25.768671536122856	0.0	12.884335768061428	0.0	0.0	36.24431743190631	0.0	0.0	0.0	0.0	0.0	0.0	0.0	0.0	0.0	36.0667820480184	13.912106337207106	0.0	0.0	27.824212674414213	0.0	0.0	28.06638824315163	0.0	0.0	0.0	0.0	0.0	0.0	0.0	0.0	0.0	0.0	0.0	0.0	0.0	0.0	0.0	11.856393715175196	28.06638824315163	28.06638824315163	0.0	0.0	0.0	0.0	39.9479595258812	0.0	0.0	0.0	72.48863486381262	0.0	0.0	32.422067715130126	0.0	0.0	24.79429925869898	0.0	0.0	0.0	0.0	0.0	56.29719430480574	0.0	0.0	11.856393715175196	0.0	12.587205715558225	0.0	0.0	0.0	0.0	0.0	0.0	0.0	0.0	0.0	0.0	0.0	0.0
CAPAR1507851_acpa-rejette	acpa-rejette	0.0	0.0	10.488014542994193	21.15859963463945	0.0	0.0	0.0	0.0	0.0	0.0	0.0	0.0	0.0	0.0	27.526370761424538	0.0	0.0	0.0	9.06330370278441	9.06330370278441	0.0	0.0	0.0	0.0	9.06330370278441	0.0	0.0	0.0	0.0	0.0	0.0	0.0	0.0	0.0	0.0	0.0	0.0	0.0	0.0	0.0	0.0	0.0	0.0	0.0	0.0	0.0	0.0	0.0	0.0	0.0	0.0	0.0	0.0	0.0	0.0	18.12660740556882	0.0	0.0	0.0	0.0	0.0	9.06330370278441	0.0	10.488014542994193	0.0	0.0	0.0	0.0	0.0	0.0	0.0	10.488014542994193	9.489202670006089	0.0	0.0	0.0	0.0	0.0	0.0	0.0	0.0	0.0	0.0	0.0	0.0	0.0	0.0	0.0	0.0	0.0	0.0	0.0	0.0	0.0	0.0	0.0	0.0	0.0	0.0	0.0	0.0	0.0	0.0	0.0	0.0	0.0	0.0	0.0	0.0	0.0	0.0	0.0	0.0	9.71320213035235	0.0	0.0	0.0	0.0	0.0	0.0	0.0	0.0	0.0	0.0	0.0	0.0	0.0	0.0	0.0	0.0	0.0	0.0	0.0	0.0	0.0	0.0	0.0	0.0	0.0	0.0	13.296078543351568	15.057920429700214	0.0	0.0	0.0	0.0	0.0	0.0	0.0	0.0	0.0	0.0	0.0	0.0	0.0	0.0	0.0	0.0	8.09680987297217	0.0	0.0	0.0	27.526370761424538	27.526370761424538	24.322701208621975	9.71320213035235	15.330378199841773	0.0	0.0	0.0	0.0	0.0	0.0	0.0	0.0	6.648039271675784	0.0	0.0	0.0	15.330378199841773	0.0	0.0	0.0	0.0	0.0	0.0	0.0	0.0	0.0	0.0	0.0	0.0	0.0	0.0	0.0	0.0	0.0	0.0	0.0	0.0	0.0	0.0	0.0	0.0	0.0	0.0	0.0	16.19361974594434	0.0	0.0	0.0	0.0	0.0	0.0	0.0	0.0	0.0	0.0	0.0	0.0	0.0	0.0	0.0	0.0	0.0	0.0	0.0	0.0	0.0	0.0	0.0	0.0	0.0	0.0	0.0	0.0	18.12660740556882	10.488014542994193	21.15859963463945	0.0	10.488014542994193	0.0	0.0	0.0	0.0	0.0	0.0	0.0	0.0	0.0	0.0	0.0	0.0	0.0	0.0	0.0	0.0	0.0	0.0	0.0	0.0	0.0	0.0	0.0	0.0	0.0	15.057920429700214	0.0	0.0	0.0	0.0	0.0	0.0	0.0	0.0	0.0	0.0	0.0	0.0	0.0	0.0	0.0	21.220575026064168	0.0	0.0	0.0	0.0	0.0	0.0	0.0	0.0	0.0	0.0	0.0	0.0	0.0	0.0	0.0	0.0	0.0
