@id	@sens-resultat	abus	abusif	abusif considérant	abusif pouvoir	accueillir	adversaire	affaire	agir	agir en justice	ailleurs	ajouter	allouer	allouer à monsieur	appel	appelant	application	assurance	audience	autre	avant	avocat	avril	caractère	caractère abusif	cause	celui	celui qui agir	chacun	charge	charge de monsieur	circonstance	circonstance particulier	civil celui	civil la condamner	civil prévoir	code de procédure	comme	comprendre	condamnation	condamne	condamner	condamner monsieur	confirmer	conseil	considérant	constater	conséquence	contester	contraindre	convenir	convenir convier	convier	convier en conséquence	cour cours	cours	demande	demande de condamnation	demande de dommage	demande reconventionnel	demander	dette	deux	devant	devant le cour	devoir	dilatoire	dilatoire ou abusif	dispos	dispositif	disposition	dit	dommage	dommage et intérêt	donner	dont	droit	décision	défense	dépens	effet	encontre	encore	entier	entier dépens	entre	euro	euro au titre	euro en application	euro à titre	exposer	exécution	faire	faire application	fait	faute	fin	foi	foi fois	fois	fondement	former	frais	frais irrépétibles	février	hauteur	in	instance	intimer	intérêt	intérêt pour procédure	intérêts pour procédure	inéquitable	inéquitable de laisser	irrépétibles	juge	justice	justice de manière	justifier	laisser	litige	mai	manière	manière dilatoire	mauvais	mauvais foi	maximum	mille	mille euro	mois	monsieur	monsieur p	montant	motif	méprendre	nature	ordonnance	outre	paiement	particulier	partie	payer	payer le somme	payer payer	permettre	pouvoir	premier	premier instance	premier juge	principal	procédure abusif	procédure abusif considérant	procédure civil	profit	préjudice	préjudice du dommage	présent	présenter	prévoir	public	reconnaître	reconventionnel	recours	rejeter	rejeté le demande	relatif	réclamer	régler	résulter	sci	seulement	somme	statuer	succomber	supporter	titre	titre de amende	titre de dommage	titre de dommages	tout son disposition	trésor	trésor public	verser du dommage	verser à monsieur	voir
CAPAR1415151_acpa-accepte	acpa-accepte	0.0	0.004396718063898121	0.08853935242832682	0.0	0.0	0.0	0.0	0.038844150756529375	0.08853935242832682	0.0	0.0	0.0	0.0	0.0	0.0	0.0	0.0	0.0	0.0	0.0	0.0	0.024498100946413987	0.0	0.0	0.0	0.0	0.0	0.0	0.0	0.0	0.0	0.0	0.0	0.0	0.0	0.004396718063898121	0.013190154191694364	0.0	0.0	0.21049733015554897	0.004396718063898121	0.024498100946413987	0.0	0.0	0.024498100946413987	0.0	0.0	0.0	0.0	0.0	0.0	0.0	0.0	0.0	0.0	0.004396718063898121	0.0	0.0	0.0	0.0	0.0	0.0	0.0	0.0	0.03858151436539759	0.0	0.0	0.0	0.08853935242832682	0.0	0.013190154191694364	0.0	0.0	0.024498100946413987	0.0	0.03480841776660546	0.0	0.0	0.0	0.0	0.0	0.0	0.0	0.0	0.0	0.0	0.0	0.0	0.0	0.0	0.0	0.05901331839276864	0.0	0.0	0.0	0.0	0.0	0.0	0.0	0.013973337575336286	0.0	0.0	0.0	0.013190154191694364	0.0	0.0	0.0	0.0	0.0	0.0	0.009746668828299583	0.0	0.0	0.0	0.0	0.024498100946413987	0.08853935242832682	0.0	0.0	0.08853935242832682	0.08853935242832682	0.04802883790281186	0.0	0.0	0.0	0.0	0.0	0.0	0.0	0.013973337575336286	0.0	0.08853935242832682	0.0	0.08853935242832682	0.0	0.0	0.0	0.0	0.0	0.0	0.013190154191694364	0.024498100946413987	0.013190154191694364	0.0	0.03480841776660546	0.0	0.0	0.0	0.0	0.004396718063898121	0.08853935242832682	0.004396718063898121	0.0	0.0	0.0	0.08853935242832682	0.0	0.0	0.0	0.0	0.0	0.0	0.0	0.16704867179726374	0.08853935242832682	0.0	0.08853935242832682	0.16704867179726374	0.0	0.0	0.004975349861755278	0.0	0.0	0.0	0.0	0.0	0.0	0.0	0.0	0.0	0.0	0.0	0.0	0.0
CAVER1501501_acpa-accepte	acpa-accepte	0.0	0.0016505471153652111	0.0	0.0	0.0	0.03323805862077785	0.0091966938205675	0.014582263417444945	0.0	0.03323805862077785	0.0	0.03323805862077785	0.03323805862077785	0.003505457334079517	0.0091966938205675	0.0	0.0	0.0091966938205675	0.03323805862077785	0.03323805862077785	0.0	0.0	0.03323805862077785	0.03323805862077785	0.0	0.0027127569437457076	0.0	0.0	0.0	0.0	0.03323805862077785	0.03323805862077785	0.0	0.0	0.0	0.0016505471153652111	0.0	0.0	0.0	0.07902161476605665	0.0016505471153652111	0.0	0.0	0.0091966938205675	0.0	0.03323805862077785	0.0	0.0091966938205675	0.0091966938205675	0.03323805862077785	0.03323805862077785	0.03323805862077785	0.0	0.03323805862077785	0.03323805862077785	0.0016505471153652111	0.0	0.0	0.03323805862077785	0.0091966938205675	0.03323805862077785	0.07902161476605665	0.03323805862077785	0.0	0.0	0.018030234984989093	0.0	0.03323805862077785	0.0	0.0	0.0	0.0	0.0	0.0	0.0	0.013067231671470914	0.0	0.06271079913550547	0.0018677680130738449	0.0	0.0091966938205675	0.0	0.0	0.0	0.03323805862077785	0.0	0.0	0.0	0.0	0.008420479550776912	0.03323805862077785	0.0	0.0	0.06271079913550547	0.004951641346095634	0.03323805862077785	0.0	0.0	0.0	0.005245651800231064	0.0	0.004951641346095634	0.010976825817692003	0.0	0.0	0.03323805862077785	0.0091966938205675	0.03323805862077785	0.002275856082229773	0.0	0.003658941939230668	0.0	0.0	0.010976825817692003	0.0091966938205675	0.0	0.0	0.0	0.0	0.03323805862077785	0.0	0.0	0.0	0.0	0.0	0.0	0.0	0.0	0.03323805862077785	0.005245651800231064	0.03323805862077785	0.03323805862077785	0.03323805862077785	0.0	0.0	0.0	0.0	0.0	0.06271079913550547	0.0091966938205675	0.0	0.0	0.0	0.06271079913550547	0.013067231671470914	0.03323805862077785	0.03323805862077785	0.06271079913550547	0.0	0.0016505471153652111	0.0	0.0016505471153652111	0.0	0.02215385681449736	0.0	0.0	0.0	0.0	0.0	0.03323805862077785	0.0091966938205675	0.03323805862077785	0.0	0.0	0.0	0.0	0.0	0.0	0.06271079913550547	0.03323805862077785	0.0018677680130738449	0.0091966938205675	0.0	0.0091966938205675	0.004951641346095634	0.0	0.0	0.004951641346095634	0.0	0.0	0.0	0.0	0.03323805862077785	0.0091966938205675
CABAS1400506_acpa-accepte	acpa-accepte	0.0	0.002229335528429454	0.0	0.0	0.01242164860815998	0.0	0.0	0.0	0.0	0.0	0.04489346852902491	0.0	0.0	0.0047346970622695024	0.0	0.003664024721492344	0.04489346852902491	0.0	0.0	0.0	0.0	0.0	0.0	0.0	0.006688006585288364	0.0	0.0	0.08470125525501986	0.01242164860815998	0.04489346852902491	0.0	0.0	0.0	0.0	0.0	0.002229335528429454	0.0	0.0	0.017471942544632583	0.10673169621871477	0.002229335528429454	0.0	0.0	0.0	0.0	0.0	0.0	0.0	0.0	0.0	0.0	0.0	0.0	0.0	0.0	0.002229335528429454	0.04489346852902491	0.04489346852902491	0.0	0.0	0.0	0.10673169621871477	0.04489346852902491	0.01242164860815998	0.0	0.0	0.0	0.0	0.0	0.0	0.0	0.006688006585288364	0.003664024721492344	0.0	0.0	0.017649446993812677	0.0	0.08470125525501986	0.002522728101274639	0.0	0.0	0.0	0.0	0.0	0.0	0.004942003282216284	0.04489346852902491	0.04489346852902491	0.01242164860815998	0.0	0.0	0.029922429737711507	0.08470125525501986	0.0	0.0	0.0	0.01242164860815998	0.0	0.0	0.0	0.006688006585288364	0.0	0.0	0.0	0.024352799786072136	0.0	0.01242164860815998	0.0	0.0030739182023195198	0.004942003282216284	0.0	0.0	0.0	0.0	0.0	0.0	0.0	0.0	0.08470125525501986	0.0	0.0	0.0	0.0	0.01242164860815998	0.01242164860815998	0.0	0.04489346852902491	0.04489346852902491	0.0	0.007085116092210113	0.0	0.0	0.0	0.0	0.0	0.0	0.04489346852902491	0.0	0.08470125525501986	0.0	0.0	0.0	0.0	0.08470125525501986	0.017649446993812677	0.04489346852902491	0.04489346852902491	0.0	0.0	0.002229335528429454	0.0	0.002229335528429454	0.0	0.029922429737711507	0.0	0.0	0.04489346852902491	0.0	0.0	0.0	0.0	0.0	0.0	0.08470125525501986	0.0	0.0	0.0	0.0	0.0	0.0	0.0	0.0	0.0	0.0	0.006688006585288364	0.0	0.024352799786072136	0.0	0.0	0.0	0.0	0.0	0.0	0.0
CACHA1502356_acpa-accepte	acpa-accepte	0.005573464553445866	0.0018578215178152882	0.0	0.010351607363131026	0.0	0.0	0.0	0.016413492534192536	0.03741206775695326	0.0	0.0	0.03741206775695326	0.0	0.0039456698960061735	0.0	0.0030534228170629773	0.0	0.0	0.0	0.0	0.03741206775695326	0.0	0.0	0.0	0.0	0.0030534228170629773	0.010351607363131026	0.07058597173553308	0.010351607363131026	0.0	0.03741206775695326	0.0	0.03741206775695326	0.03741206775695326	0.03741206775695326	0.0018578215178152882	0.0	0.03741206775695326	0.0	0.0	0.0018578215178152882	0.0	0.005573464553445866	0.0	0.0	0.0	0.009477916718721184	0.0	0.0	0.03741206775695326	0.03741206775695326	0.03741206775695326	0.03741206775695326	0.0	0.0	0.0018578215178152882	0.0	0.0	0.0	0.0	0.0	0.08894508670381496	0.0	0.0	0.0	0.02029445764652831	0.010351607363131026	0.0	0.0	0.014560280587426158	0.0	0.005573464553445866	0.0030534228170629773	0.0	0.010351607363131026	0.014708204298769444	0.012355286929756204	0.0	0.002102320844205592	0.03741206775695326	0.0	0.03741206775695326	0.005573464553445866	0.005573464553445866	0.0	0.004118428976585402	0.0	0.0	0.010351607363131026	0.0	0.0	0.024935920646812423	0.07058597173553308	0.07058597173553308	0.0	0.0	0.010351607363131026	0.010351607363131026	0.010351607363131026	0.0059043966080783005	0.0	0.005573464553445866	0.0	0.0	0.02029445764652831	0.0	0.0	0.0	0.0025616562906062377	0.004118428976585402	0.0	0.03741206775695326	0.03741206775695326	0.0	0.010351607363131026	0.010351607363131026	0.03741206775695326	0.010351607363131026	0.07058597173553308	0.0	0.0	0.02029445764652831	0.010351607363131026	0.0	0.0	0.010351607363131026	0.0	0.0	0.0	0.0	0.0	0.0	0.0	0.0	0.03741206775695326	0.03741206775695326	0.0	0.014560280587426158	0.0	0.010351607363131026	0.005573464553445866	0.0	0.005573464553445866	0.0	0.014708204298769444	0.03741206775695326	0.0	0.07058597173553308	0.03741206775695326	0.0018578215178152882	0.0	0.0018578215178152882	0.03741206775695326	0.024935920646812423	0.03741206775695326	0.0	0.0	0.03741206775695326	0.03741206775695326	0.0	0.0	0.0	0.005573464553445866	0.0	0.0	0.010351607363131026	0.0	0.07058597173553308	0.07058597173553308	0.0	0.002102320844205592	0.0	0.014560280587426158	0.010351607363131026	0.005573464553445866	0.03741206775695326	0.02029445764652831	0.0	0.010351607363131026	0.03741206775695326	0.03741206775695326	0.010351607363131026	0.0	0.0
CANAN1101988_acpa-accepte	acpa-accepte	0.0	0.0032610972390319575	0.0	0.0	0.0	0.0	0.0	0.0	0.0	0.0	0.0	0.0	0.0	0.0	0.0	0.005359776826156489	0.0	0.0	0.06567067379655947	0.0	0.0	0.0	0.06567067379655947	0.0	0.009783291717095874	0.005359776826156489	0.0	0.0	0.0	0.0	0.0	0.0	0.0	0.0	0.0	0.0032610972390319575	0.009783291717095874	0.06567067379655947	0.025558155273722558	0.1561283330469573	0.0032610972390319575	0.018170528152320488	0.009783291717095874	0.0	0.0	0.0	0.0	0.0	0.0	0.0	0.0	0.0	0.0	0.0	0.0	0.0032610972390319575	0.0	0.0	0.0	0.018170528152320488	0.0	0.1561283330469573	0.0	0.0	0.028616360691347095	0.0	0.0	0.0	0.0	0.025558155273722558	0.0	0.009783291717095874	0.005359776826156489	0.0	0.018170528152320488	0.025817810790693972	0.02168765498068774	0.0	0.003690275214736655	0.06567067379655947	0.0	0.0	0.009783291717095874	0.009783291717095874	0.0	0.007229218326895914	0.0	0.0	0.0	0.0	0.0	0.04377086883441134	0.12390195470005362	0.0	0.0	0.06567067379655947	0.0	0.0	0.0	0.0	0.0	0.009783291717095874	0.0	0.009783291717095874	0.03562355111301093	0.0	0.018170528152320488	0.0	0.00449656233203098	0.007229218326895914	0.0	0.0	0.0	0.0	0.018170528152320488	0.0	0.0	0.018170528152320488	0.0	0.0	0.0	0.0	0.0	0.0	0.0	0.0	0.06567067379655947	0.06567067379655947	0.0	0.010364187997669746	0.0	0.06567067379655947	0.0	0.0	0.0	0.0	0.0	0.025558155273722558	0.0	0.018170528152320488	0.009783291717095874	0.0	0.009783291717095874	0.12390195470005362	0.025817810790693972	0.06567067379655947	0.0	0.12390195470005362	0.0	0.0032610972390319575	0.0	0.0032610972390319575	0.0	0.04377086883441134	0.0	0.06567067379655947	0.0	0.0	0.0	0.0	0.0	0.0	0.009783291717095874	0.0	0.06567067379655947	0.0	0.0	0.0	0.0	0.0	0.003690275214736655	0.018170528152320488	0.0	0.0	0.009783291717095874	0.0	0.0	0.0	0.0	0.0	0.0	0.0	0.0	0.0
CAPAR1507861_acpa-rejette	acpa-rejette	0.0	0.007965222695807583	0.1604004735316038	0.0	0.0	0.0	0.0	0.0	0.0	0.0	0.0	0.0	0.0	0.0	0.0	0.0	0.1604004735316038	0.0	0.0	0.0	0.0	0.0	0.0	0.0	0.0	0.013091242882667943	0.0	0.0	0.0	0.0	0.0	0.0	0.0	0.0	0.0	0.007965222695807583	0.0	0.0	0.0	0.3813431034682626	0.007965222695807583	0.0	0.0	0.0	0.044381474278466136	0.0	0.0	0.0	0.044381474278466136	0.0	0.0	0.0	0.0	0.0	0.0	0.0	0.0	0.0	0.0	0.0	0.0	0.0	0.0	0.0	0.06989539683821128	0.0	0.0	0.0	0.0	0.0	0.0	0.02389566808742275	0.0	0.0	0.0	0.0	0.0	0.30263024659907073	0.0	0.0	0.0	0.0	0.0	0.0	0.0	0.017657349557424578	0.1604004735316038	0.0	0.0	0.04063561361142442	0.0	0.10691024900519791	0.0	0.0	0.0	0.0	0.0	0.0	0.0	0.025314505950506744	0.0	0.02389566808742275	0.05297204867227373	0.0	0.08701044373483506	0.0	0.0	0.0	0.010982843415867749	0.017657349557424578	0.017657349557424578	0.0	0.0	0.05297204867227373	0.0	0.0	0.0	0.0	0.0	0.0	0.0	0.0	0.0	0.0	0.0	0.0	0.0	0.0	0.0	0.025314505950506744	0.0	0.0	0.0	0.0	0.0	0.0	0.0	0.0	0.0	0.0	0.02389566808742275	0.0	0.02389566808742275	0.0	0.0	0.0	0.0	0.0	0.0	0.007965222695807583	0.1604004735316038	0.007965222695807583	0.0	0.0	0.0	0.0	0.0	0.0	0.0	0.0	0.0	0.0	0.0	0.0	0.0	0.0	0.0	0.0	0.0	0.0	0.009013488939361417	0.0	0.0	0.0	0.02389566808742275	0.0	0.0	0.02389566808742275	0.0	0.0	0.0	0.0	0.0	0.0
CALYO1501346_acpa-rejette	acpa-rejette	0.0	0.019536022162156233	0.0	0.0	0.0	0.0	0.0	0.0	0.0	0.0	0.0	0.0	0.0	0.041490904155085336	0.0	0.0	0.0	0.0	0.0	0.0	0.0	0.10885288437065771	0.0	0.0	0.058608066486468706	0.0	0.0	0.0	0.0	0.0	0.0	0.0	0.0	0.0	0.0	0.019536022162156233	0.058608066486468706	0.3934086120885358	0.0	0.0	0.019536022162156233	0.0	0.058608066486468706	0.10885288437065771	0.0	0.0	0.09966554337563525	0.0	0.0	0.0	0.0	0.0	0.0	0.0	0.0	0.019536022162156233	0.0	0.0	0.0	0.10885288437065771	0.0	0.0	0.0	0.0	0.17142998680786492	0.0	0.0	0.0	0.0	0.15310941417971655	0.058608066486468706	0.0	0.0	0.0	0.0	0.0	0.0	0.0	0.022107067988243037	0.3934086120885358	0.0	0.0	0.058608066486468706	0.058608066486468706	0.0	0.0	0.0	0.0	0.0	0.0	0.0	0.0	0.0	0.0	0.0	0.3934086120885358	0.10885288437065771	0.10885288437065771	0.10885288437065771	0.0	0.0	0.058608066486468706	0.0	0.058608066486468706	0.0	0.0	0.10885288437065771	0.0	0.0	0.0	0.0	0.0	0.0	0.0	0.0	0.0	0.0	0.0	0.0	0.0	0.0	0.0	0.0	0.0	0.0	0.0	0.0	0.0	0.0	0.0	0.0	0.0	0.0	0.0	0.0	0.0	0.0	0.15310941417971655	0.0	0.0	0.058608066486468706	0.0	0.058608066486468706	0.0	0.0	0.3934086120885358	0.0	0.0	0.0	0.019536022162156233	0.0	0.019536022162156233	0.0	0.2622150156613327	0.0	0.0	0.0	0.0	0.0	0.0	0.10885288437065771	0.0	0.0	0.0	0.0	0.0	0.0	0.0	0.0	0.0	0.022107067988243037	0.10885288437065771	0.0	0.0	0.058608066486468706	0.0	0.0	0.0	0.10885288437065771	0.0	0.0	0.0	0.0	0.0
CAROU1501728_acpa-rejette	acpa-rejette	0.0	0.006027656973411791	0.0	0.0	0.0	0.0	0.0	0.053253179480938974	0.0	0.12138254883070769	0.12138254883070769	0.0	0.0	0.012801630530908296	0.0	0.009906756466944002	0.0	0.0	0.0	0.0	0.0	0.0	0.0	0.0	0.0	0.009906756466944002	0.0	0.0	0.033585539681859365	0.12138254883070769	0.0	0.0	0.0	0.0	0.0	0.006027656973411791	0.0	0.0	0.04724047814928876	0.0	0.006027656973411791	0.0	0.0	0.0	0.0	0.0	0.0	0.0	0.033585539681859365	0.0	0.0	0.0	0.0	0.0	0.0	0.006027656973411791	0.12138254883070769	0.0	0.0	0.0	0.0	0.0	0.12138254883070769	0.033585539681859365	0.0	0.0	0.0	0.0	0.12138254883070769	0.0	0.018082970920235374	0.018082970920235374	0.009906756466944002	0.0	0.0	0.0	0.0	0.0	0.006820929123388862	0.0	0.0	0.0	0.0	0.0	0.0	0.0	0.0	0.0	0.0	0.030750871520854022	0.0	0.0	0.0	0.0	0.018082970920235374	0.0	0.0	0.0	0.0	0.019156671966165995	0.018082970920235374	0.018082970920235374	0.04008642956629431	0.018082970920235374	0.0	0.0	0.033585539681859365	0.0	0.008311231867803165	0.0	0.0	0.12138254883070769	0.12138254883070769	0.04008642956629431	0.0	0.0	0.0	0.0	0.22901447780466236	0.0	0.0	0.0	0.0	0.0	0.0	0.0	0.0	0.0	0.0	0.019156671966165995	0.0	0.0	0.0	0.0	0.0	0.0	0.0	0.04724047814928876	0.0	0.0	0.018082970920235374	0.0	0.018082970920235374	0.0	0.0	0.0	0.0	0.0	0.0	0.006027656973411791	0.0	0.006027656973411791	0.0	0.0	0.0	0.0	0.0	0.0	0.12138254883070769	0.0	0.0	0.0	0.0	0.22901447780466236	0.0	0.0	0.0	0.0	0.0	0.0	0.006820929123388862	0.0	0.0	0.0	0.018082970920235374	0.0	0.0	0.0	0.0	0.12138254883070769	0.12138254883070769	0.0	0.0	0.033585539681859365
CAAIX1416771_acpa-rejette	acpa-rejette	0.0	0.011841863621403038	0.0	0.0	0.0	0.0	0.0	0.10462056676434169	0.0	0.0	0.0	0.23846672025497445	0.23846672025497445	0.0251499319797555	0.0	0.0	0.0	0.0	0.0	0.0	0.0	0.0	0.0	0.0	0.0	0.01946269662150347	0.0	0.0	0.06598175415723478	0.0	0.0	0.0	0.0	0.0	0.0	0.0	0.0	0.0	0.09280808481991402	0.0	0.011841863621403038	0.06598175415723478	0.03552559086420912	0.0	0.0	0.0	0.0	0.0	0.0	0.0	0.0	0.0	0.0	0.0	0.0	0.011841863621403038	0.0	0.0	0.0	0.0	0.0	0.0	0.0	0.0	0.10391319724903493	0.0	0.0	0.0	0.0	0.09280808481991402	0.0	0.03552559086420912	0.01946269662150347	0.06598175415723478	0.0	0.09375095925607561	0.07875332556032065	0.0	0.01340031670792109	0.0	0.0	0.0	0.03552559086420912	0.03552559086420912	0.0	0.0	0.0	0.0	0.0	0.0	0.0	0.0	0.0	0.4499191353211022	0.03552559086420912	0.0	0.0	0.0	0.0	0.0	0.0	0.03552559086420912	0.07875332556032065	0.0	0.0	0.0	0.0	0.0	0.01632814785886459	0.026251108520106883	0.0	0.0	0.0	0.07875332556032065	0.0	0.06598175415723478	0.0	0.0	0.0	0.0	0.0	0.0	0.0	0.0	0.0	0.0	0.0	0.0	0.0	0.03763497124404043	0.0	0.0	0.0	0.23846672025497445	0.0	0.0	0.0	0.0	0.0	0.0	0.0	0.0	0.0	0.0	0.09375095925607561	0.0	0.0	0.0	0.0	0.011841863621403038	0.0	0.0	0.0	0.0	0.0	0.0	0.0	0.0	0.0	0.0	0.0	0.0	0.03552559086420912	0.0	0.23846672025497445	0.0	0.0	0.0	0.0	0.0	0.01340031670792109	0.0	0.09280808481991402	0.06598175415723478	0.03552559086420912	0.0	0.12935806664740238	0.0	0.0	0.0	0.0	0.0	0.0	0.0
CAROU1406104_acpa-rejette	acpa-rejette	0.0	0.0056358068957783935	0.0	0.0	0.031402187777504566	0.0	0.0	0.0	0.0	0.0	0.0	0.0	0.0	0.011969413312924983	0.0	0.009262731216703212	0.0	0.031402187777504566	0.0	0.0	0.0	0.0	0.11349162846273422	0.11349162846273422	0.01690742068733518	0.009262731216703212	0.0	0.0	0.0	0.0	0.0	0.0	0.11349162846273422	0.0	0.0	0.0056358068957783935	0.01690742068733518	0.0	0.044169436596677006	0.0	0.0056358068957783935	0.0	0.0	0.0	0.0	0.0	0.028751797677419824	0.031402187777504566	0.0	0.0	0.0	0.0	0.0	0.0	0.0	0.0056358068957783935	0.0	0.0	0.0	0.0	0.0	0.0	0.0	0.0	0.0	0.0	0.0	0.0	0.0	0.044169436596677006	0.0	0.01690742068733518	0.009262731216703212	0.0	0.0	0.04461817156095817	0.037480463333164904	0.0	0.00637750946325864	0.0	0.0	0.0	0.0	0.0	0.11349162846273422	0.0	0.0	0.0	0.0	0.028751797677419824	0.0	0.0	0.0	0.0	0.0	0.0	0.0	0.0	0.0	0.017911321835882985	0.01690742068733518	0.0	0.0	0.01690742068733518	0.061564387780849494	0.0	0.031402187777504566	0.0	0.007770929580033057	0.012493487777721635	0.0	0.0	0.0	0.0	0.031402187777504566	0.0	0.0	0.0	0.0	0.0	0.0	0.0	0.0	0.0	0.0	0.0	0.0	0.0	0.0	0.017911321835882985	0.0	0.11349162846273422	0.0	0.0	0.0	0.0	0.0	0.044169436596677006	0.0	0.031402187777504566	0.0	0.0	0.0	0.0	0.04461817156095817	0.11349162846273422	0.11349162846273422	0.21412654683865479	0.0	0.0056358068957783935	0.0	0.0056358068957783935	0.11349162846273422	0.07564452892070589	0.0	0.0	0.11349162846273422	0.0	0.0	0.11349162846273422	0.0	0.0	0.0	0.0	0.0	0.0	0.0	0.21412654683865479	0.0	0.0	0.0	0.0	0.044169436596677006	0.031402187777504566	0.01690742068733518	0.0	0.0	0.0	0.0	0.0	0.0	0.031402187777504566	0.11349162846273422	0.031402187777504566
CAPAR1305998_acpa-rejette	acpa-rejette	0.0	0.04476004389458003	0.0	0.0	0.0	0.0	0.0	0.3954463005454667	0.0	0.0	0.0	0.0	0.0	0.09506206922742642	0.0	0.0	0.0	0.0	0.0	0.0	0.0	0.0	0.0	0.0	0.0	0.0	0.0	0.0	0.0	0.0	0.0	0.0	0.0	0.0	0.0	0.04476004389458003	0.0	0.0	0.0	0.0	0.04476004389458003	0.0	0.0	0.0	0.0	0.0	0.0	0.0	0.0	0.0	0.0	0.0	0.0	0.0	0.0	0.04476004389458003	0.0	0.0	0.0	0.0	0.0	0.0	0.0	0.0	0.0	0.4889494530903679	0.0	0.0	0.0	0.3507973139298049	0.0	0.0	0.0	0.0	0.0	0.3543612040824826	0.0	0.0	0.050650706951542925	0.0	0.0	0.0	0.0	0.0	0.0	0.09922431191638334	0.0	0.0	0.2493987692090395	0.0	0.0	0.0	0.0	0.0	0.0	0.0	0.0	0.0	0.0	0.1422531975296402	0.0	0.0	0.0	0.0	0.0	0.0	0.0	0.0	0.0	0.0	0.0	0.0	0.0	0.0	0.0	0.0	0.0	0.0	0.0	0.0	0.0	0.4889494530903679	0.0	0.0	0.0	0.0	0.0	0.0	0.0	0.0	0.0	0.0	0.0	0.0	0.0	0.0	0.0	0.0	0.0	0.0	0.0	0.0	0.0	0.0	0.3543612040824826	0.0	0.0	0.0	0.0	0.04476004389458003	0.0	0.04476004389458003	0.0	0.0	0.0	0.0	0.0	0.0	0.0	0.0	0.0	0.0	0.0	0.0	0.0	0.0	0.0	0.0	0.0	0.0	0.050650706951542925	0.0	0.3507973139298049	0.2493987692090395	0.1342801316837401	0.9013598878741815	0.0	0.0	0.0	0.0	0.0	0.0	0.0	0.0
CAVER1501683_acpa-rejette	acpa-rejette	0.029060958467478457	0.00968698615582615	0.0	0.0	0.0	0.0	0.0	0.0	0.0	0.0	0.0	0.0	0.0	0.020573370095862974	0.0	0.015921047459691202	0.0	0.0	0.0	0.0	0.0	0.0	0.0	0.0	0.029060958467478457	0.0	0.0	0.0	0.0	0.0	0.0	0.0	0.0	0.19507265845893187	0.0	0.00968698615582615	0.029060958467478457	0.0	0.0	0.0	0.00968698615582615	0.0	0.0	0.0	0.05397497889631404	0.0	0.0	0.0	0.0	0.0	0.0	0.0	0.0	0.0	0.0	0.00968698615582615	0.0	0.0	0.19507265845893187	0.0	0.19507265845893187	0.0	0.0	0.0	0.08500399391018908	0.0	0.0	0.0	0.0	0.07591969148963464	0.0	0.029060958467478457	0.015921047459691202	0.05397497889631404	0.0	0.07669098998637393	0.0	0.0	0.010961845751938966	0.0	0.0	0.19507265845893187	0.0	0.0	0.0	0.021474164281857878	0.0	0.0	0.05397497889631404	0.0	0.0	0.1300199808066103	0.3680468357378706	0.0	0.0	0.0	0.05397497889631404	0.0	0.0	0.03078649248729824	0.0	0.029060958467478457	0.06442249284557362	0.0	0.0	0.0	0.0	0.0	0.01335689612006893	0.021474164281857878	0.0	0.0	0.0	0.06442249284557362	0.05397497889631404	0.05397497889631404	0.0	0.05397497889631404	0.0	0.19507265845893187	0.0	0.0	0.0	0.05397497889631404	0.05397497889631404	0.0	0.0	0.0	0.0	0.0	0.0	0.0	0.0	0.0	0.19507265845893187	0.0	0.0	0.0	0.0	0.0	0.029060958467478457	0.0	0.029060958467478457	0.0	0.07669098998637393	0.0	0.0	0.0	0.0	0.00968698615582615	0.0	0.00968698615582615	0.0	0.0	0.0	0.0	0.0	0.0	0.0	0.0	0.05397497889631404	0.0	0.029060958467478457	0.0	0.0	0.0	0.0	0.0	0.0	0.0	0.010961845751938966	0.0	0.07591969148963464	0.05397497889631404	0.029060958467478457	0.0	0.0	0.029060958467478457	0.0	0.0	0.0	0.0	0.0	0.0
CAFOR1400518_acpa-rejette	acpa-rejette	0.037410961585528854	0.0	0.0	0.0	0.0	0.0	0.0	0.0	0.0	0.0	0.0	0.0	0.0	0.026484658419044224	0.0	0.020495597059623404	0.0	0.0	0.0	0.0	0.0	0.0	0.0	0.0	0.0	0.0	0.0	0.0	0.0	0.0	0.0	0.0	0.0	0.0	0.0	0.012470320528509618	0.0	0.0	0.09773348202133	0.0	0.012470320528509618	0.0	0.037410961585528854	0.0	0.0	0.0	0.06361895278506752	0.0	0.0	0.2511223344598554	0.2511223344598554	0.2511223344598554	0.0	0.0	0.0	0.012470320528509618	0.0	0.0	0.0	0.0	0.0	0.0	0.0	0.0	0.0	0.0	0.0	0.0	0.0	0.0	0.0	0.037410961585528854	0.020495597059623404	0.0	0.0	0.09872639553671803	0.08293282576302038	0.0	0.014111481931719785	0.0	0.0	0.0	0.037410961585528854	0.037410961585528854	0.0	0.027644275254340128	0.0	0.0	0.06948345713818918	0.0	0.0	0.0	0.0	0.0	0.037410961585528854	0.0	0.0	0.0	0.0	0.0	0.0	0.0	0.0	0.0	0.0	0.0	0.0	0.0	0.01719469535765643	0.0	0.0	0.0	0.0	0.0	0.0	0.0	0.0	0.0	0.0	0.0	0.0	0.0	0.0	0.0	0.0	0.0	0.2511223344598554	0.2511223344598554	0.0	0.03963228842174597	0.2511223344598554	0.2511223344598554	0.0	0.0	0.0	0.0	0.0	0.09773348202133	0.0	0.0	0.0	0.0	0.0	0.0	0.0	0.0	0.0	0.0	0.0	0.0	0.0	0.012470320528509618	0.0	0.0	0.0	0.0	0.0	0.0	0.0	0.0	0.0	0.2511223344598554	0.0	0.0	0.0	0.0	0.0	0.0	0.0	0.0	0.014111481931719785	0.0	0.09773348202133	0.0	0.037410961585528854	0.0	0.13622319979482173	0.0	0.0	0.0	0.0	0.06948345713818918	0.0	0.0
CADIJ1500876_acpa-rejette	acpa-rejette	0.013987904694845016	0.004662634898281671	0.0	0.02597976462313911	0.02597976462313911	0.09389427943841488	0.02597976462313911	0.041193474377779656	0.09389427943841488	0.0	0.0	0.0	0.0	0.009902575666069403	0.02597976462313911	0.007663274243259607	0.0	0.0	0.0	0.0	0.09389427943841488	0.0	0.0	0.0	0.013987904694845016	0.007663274243259607	0.02597976462313911	0.0	0.02597976462313911	0.0	0.09389427943841488	0.09389427943841488	0.0	0.0	0.0	0.004662634898281671	0.0	0.0	0.03654240826941276	0.0	0.004662634898281671	0.02597976462313911	0.0	0.0	0.0	0.0	0.0237870348857217	0.0	0.0	0.0	0.0	0.0	0.0	0.0	0.0	0.004662634898281671	0.0	0.09389427943841488	0.0	0.02597976462313911	0.0	0.0	0.09389427943841488	0.02597976462313911	0.04091495353904202	0.05093365835038748	0.02597976462313911	0.09389427943841488	0.0	0.03654240826941276	0.0	0.013987904694845016	0.007663274243259607	0.0	0.02597976462313911	0.03691365720381181	0.031008464195586043	0.0	0.005276262784976832	0.0	0.02597976462313911	0.0	0.013987904694845016	0.013987904694845016	0.0	0.010336154731862016	0.0	0.09389427943841488	0.02597976462313911	0.0	0.09389427943841488	0.06258248852954118	0.0	0.0	0.013987904694845016	0.0	0.02597976462313911	0.02597976462313911	0.02597976462313911	0.014818455601965395	0.013987904694845016	0.013987904694845016	0.0	0.0	0.05093365835038748	0.09389427943841488	0.02597976462313911	0.09389427943841488	0.006429071847563208	0.010336154731862016	0.010336154731862016	0.0	0.0	0.0	0.02597976462313911	0.02597976462313911	0.09389427943841488	0.0	0.0	0.0	0.0	0.05093365835038748	0.02597976462313911	0.0	0.0	0.02597976462313911	0.0	0.0	0.0	0.014818455601965395	0.0	0.0	0.0	0.0	0.0	0.0	0.0	0.03654240826941276	0.1771519018308314	0.02597976462313911	0.013987904694845016	0.02597976462313911	0.013987904694845016	0.0	0.03691365720381181	0.09389427943841488	0.09389427943841488	0.0	0.0	0.004662634898281671	0.0	0.004662634898281671	0.0	0.06258248852954118	0.0	0.09389427943841488	0.0	0.0	0.0	0.0	0.0	0.0	0.0	0.0	0.0	0.02597976462313911	0.0	0.0	0.0	0.0	0.005276262784976832	0.0	0.03654240826941276	0.0	0.013987904694845016	0.0	0.05093365835038748	0.0	0.0	0.0	0.0	0.0	0.0	0.0
CALYO1406491_acpa-rejette	acpa-rejette	0.03958996094257014	0.01319665364752338	0.0	0.0	0.0	0.0	0.0	0.0	0.0	0.0	0.0	0.2657489407307403	0.0	0.028027255861631174	0.0	0.021689361959597846	0.0	0.0	0.0	0.0	0.0	0.0	0.0	0.0	0.0	0.021689361959597846	0.0	0.5013929553701713	0.0735305171979254	0.0	0.0	0.0	0.0	0.0	0.0	0.01319665364752338	0.03958996094257014	0.0	0.10342596319423471	0.0	0.0	0.0	0.0	0.0	0.0	0.2657489407307403	0.0	0.0	0.0	0.0	0.0	0.0	0.0	0.0	0.0	0.01319665364752338	0.0	0.0	0.0	0.0	0.0	0.0	0.0	0.0	0.11580157628430947	0.0	0.0	0.0	0.0	0.0	0.03958996094257014	0.0	0.0	0.0	0.0	0.0	0.0	0.0	0.01493340440451747	0.0	0.0	0.0	0.0	0.0	0.0	0.0	0.0	0.0	0.0	0.06732443511802964	0.0	0.0	0.0	0.0	0.0	0.0	0.0	0.0	0.0	0.0	0.03958996094257014	0.03958996094257014	0.08776324354317014	0.0	0.0	0.0	0.0	0.0	0.0	0.0	0.029254414514390047	0.0	0.0	0.08776324354317014	0.0	0.0	0.0	0.0	0.0	0.2657489407307403	0.0	0.0	0.0	0.0	0.0	0.0	0.0	0.0	0.0	0.04194066883564221	0.0	0.0	0.0	0.0	0.0	0.2657489407307403	0.0	0.0	0.0	0.0735305171979254	0.03958996094257014	0.0735305171979254	0.03958996094257014	0.0	0.10447670890157754	0.0	0.0	0.0	0.0	0.01319665364752338	0.0	0.01319665364752338	0.0	0.0	0.0	0.0	0.0	0.0	0.0	0.0	0.0	0.0	0.03958996094257014	0.0	0.0	0.0	0.0	0.0	0.0	0.0	0.01493340440451747	0.0735305171979254	0.0	0.0	0.03958996094257014	0.0	0.0	0.03958996094257014	0.0	0.0	0.0	0.0	0.0	0.0
CAPAR1305040_acpa-rejette	acpa-rejette	0.0	0.0052717075563316045	0.0	0.029373460385241017	0.0	0.0	0.029373460385241017	0.04657451309964752	0.10615954137739156	0.0	0.0	0.0	0.0	0.011196133539257424	0.029373460385241017	0.0	0.0	0.029373460385241017	0.0	0.10615954137739156	0.0	0.0	0.0	0.0	0.0	0.00866431569611448	0.029373460385241017	0.0	0.0	0.0	0.10615954137739156	0.0	0.0	0.0	0.10615954137739156	0.0052717075563316045	0.0	0.0	0.04131588554604866	0.0	0.0052717075563316045	0.0	0.0	0.029373460385241017	0.0	0.0	0.0	0.0	0.0	0.0	0.0	0.0	0.0	0.10615954137739156	0.10615954137739156	0.0052717075563316045	0.0	0.0	0.0	0.0	0.0	0.2523883382653824	0.0	0.0	0.04625960952212098	0.057587041974121435	0.029373460385241017	0.0	0.0	0.0	0.015815122668994815	0.015815122668994815	0.00866431569611448	0.0	0.0	0.04173563014442431	0.03505905106795987	0.0	0.0	0.0	0.029373460385241017	0.0	0.0	0.0	0.0	0.0	0.0	0.0	0.0	0.0	0.0	0.07075754050500564	0.0	0.0	0.0	0.0	0.0	0.0	0.0	0.0	0.0	0.0	0.0	0.0	0.0	0.0	0.0	0.0	0.007268891384030111	0.0	0.011686350355986622	0.0	0.0	0.0	0.0	0.029373460385241017	0.10615954137739156	0.0	0.0	0.0	0.10615954137739156	0.057587041974121435	0.029373460385241017	0.0	0.0	0.029373460385241017	0.0	0.0	0.0	0.0	0.0	0.0	0.10615954137739156	0.0	0.0	0.0	0.0	0.04131588554604866	0.0	0.029373460385241017	0.015815122668994815	0.0	0.015815122668994815	0.0	0.04173563014442431	0.0	0.0	0.0	0.10615954137739156	0.0052717075563316045	0.0	0.0052717075563316045	0.0	0.07075754050500564	0.10615954137739156	0.0	0.0	0.10615954137739156	0.0	0.0	0.0	0.0	0.0	0.0	0.0	0.029373460385241017	0.0	0.0	0.0	0.10615954137739156	0.0	0.0	0.0	0.0	0.015815122668994815	0.0	0.0	0.0	0.0	0.0	0.0	0.0	0.0	0.0
CANIM1601140_acpa-rejette	acpa-rejette	0.0	0.006879256389438732	0.0	0.0	0.0	0.0	0.0	0.0	0.0	0.0	0.0	0.0	0.0	0.014610270460553045	0.0	0.011306402807003619	0.0	0.0	0.13853171776252615	0.0	0.0	0.03833057180730762	0.0	0.0	0.0	0.0	0.0	0.0	0.0	0.0	0.0	0.0	0.0	0.0	0.0	0.006879256389438732	0.0	0.0	0.0	0.0	0.006879256389438732	0.0	0.020637769168316198	0.0	0.0	0.0	0.035095416066934275	0.03833057180730762	0.0	0.13853171776252615	0.13853171776252615	0.13853171776252615	0.13853171776252615	0.0	0.0	0.006879256389438732	0.0	0.0	0.0	0.0	0.0	0.0	0.0	0.0	0.060365965102858965	0.0	0.0	0.0	0.0	0.05391470725393483	0.0	0.0	0.0	0.0	0.03833057180730762	0.0	0.04574992039860999	0.0	0.00778460361313861	0.0	0.0	0.0	0.0	0.0	0.0	0.0	0.0	0.0	0.0	0.035095416066934275	0.0	0.0	0.0	0.0	0.0	0.0	0.03833057180730762	0.0	0.0	0.02186316484248053	0.0	0.020637769168316198	0.04574992039860999	0.020637769168316198	0.0	0.0	0.0	0.0	0.0	0.0	0.015249973466203331	0.0	0.0	0.04574992039860999	0.03833057180730762	0.0	0.0	0.03833057180730762	0.0	0.0	0.0	0.0	0.0	0.03833057180730762	0.03833057180730762	0.0	0.0	0.0	0.13853171776252615	0.0	0.0	0.0	0.0	0.0	0.0	0.0	0.13853171776252615	0.05391470725393483	0.0	0.0	0.020637769168316198	0.0	0.020637769168316198	0.2613701006313168	0.0	0.0	0.0	0.0	0.0	0.006879256389438732	0.0	0.006879256389438732	0.0	0.0	0.0	0.0	0.0	0.0	0.0	0.0	0.0	0.0	0.020637769168316198	0.0	0.0	0.0	0.13853171776252615	0.0	0.2613701006313168	0.0	0.00778460361313861	0.0	0.05391470725393483	0.0	0.020637769168316198	0.0	0.0	0.020637769168316198	0.03833057180730762	0.0	0.0	0.0	0.0	0.0
CAPAR1507851_acpa-rejette	acpa-rejette	0.0	0.048141812105545655	0.0	0.0	0.0	0.0	0.0	0.0	0.0	0.0	0.0	0.0	0.0	0.0	0.0	0.0	0.0	0.0	0.0	0.0	0.0	0.0	0.0	0.0	0.0	0.0	0.0	0.0	0.0	0.0	0.0	0.0	0.0	0.0	0.0	0.048141812105545655	0.0	0.0	0.0	0.0	0.048141812105545655	0.2682416647064501	0.0	0.0	0.0	0.0	0.0	0.0	0.0	0.0	0.0	0.0	0.0	0.0	0.0	0.0	0.0	0.0	0.0	0.0	0.0	0.0	0.0	0.0	0.0	0.0	0.0	0.0	0.0	0.0	0.0	0.14442543631663698	0.0	0.0	0.0	0.0	0.0	0.0	0.0	0.0	0.0	0.0	0.0	0.0	0.0	0.10672103431871313	0.9694605855104846	0.0	0.0	0.0	0.0	0.0	0.0	0.0	0.0	0.0	0.0	0.0	0.0	0.1530008934534193	0.0	0.14442543631663698	0.32016310295613937	0.0	0.0	0.0	0.0	0.0	0.06638031406072657	0.10672103431871313	0.0	0.0	0.0	0.32016310295613937	0.0	0.0	0.0	0.0	0.0	0.0	0.0	0.0	0.0	0.0	0.0	0.0	0.0	0.0	0.0	0.1530008934534193	0.0	0.0	0.0	0.0	0.0	0.0	0.0	0.0	0.0	0.0	0.0	0.0	0.0	0.0	0.0	0.0	0.0	0.0	0.0	0.048141812105545655	0.0	0.048141812105545655	0.0	0.0	0.0	0.0	0.0	0.0	0.0	0.0	0.0	0.0	0.0	0.0	0.0	0.0	0.9694605855104846	0.0	0.0	0.0	0.0	0.0	0.0	0.0	0.14442543631663698	0.0	0.0	0.0	0.0	0.0	0.0	0.0	0.0	0.0
