@id	@sens-resultat	absence	abus	abus de droit	abus de procédure	abusif ainsi	abusif considérant	abusif en application	abusif pouvoir	accord	accorder	action en justice	affaire	agir en justice	allocation	allouer	alléguer	alors	an	août	appelant	appeler	appréciation	argument	arrêt	assignation	assurance	aucun	autre	autre demande	autre part	avant	avril	bien	blâmable	cadre	caractère abusif	caractériser	cas	cause de appel	causer	celui	celui qui agir	cesser	chacun	charge de monsieur	chef	circonstance	civil ainsi	civil attendu	civil condamner	civil devoir	civil disposer	civil dit	civil outre	code civil	commerce	complémentaire	compte	compter	conclusion	condamnation de monsieur	condamne	condamner à verser	confirmation	confirme	confirmer	confirmer le décision	confirmer le jugement	considérer	constituer	conséquence	contraindre	contraindre de exposer	convenir	convenir convier	convier	cour de appel	demande de condamnation	demande de dommages	demande en dommages	demande reconventionnel	depuis	dernier	dette	deux an	devant le cour	devoir	disposer	disposer que celui	dispositif	disposition	dol	dommage	dommage et intérêt	donc	donner au litige	dont	débat	déboute	déboute madame	débouter	déclarer	défendre	défense	déférer	dégénérer	dégénérer en abus	démontrer	dépens de appel	dépourvue	encontre	engager	ensemble	entier	entier dépens	entre	entreprendre	entreprendre en tout	erreur	euro au titre	euro en application	euro par application	euro sans préjudice	exercice	exigence	exposer	faire application	faire droit	faire valoir	fait	faute	financier	fixer	foi fois	fois	fond	fondement	fonder	frai	frai frais	frai frais irrépétibles	frais	frais irrépétibles	français	grossier	hauteur	ii	infirmer	intention	interjeter	interjeter appel	intervenir	intérêt	invoquer	irrecevable	irrépétibles	janvier	jour	juge	jugement	jugement du tribunal	jugement déférer	jugement entreprendre	juridiction	justement	justice	justice de manière	justifier	laisser	lieu	lieu à application	légal	légal à compter	légèreté blâmable	mai	manifestement	manière	manière dilatoire	mars	mauvais	maximum	mensuel	mille	mille euro	mois	moyen	méprendre	nature	ni	nouveau	obligation	observer	obtenir	organisme	outre	part	particulier	payer	payer payer	payer un amende	payer à monsieur	penser	percevoir	pierre	pièce	plus	porter	pouvoir	pouvoir donner	pouvoir être reprocher	premier juge	prendre	prendre en charge	preuve	priver	procédure abusif ainsi	procédure abusif considérant	procédure civil ainsi	procédure civil condamner	procédure civil disposer	procédure civil dit	procédure civil outre	procédure de appel	produire	prononcer	prononcer un amende	préjudice	préjudice subir	présent	prétention	public	période	qualité pour solliciter	raison	reconventionnel	recours	recouvrement	rejeter	rejette	rejette le demande	rejeté le demande	relation	relation contractuel	reprise	reprocher	reprocher à monsieur	revêtir	rupture	réclame	réclamer	référer	régler un amende	régulier	réparation	réparation du préjudice	résulter	sarl	savoir	selon	sen	sen sens	sens	seulement	si	solliciter	solution	somme	somme suivant	sommer	sorte	soustraire	statuer	subir	suivant	suivant du code	suivre	supporter	supporter le dépens	tant	tau	tau taux	tau taux légal	taux	taux légal	tel	terme	texte	titre	titre de dommages	tort	tout son disposition	toutefois	trésor	trésor public	valoir	verser	verser le somme	viser	vocation	voir
CAPAR1415151_acpa-accepte	acpa-accepte	0.0	0.0	0.0	0.0	0.0	0.0764379920273644	0.0	0.0	0.0	0.0	0.0	0.0	0.09825072663695622	0.0	0.0	0.0	0.0	0.0	0.0	0.0	0.0	0.0	0.0	0.18561666218026335	0.0	0.0	0.0	0.0	0.0	0.0	0.0	0.0764379920273644	0.0	0.0	0.0	0.0	0.0	0.0	0.0	0.0	0.0	0.0	0.0	0.0	0.0	0.0	0.0	0.0	0.0	0.0	0.0	0.0	0.0	0.0	0.0	0.0	0.0	0.0	0.0	0.0	0.0	0.2248921768948116	0.0	0.0	0.0	0.0	0.0	0.0	0.0	0.0	0.0	0.0	0.0	0.0	0.0	0.0	0.0	0.0	0.0	0.0	0.0	0.0	0.0	0.0	0.0	0.0	0.0821224135362521	0.0	0.0	0.0764379920273644	0.0	0.0	0.0	0.0	0.0	0.0764379920273644	0.0	0.0	0.0	0.0	0.0	0.0	0.0	0.0	0.0	0.0	0.0	0.0	0.0	0.0	0.0	0.0	0.0	0.0	0.0	0.0	0.0	0.0	0.0	0.0	0.0	0.0	0.0	0.0	0.0	0.0	0.0	0.0764379920273644	0.0	0.0	0.0	0.0	0.0	0.0	0.0	0.0	0.05607351183214423	0.0	0.0	0.0	0.0	0.0	0.0	0.0	0.0	0.0	0.0	0.0	0.0	0.0	0.0	0.0	0.0	0.0	0.0	0.0	0.0	0.0	0.0	0.0	0.0	0.0	0.0	0.0	0.0	0.060286709400941524	0.09825072663695622	0.0	0.0	0.0	0.0	0.0	0.0	0.0	0.051267384704264736	0.0	0.09825072663695622	0.0	0.0	0.0	0.0	0.0	0.0	0.0	0.0	0.0	0.0764379920273644	0.0	0.0	0.0	0.0	0.0	0.0	0.0	0.0	0.0	0.0	0.0821224135362521	0.0821224135362521	0.0	0.0	0.0	0.0	0.0	0.0	0.0	0.0	0.10303403926050098	0.0	0.0	0.0	0.0	0.0	0.0	0.0	0.0	0.0764379920273644	0.0	0.0	0.0	0.0	0.0	0.0	0.0	0.0	0.0	0.0	0.0	0.09825072663695622	0.0	0.0	0.0	0.0	0.0	0.0	0.0	0.0	0.0	0.0	0.0	0.1371346987944634	0.0	0.0	0.0	0.0	0.0	0.0	0.0	0.0	0.0	0.0	0.0764379920273644	0.0	0.0	0.0	0.051267384704264736	0.0	0.0	0.0	0.0764379920273644	0.0764379920273644	0.0764379920273644	0.0	0.0	0.0	0.0764379920273644	0.054078946008487325	0.0	0.0	0.0	0.0	0.0	0.0	0.0	0.0	0.0	0.0	0.0	0.0	0.0	0.0	0.0	0.0	0.0	0.0	0.0	0.0	0.0	0.0	0.0	0.0	0.0	0.0	0.0	0.0	0.0	0.0	0.0	0.0	0.0
CABAS1400506_acpa-accepte	acpa-accepte	0.0	0.0	0.0	0.0	0.0	0.0	0.0	0.0	0.0	0.0	0.0	0.0	0.0	0.0	0.0	0.0	0.0	0.0	0.0	0.0	0.0	0.0	0.053667413823834394	0.0	0.0	0.053667413823834394	0.0	0.0	0.0	0.0	0.0	0.0	0.0	0.0	0.0	0.0	0.0	0.0	0.0	0.0	0.0	0.0	0.0	0.053667413823834394	0.053667413823834394	0.0	0.0	0.0	0.0	0.0	0.0	0.0	0.0	0.13032218609642277	0.0	0.0	0.0	0.0	0.0	0.0	0.0	0.157897678929557	0.0	0.0	0.0	0.0	0.0	0.0	0.0	0.0	0.0	0.0	0.0	0.0	0.0	0.0	0.13032218609642277	0.053667413823834394	0.0	0.0	0.0	0.0	0.0	0.0	0.0	0.03599503175861175	0.0	0.0	0.0	0.0	0.0	0.0	0.05765846844700357	0.04803938764482814	0.0	0.0	0.0	0.0	0.0	0.0	0.0	0.0	0.0	0.053667413823834394	0.0	0.0	0.0	0.0	0.0	0.0	0.0	0.0	0.0	0.0	0.0	0.0	0.0	0.0	0.0	0.09628280956379166	0.09628280956379166	0.0	0.0	0.0	0.0	0.0	0.053667413823834394	0.0	0.0	0.0	0.0	0.0	0.0	0.0	0.0	0.0	0.0	0.0	0.0	0.0	0.0	0.0	0.0	0.0	0.0	0.053939320835242985	0.0	0.0	0.0	0.0	0.0	0.0	0.06886083779822197	0.0	0.0	0.0	0.0	0.0	0.0	0.0	0.0	0.0	0.0	0.0	0.0	0.0	0.0	0.0	0.053667413823834394	0.0	0.0	0.0	0.0	0.0	0.0	0.13032218609642277	0.0	0.0	0.0	0.03599503175861175	0.0	0.0	0.053667413823834394	0.053667413823834394	0.0	0.0	0.0	0.0	0.0	0.0	0.0	0.0	0.053939320835242985	0.0	0.0423275349820716	0.0	0.053667413823834394	0.0	0.0	0.0	0.0	0.0	0.0	0.0	0.0	0.0	0.0	0.07234060283732922	0.0	0.0	0.0	0.0	0.0	0.0	0.0	0.0	0.0	0.0	0.0	0.0	0.0	0.13032218609642277	0.0	0.0	0.0	0.0	0.0423275349820716	0.0	0.0	0.0	0.0	0.0	0.0	0.0	0.0	0.0	0.0	0.0	0.0	0.0	0.09628280956379166	0.0	0.0	0.0	0.0	0.0	0.0	0.0	0.0	0.0	0.0	0.0	0.0	0.0	0.0	0.0	0.0	0.0	0.0	0.0	0.0	0.0	0.0	0.0	0.0	0.0	0.0	0.0	0.0	0.0	0.0	0.0	0.0	0.0	0.0	0.0	0.0	0.0	0.0	0.0	0.0	0.0	0.0	0.0	0.0	0.0	0.0	0.03796903997105636	0.0	0.0	0.0	0.0	0.0	0.0	0.0	0.0	0.0	0.0	0.0	0.0
CAMET1502360_acpa-accepte	acpa-accepte	0.0	0.0	0.0	0.0	0.027136996426105044	0.0	0.0	0.027136996426105044	0.0	0.0	0.0	0.0	0.05200635126970912	0.0	0.0	0.0	0.0	0.027136996426105044	0.0	0.0	0.0	0.0	0.0	0.09825113426923722	0.0	0.0	0.0	0.0	0.0	0.0	0.0	0.0	0.0	0.0	0.0	0.0	0.0	0.0	0.0	0.0	0.02968098917012779	0.027136996426105044	0.0	0.0	0.0	0.0	0.0	0.0	0.04046037316767361	0.04046037316767361	0.0	0.04046037316767361	0.0	0.09825113426923722	0.0	0.0	0.0	0.0	0.0	0.0	0.0	0.11904056030667406	0.04046037316767361	0.0	0.0	0.0	0.0	0.0	0.0	0.0	0.0	0.0	0.0	0.0	0.0	0.0	0.09825113426923722	0.0	0.0	0.0	0.0	0.0	0.0	0.0	0.0	0.0	0.0	0.027136996426105044	0.04046037316767361	0.0	0.02968098917012779	0.0	0.0	0.0	0.0	0.0	0.0	0.0	0.0	0.0	0.0	0.0	0.0	0.0	0.0	0.0	0.0	0.0	0.0	0.04046037316767361	0.0	0.0	0.0	0.0	0.0	0.0	0.0	0.0	0.0	0.07258852489837997	0.07258852489837997	0.0	0.04046037316767361	0.0	0.0	0.0	0.0	0.0	0.0	0.0	0.0	0.0	0.0	0.0	0.0	0.0	0.0	0.0	0.0	0.0	0.0	0.0	0.0	0.04046037316767361	0.0	0.040665366446921446	0.0	0.0	0.0	0.0	0.0	0.0	0.0	0.0	0.0	0.0	0.0	0.0	0.0	0.02968098917012779	0.04046037316767361	0.0	0.0	0.04046037316767361	0.0	0.031911130770415345	0.05200635126970912	0.0	0.0	0.0	0.0	0.027136996426105044	0.0	0.0	0.0	0.09825113426923722	0.05200635126970912	0.027136996426105044	0.04046037316767361	0.0	0.027136996426105044	0.0	0.0	0.0	0.0	0.0	0.0	0.0	0.0	0.0	0.0	0.04046037316767361	0.040665366446921446	0.0	0.031911130770415345	0.0	0.0	0.0	0.0	0.0	0.0	0.0	0.0	0.0	0.0	0.0	0.0	0.05453826777605822	0.0	0.0	0.0	0.0	0.0	0.0	0.0	0.027136996426105044	0.0	0.0	0.04046037316767361	0.04046037316767361	0.0	0.09825113426923722	0.0	0.0	0.0	0.0	0.031911130770415345	0.0	0.05200635126970912	0.0	0.04046037316767361	0.0	0.0	0.0	0.0	0.0	0.0	0.0	0.0	0.0	0.0	0.0	0.0	0.0	0.0	0.0	0.04046037316767361	0.0	0.0	0.027136996426105044	0.0	0.0	0.0	0.0	0.0	0.0	0.0	0.0	0.0	0.0	0.0	0.0	0.0	0.0	0.0	0.0	0.02862521997221694	0.0	0.0	0.0	0.04046037316767361	0.0	0.0	0.0	0.0	0.0	0.0	0.0	0.0	0.0	0.0	0.0	0.0	0.0	0.0	0.0	0.0	0.02862521997221694	0.0	0.0	0.0	0.0	0.04046037316767361	0.04046037316767361	0.0	0.02968098917012779	0.0	0.0	0.0	0.0
CANAN1101988_acpa-accepte	acpa-accepte	0.0	0.0	0.0	0.0	0.0	0.0	0.0	0.0	0.030653823496125193	0.0	0.0	0.0	0.0	0.0	0.0	0.0	0.03470906997873263	0.018497208180016864	0.0	0.0	0.0	0.0	0.0	0.06697025919760996	0.0	0.0	0.03881574174399435	0.03881574174399435	0.0	0.0	0.0	0.0	0.0	0.0	0.03470906997873263	0.0	0.0	0.030653823496125193	0.0	0.030653823496125193	0.020231252827248854	0.0	0.0	0.0	0.0	0.03470906997873263	0.0	0.0	0.0	0.0	0.0	0.0	0.0	0.0	0.030653823496125193	0.0	0.030653823496125193	0.0	0.0	0.030653823496125193	0.0	0.08114081570723199	0.0	0.030653823496125193	0.0	0.04304435585956353	0.0	0.0	0.0	0.0	0.03470906997873263	0.0	0.0	0.0	0.0	0.0	0.0	0.0	0.0	0.0	0.0	0.030653823496125193	0.0	0.0	0.0	0.0	0.029629663931328397	0.0	0.0	0.0	0.020231252827248854	0.0	0.029629663931328397	0.024686588973333003	0.0	0.0	0.04304435585956353	0.0	0.0	0.0	0.052191782028878406	0.0	0.0	0.0	0.0	0.0	0.0	0.0	0.0	0.0	0.0	0.0	0.0	0.03881574174399435	0.03881574174399435	0.0	0.0	0.0	0.0	0.0	0.0	0.0	0.0	0.0	0.0	0.0	0.027578731771644525	0.0	0.0	0.0	0.0	0.03470906997873263	0.03470906997873263	0.0	0.0	0.0	0.0	0.03881574174399435	0.03881574174399435	0.03881574174399435	0.0	0.05731757513774289	0.0	0.0	0.0	0.02771845996050569	0.0	0.0	0.0	0.0	0.0	0.0	0.035386362783229035	0.0	0.0	0.0	0.0	0.030653823496125193	0.04304435585956353	0.020231252827248854	0.0	0.0	0.0	0.027578731771644525	0.030653823496125193	0.0	0.0	0.03881574174399435	0.0	0.04747321872217699	0.0	0.018497208180016864	0.0	0.0	0.0	0.0	0.0	0.0	0.0	0.0	0.0	0.0	0.027578731771644525	0.027578731771644525	0.0	0.0	0.0	0.0	0.0	0.03470906997873263	0.0	0.0	0.0	0.0	0.0	0.030653823496125193	0.0	0.029629663931328397	0.029629663931328397	0.0	0.0	0.0	0.0	0.0	0.03881574174399435	0.030653823496125193	0.030653823496125193	0.03717455229720305	0.0	0.0	0.03470906997873263	0.0	0.0	0.0	0.0	0.0	0.0	0.0	0.0	0.0	0.0	0.0	0.0	0.030653823496125193	0.0	0.0	0.021751369232310993	0.030653823496125193	0.03544873909455591	0.03881574174399435	0.0	0.0	0.0	0.0	0.0	0.0	0.0	0.04304435585956353	0.0	0.0	0.0	0.0	0.0	0.0	0.0	0.0	0.0	0.0	0.0	0.0	0.0	0.0	0.030653823496125193	0.030653823496125193	0.030653823496125193	0.018497208180016864	0.0	0.0	0.0	0.027578731771644525	0.027578731771644525	0.027578731771644525	0.0	0.0	0.03881574174399435	0.0	0.019511615976612714	0.0	0.0	0.0	0.0	0.03470906997873263	0.030653823496125193	0.03470906997873263	0.0	0.0	0.0	0.0	0.0	0.0	0.0	0.0	0.0	0.0	0.03470906997873263	0.0	0.0	0.019511615976612714	0.0	0.0	0.0	0.0	0.0	0.0	0.0	0.0	0.0	0.0	0.0	0.03470906997873263
CADIJ1501045_acpa-rejette	acpa-rejette	0.02254162769380502	0.0316531425265297	0.0	0.02552369798689926	0.0	0.0	0.0	0.013602126345558506	0.0	0.02254162769380502	0.0	0.02254162769380502	0.026067621841213945	0.0	0.0	0.02552369798689926	0.0	0.0	0.0	0.02254162769380502	0.0	0.02552369798689926	0.0	0.0	0.02254162769380502	0.0	0.02854358442960982	0.02854358442960982	0.02254162769380502	0.0	0.02254162769380502	0.0	0.0	0.0	0.0	0.0	0.0316531425265297	0.0	0.0	0.0	0.014877275230241032	0.013602126345558506	0.0	0.0	0.0	0.02552369798689926	0.02254162769380502	0.0	0.0	0.0	0.0	0.0	0.02254162769380502	0.0	0.0	0.0	0.0	0.0	0.0	0.0	0.0	0.0	0.020280325028370603	0.02254162769380502	0.02254162769380502	0.0316531425265297	0.0	0.02254162769380502	0.0	0.02552369798689926	0.0	0.0	0.0	0.0	0.0	0.0	0.0	0.0	0.02254162769380502	0.0	0.02254162769380502	0.0	0.0	0.02254162769380502	0.0	0.013602126345558506	0.02178850064550656	0.013602126345558506	0.0	0.0	0.014877275230241032	0.0	0.02178850064550656	0.01815355587655179	0.0316531425265297	0.0	0.0316531425265297	0.0	0.02854358442960982	0.0	0.03837980339776912	0.0	0.0	0.0	0.02254162769380502	0.02552369798689926	0.02254162769380502	0.0	0.02854358442960982	0.020280325028370603	0.02552369798689926	0.02552369798689926	0.0	0.02854358442960982	0.02854358442960982	0.0	0.02854358442960982	0.02254162769380502	0.0	0.0	0.03638421405972816	0.02254162769380502	0.020280325028370603	0.0	0.0	0.03490995575143039	0.0	0.020280325028370603	0.0	0.0	0.02854358442960982	0.02552369798689926	0.0	0.0	0.0	0.0	0.014877275230241032	0.02854358442960982	0.0	0.0	0.0	0.04214911197717358	0.0	0.0	0.02254162769380502	0.02038307569541337	0.02254162769380502	0.0	0.0	0.0	0.0	0.0	0.02602175273170396	0.0	0.02552369798689926	0.0	0.0	0.0	0.0316531425265297	0.014877275230241032	0.0	0.02254162769380502	0.02552369798689926	0.020280325028370603	0.0	0.015995109619105684	0.026067621841213945	0.0	0.0	0.03490995575143039	0.02254162769380502	0.0	0.0	0.0	0.0	0.0	0.026067621841213945	0.013602126345558506	0.0	0.0	0.013602126345558506	0.0	0.0	0.0	0.0	0.02552369798689926	0.0	0.0	0.02254162769380502	0.02552369798689926	0.0	0.020280325028370603	0.02038307569541337	0.0	0.0	0.0	0.020280325028370603	0.02178850064550656	0.02178850064550656	0.0	0.0	0.02254162769380502	0.0	0.0	0.0	0.02254162769380502	0.0	0.02733671764220081	0.0	0.0	0.02552369798689926	0.02254162769380502	0.02254162769380502	0.02254162769380502	0.0	0.0	0.0	0.0	0.0	0.0	0.02254162769380502	0.0	0.0	0.0	0.0	0.0	0.015995109619105684	0.0	0.026067621841213945	0.0	0.0	0.0	0.02254162769380502	0.02854358442960982	0.02254162769380502	0.0	0.0	0.0	0.0	0.0	0.0	0.0	0.0	0.0	0.0	0.0	0.0	0.0	0.0	0.013602126345558506	0.0	0.0	0.02254162769380502	0.0	0.0	0.0	0.02254162769380502	0.02552369798689926	0.02254162769380502	0.0	0.0	0.0	0.02254162769380502	0.0	0.02854358442960982	0.0	0.014348082323397526	0.0	0.0	0.02254162769380502	0.0	0.02552369798689926	0.0	0.0	0.0	0.0	0.0	0.0	0.02254162769380502	0.0	0.0	0.0	0.0	0.0	0.02552369798689926	0.0	0.02552369798689926	0.014348082323397526	0.03837980339776912	0.0	0.0	0.0	0.0	0.0	0.0	0.014877275230241032	0.0	0.0	0.0	0.02552369798689926
CAPAR1507861_acpa-rejette	acpa-rejette	0.0	0.0	0.0	0.0	0.026966631675185627	0.04020636490203569	0.0	0.0	0.0	0.0	0.0	0.0	0.0	0.0	0.0	0.0	0.0	0.0	0.0	0.0	0.0	0.0	0.0	0.0	0.0	0.04020636490203569	0.0	0.0	0.0	0.0	0.0	0.0	0.050601512227986	0.0	0.0	0.04468946662714186	0.0	0.0	0.0	0.0	0.029494653355816875	0.0	0.0	0.0	0.0	0.0	0.0	0.0	0.0	0.0	0.0	0.0	0.0	0.0	0.0	0.0	0.0	0.0	0.0	0.0	0.0	0.11829322942717979	0.0	0.0	0.0	0.0	0.0	0.0	0.04468946662714186	0.0	0.0	0.04468946662714186	0.04468946662714186	0.056588529502535394	0.056588529502535394	0.056588529502535394	0.0	0.0	0.0	0.0	0.0	0.0	0.050601512227986	0.0	0.0	0.0	0.04319636920986079	0.0	0.0	0.0	0.0	0.0	0.04319636920986079	0.0	0.06275332357530994	0.04020636490203569	0.0	0.0	0.0	0.0	0.0	0.0	0.04468946662714186	0.04020636490203569	0.0	0.0	0.0	0.0	0.0	0.0	0.0	0.050601512227986	0.0	0.0	0.0	0.0	0.0	0.0	0.0	0.07213281765024754	0.0	0.0	0.0	0.0	0.0	0.06921005544498912	0.0	0.0	0.04468946662714186	0.0	0.0	0.0	0.0	0.04468946662714186	0.04468946662714186	0.0	0.029494653355816875	0.0	0.056588529502535394	0.056588529502535394	0.050601512227986	0.08356190416476572	0.06921005544498912	0.0	0.0	0.040410071243392146	0.0	0.0	0.0	0.0	0.0	0.0	0.05158892099893985	0.0	0.0	0.06921005544498912	0.0	0.0	0.0	0.0	0.0	0.0	0.0	0.0	0.0	0.0	0.0	0.0	0.0	0.0	0.0	0.0	0.0	0.0	0.0	0.0	0.0	0.0	0.0	0.0	0.0	0.0	0.0	0.0	0.0	0.0	0.0	0.0	0.0	0.050601512227986	0.0	0.0	0.0	0.04468946662714186	0.0	0.0	0.0	0.04319636920986079	0.04319636920986079	0.0	0.0	0.0	0.0	0.0	0.0	0.0	0.0	0.0	0.0	0.0	0.0	0.0	0.0	0.0	0.0	0.026966631675185627	0.04020636490203569	0.0	0.0	0.0	0.0	0.0	0.0	0.0	0.0	0.0	0.0	0.0	0.0	0.0	0.0	0.0	0.0	0.0	0.0	0.0	0.0	0.06275332357530994	0.0	0.0	0.0	0.0	0.0	0.0	0.0	0.0	0.0	0.0	0.0	0.0	0.0	0.0	0.0	0.0	0.0	0.0	0.0	0.0	0.0	0.0	0.0	0.0	0.0	0.0	0.0	0.04020636490203569	0.028445512225861898	0.0	0.056588529502535394	0.0	0.0	0.050601512227986	0.0	0.0	0.0	0.0	0.0	0.0	0.0	0.0	0.0	0.0	0.0	0.0	0.0	0.0	0.0	0.028445512225861898	0.07608913457355343	0.0	0.0	0.0	0.0	0.0	0.04468946662714186	0.029494653355816875	0.0	0.0	0.0	0.0
CAROU1501728_acpa-rejette	acpa-rejette	0.0	0.0	0.0	0.0	0.0	0.0	0.05554481395707871	0.0	0.0	0.04905521594812761	0.0	0.0	0.0	0.0	0.0	0.0	0.0	0.0	0.0	0.0	0.0	0.0	0.0	0.0	0.0	0.0	0.0	0.0	0.0	0.0	0.0	0.0	0.0	0.0	0.0	0.0	0.0	0.0	0.0	0.0	0.032376009357113655	0.0	0.0	0.0	0.04413415647168848	0.0	0.0	0.0	0.04413415647168848	0.0	0.0	0.0	0.0	0.0	0.0	0.0	0.0	0.0	0.0	0.0	0.0	0.0	0.0	0.0	0.04905521594812761	0.0	0.0	0.0	0.0	0.0	0.0	0.04905521594812761	0.04905521594812761	0.0	0.0	0.0	0.0	0.04413415647168848	0.0	0.0	0.0	0.0	0.0	0.0	0.0	0.029601023240148096	0.0	0.0	0.0	0.04413415647168848	0.0	0.0	0.047416256663887005	0.03950586957814883	0.06888374536070034	0.0	0.0	0.0	0.062116707681803045	0.0	0.08352234227706924	0.0	0.0	0.0	0.0	0.0	0.0	0.0	0.062116707681803045	0.0	0.0	0.0	0.0	0.0	0.0	0.0	0.0	0.0	0.0	0.0	0.0	0.0	0.0	0.0	0.0	0.07597124047065322	0.0	0.0	0.0	0.0	0.062116707681803045	0.0	0.0	0.0	0.0	0.0	0.032376009357113655	0.062116707681803045	0.062116707681803045	0.062116707681803045	0.05554481395707871	0.09172513263673045	0.07597124047065322	0.0	0.0	0.0	0.0	0.0	0.0	0.0	0.0	0.0	0.056628683471395054	0.0	0.05554481395707871	0.07597124047065322	0.0	0.0	0.0	0.032376009357113655	0.0	0.0	0.0	0.0	0.0	0.0	0.0	0.0	0.04413415647168848	0.0	0.0	0.0	0.0	0.0	0.0	0.0	0.0	0.0	0.0	0.0	0.0	0.0	0.0	0.0	0.0	0.0	0.0	0.0	0.0	0.0	0.0	0.0	0.0	0.0	0.0	0.0	0.0	0.047416256663887005	0.047416256663887005	0.05554481395707871	0.0	0.0	0.05554481395707871	0.0	0.0	0.0	0.0	0.0	0.0	0.0	0.0	0.0	0.0	0.0	0.0	0.0	0.0	0.0	0.0	0.0	0.0	0.0	0.0	0.0	0.062116707681803045	0.04905521594812761	0.0	0.0	0.0	0.0	0.04413415647168848	0.0	0.0	0.0	0.0	0.0	0.0	0.0	0.0	0.0	0.0791795296261317	0.0	0.0	0.0	0.0	0.0	0.0	0.0	0.0	0.0	0.0	0.0	0.0	0.0	0.0	0.0	0.0	0.0	0.0	0.0	0.0	0.0	0.0	0.0	0.062116707681803045	0.0	0.031224376800847106	0.0	0.0	0.0	0.0	0.0	0.0	0.0	0.0	0.0	0.0	0.0	0.0	0.0	0.0	0.0	0.0	0.0	0.0	0.05554481395707871	0.05554481395707871	0.031224376800847106	0.0	0.0	0.0	0.04905521594812761	0.04413415647168848	0.04413415647168848	0.0	0.0	0.0	0.0	0.04905521594812761	0.05554481395707871
CALYO1504370_acpa-rejette	acpa-rejette	0.0	0.0	0.0	0.0	0.0	0.0	0.0	0.0	0.0	0.0	0.0	0.0	0.0	0.0	0.0	0.0	0.0616605479332448	0.0	0.0	0.0	0.0	0.0	0.048993525709146106	0.0	0.0	0.0	0.0	0.0	0.0	0.0	0.0	0.0	0.0616605479332448	0.0	0.0	0.0	0.0	0.0	0.0	0.05445641597940244	0.0359407536839373	0.0	0.0	0.0	0.0	0.0	0.0	0.0	0.0	0.0	0.0	0.0	0.0	0.0	0.0	0.0	0.05445641597940244	0.05445641597940244	0.0	0.0	0.0	0.0	0.0	0.0	0.0	0.0	0.0	0.0	0.0	0.0	0.0	0.0	0.0	0.0	0.0	0.0	0.0	0.0	0.0	0.0	0.0	0.0	0.0	0.0	0.0	0.0	0.05263699990241916	0.0	0.0	0.0	0.0	0.0	0.05263699990241916	0.043855643600684384	0.07646815571147657	0.0	0.0	0.05445641597940244	0.0	0.0	0.09271852802408709	0.0	0.0	0.0	0.05445641597940244	0.0	0.0	0.0	0.0	0.0	0.0	0.0616605479332448	0.0	0.0	0.0	0.0616605479332448	0.0	0.0	0.0	0.0	0.0	0.05445641597940244	0.0	0.0	0.0	0.0	0.0	0.0	0.0	0.0616605479332448	0.0	0.0616605479332448	0.0616605479332448	0.0	0.0	0.0	0.0359407536839373	0.06895603673150932	0.0	0.0	0.0	0.0	0.0	0.0	0.0	0.0	0.0	0.0	0.0	0.0	0.0	0.0	0.06286375635865295	0.0	0.0	0.0	0.05445641597940244	0.0	0.07646815571147657	0.0359407536839373	0.0	0.05445641597940244	0.0	0.0	0.05445641597940244	0.0	0.0	0.0	0.0	0.08433601592776221	0.0	0.0	0.0	0.0	0.0	0.0	0.0	0.0	0.0	0.0	0.0	0.05445641597940244	0.0	0.0	0.0	0.0	0.0	0.0616605479332448	0.05445641597940244	0.0	0.05445641597940244	0.0	0.0	0.0	0.0	0.0	0.0	0.0	0.0	0.0	0.0	0.0	0.0	0.0	0.0	0.0	0.0	0.0	0.0	0.0	0.0616605479332448	0.0	0.0	0.0	0.0	0.0	0.0	0.0	0.0	0.0	0.0	0.0	0.05445641597940244	0.05445641597940244	0.0	0.0	0.03864123544607837	0.0	0.0	0.0	0.0	0.05445641597940244	0.0	0.0	0.0	0.0	0.0	0.0	0.0	0.0	0.0	0.0	0.0	0.0	0.0	0.0	0.0	0.0	0.0	0.0	0.0	0.0	0.05445641597940244	0.0	0.0	0.0	0.0	0.0616605479332448	0.0	0.0	0.0	0.0	0.0	0.0	0.0	0.0	0.03466232120071698	0.0	0.0	0.0	0.0	0.0	0.0	0.0616605479332448	0.05445641597940244	0.0	0.0	0.0	0.0	0.0	0.0	0.0	0.0	0.0	0.0616605479332448	0.0	0.0	0.03466232120071698	0.09271852802408709	0.0	0.0	0.0	0.0	0.0	0.0	0.0359407536839373	0.05445641597940244	0.05445641597940244	0.0	0.0
CAAIX1416771_acpa-rejette	acpa-rejette	0.0	0.0	0.0	0.0	0.0	0.0	0.0	0.0	0.0	0.0	0.0526599586193127	0.0	0.0	0.0526599586193127	0.06668125280603407	0.0	0.0	0.0	0.0	0.0	0.05962643417144781	0.0	0.0	0.0	0.0	0.0	0.0	0.0	0.0	0.0	0.0	0.0	0.0	0.0526599586193127	0.0	0.0	0.0739455552305281	0.0	0.0	0.0	0.03475510768940283	0.0	0.0	0.0	0.0	0.0	0.0	0.0	0.0	0.0	0.0	0.0	0.0	0.0	0.0526599586193127	0.0	0.0	0.0	0.0	0.0	0.0	0.0	0.0	0.0	0.0	0.0739455552305281	0.0	0.0	0.0	0.0	0.0	0.0	0.0	0.0	0.0	0.0	0.0	0.0	0.0	0.0	0.0	0.0	0.0	0.0	0.0	0.0	0.05090056308065861	0.0	0.0	0.0	0.03475510768940283	0.0526599586193127	0.05090056308065861	0.042408894079788234	0.0	0.0	0.0	0.0	0.0	0.0	0.0	0.0	0.0	0.0	0.0	0.05962643417144781	0.0	0.0	0.06668125280603407	0.0	0.0	0.0	0.0	0.06668125280603407	0.06668125280603407	0.0	0.0	0.0	0.0526599586193127	0.0	0.0	0.0	0.0	0.05962643417144781	0.0	0.0	0.0	0.0	0.0	0.05962643417144781	0.06668125280603407	0.0	0.0	0.0	0.0	0.0	0.0	0.0	0.0	0.0	0.0	0.09846540465969675	0.08155386337862311	0.0	0.0	0.0	0.0	0.0526599586193127	0.0526599586193127	0.0	0.0	0.0	0.06078995007224391	0.0	0.0	0.08155386337862311	0.0	0.0	0.0	0.03475510768940283	0.0	0.0	0.0	0.0	0.0	0.03736650352383207	0.0	0.0	0.0	0.08155386337862311	0.0	0.0	0.0	0.0526599586193127	0.0	0.0	0.0	0.0	0.0	0.0	0.0	0.0	0.0	0.0	0.0	0.0	0.047377283099822864	0.0	0.0	0.0	0.0	0.0	0.0	0.0	0.0	0.0	0.0	0.0	0.0	0.0	0.0	0.0	0.0	0.0	0.0	0.0	0.0	0.06386186655996244	0.0526599586193127	0.0	0.0	0.0	0.0	0.0	0.0	0.0	0.0	0.0	0.0	0.0	0.0	0.0	0.0	0.0	0.06668125280603407	0.0526599586193127	0.0	0.0	0.0	0.06668125280603407	0.0	0.0	0.0	0.0	0.0	0.0	0.0526599586193127	0.0739455552305281	0.0	0.0	0.0	0.0	0.0	0.0	0.0	0.0	0.0	0.0	0.0	0.0	0.0	0.0	0.0	0.0	0.0	0.0	0.0	0.0	0.0	0.0	0.0	0.0	0.0	0.0526599586193127	0.0	0.0	0.03351884928985205	0.0	0.0	0.0	0.0	0.0	0.0	0.0	0.0	0.0	0.06668125280603407	0.0	0.0	0.0	0.0	0.0	0.0	0.0	0.0	0.0	0.0	0.03351884928985205	0.0	0.0	0.0	0.0	0.0	0.0	0.0	0.03475510768940283	0.0526599586193127	0.0	0.0	0.0
CAROU1501321_acpa-rejette	acpa-rejette	0.0	0.0	0.0	0.0	0.0	0.0	0.0	0.0	0.027586536896599918	0.0	0.0	0.0	0.0	0.0	0.034931756292161976	0.0	0.031236006814484647	0.016646338294687	0.027586536896599918	0.0	0.0	0.0	0.0	0.0	0.0	0.0	0.034931756292161976	0.0	0.0	0.0	0.0	0.0	0.0	0.0	0.031236006814484647	0.0	0.0	0.0	0.031236006814484647	0.0	0.0	0.0	0.027586536896599918	0.0	0.0	0.031236006814484647	0.0	0.027586536896599918	0.0	0.0	0.0	0.0	0.0	0.0	0.027586536896599918	0.0	0.0	0.027586536896599918	0.0	0.027586536896599918	0.031236006814484647	0.0	0.0	0.0	0.0	0.03873724630992038	0.0	0.027586536896599918	0.027586536896599918	0.031236006814484647	0.0	0.0	0.0	0.034931756292161976	0.034931756292161976	0.034931756292161976	0.0	0.0	0.0	0.0	0.0	0.027586536896599918	0.031236006814484647	0.0	0.027586536896599918	0.0	0.026664856910224192	0.0	0.0	0.0	0.018206870756396504	0.0	0.026664856910224192	0.022216396517391435	0.0	0.0	0.03873724630992038	0.027586536896599918	0.0	0.0	0.04696936161392564	0.0	0.027586536896599918	0.0	0.0	0.0	0.0	0.034931756292161976	0.0	0.0	0.0	0.0	0.027586536896599918	0.034931756292161976	0.034931756292161976	0.031236006814484647	0.034931756292161976	0.027586536896599918	0.0	0.0	0.0	0.0	0.0	0.0	0.027586536896599918	0.04272294776034176	0.0	0.0	0.0	0.0	0.0	0.0	0.031236006814484647	0.0	0.0	0.0	0.0	0.0	0.0	0.0	0.0	0.0	0.0	0.0	0.0	0.0	0.0	0.0	0.0	0.027586536896599918	0.027586536896599918	0.027586536896599918	0.03184552826434239	0.027586536896599918	0.0	0.0	0.0	0.0	0.0	0.018206870756396504	0.0	0.0	0.031236006814484647	0.0	0.0	0.0	0.0	0.034931756292161976	0.0	0.04272294776034176	0.0	0.0	0.0	0.0	0.016646338294687	0.0	0.0	0.0	0.0	0.0	0.0	0.0	0.0	0.0	0.0	0.031236006814484647	0.0	0.0	0.0	0.0	0.0	0.0	0.024944892062619017	0.0	0.0195748810896156	0.0	0.0	0.026664856910224192	0.026664856910224192	0.0	0.027586536896599918	0.027586536896599918	0.031236006814484647	0.027586536896599918	0.034931756292161976	0.0	0.027586536896599918	0.033454787742579845	0.0	0.027586536896599918	0.0	0.0	0.0	0.0	0.027586536896599918	0.0	0.0	0.027586536896599918	0.0	0.0	0.0	0.0	0.0	0.0	0.0	0.0	0.0195748810896156	0.027586536896599918	0.0	0.034931756292161976	0.0	0.0	0.027586536896599918	0.0	0.0	0.0	0.0	0.0	0.0	0.0	0.0	0.031236006814484647	0.0	0.027586536896599918	0.027586536896599918	0.027586536896599918	0.0	0.0	0.027586536896599918	0.0	0.0	0.024819145372715852	0.0	0.027586536896599918	0.027586536896599918	0.016646338294687	0.0	0.0	0.0	0.0	0.0	0.0	0.0	0.0	0.034931756292161976	0.0	0.017559242295472656	0.0	0.034931756292161976	0.0	0.0	0.0	0.027586536896599918	0.0	0.0	0.027586536896599918	0.034931756292161976	0.031236006814484647	0.027586536896599918	0.0	0.0	0.0	0.0	0.0	0.0	0.031236006814484647	0.0	0.017559242295472656	0.0	0.027586536896599918	0.027586536896599918	0.0	0.0	0.0	0.0	0.018206870756396504	0.0	0.0	0.027586536896599918	0.031236006814484647
CAVER1501683_acpa-rejette	acpa-rejette	0.0	0.07316520201645418	0.0	0.0	0.0	0.0	0.0	0.0	0.0	0.0	0.05210423396712137	0.0	0.0	0.0	0.0	0.0	0.0	0.0	0.0	0.0	0.0	0.0	0.0	0.0	0.0	0.0	0.0	0.0	0.0	0.0	0.0	0.0	0.0	0.05210423396712137	0.0	0.0	0.0	0.05210423396712137	0.05899719175918384	0.0	0.0	0.0	0.0	0.0	0.0	0.0	0.0	0.0	0.0	0.0	0.0	0.0	0.0	0.0	0.0	0.0	0.0	0.0	0.0	0.0	0.0	0.0	0.0	0.0	0.0	0.0	0.0	0.0	0.0	0.0	0.0	0.0	0.0	0.0	0.0	0.0	0.0	0.0	0.0	0.0	0.05210423396712137	0.0	0.0	0.05210423396712137	0.0	0.0	0.05036340546686648	0.0	0.0	0.0	0.0343883343261309	0.05210423396712137	0.05036340546686648	0.04196134971153903	0.0	0.0	0.0	0.0	0.0	0.0	0.0	0.05210423396712137	0.0	0.0	0.0	0.05899719175918384	0.05210423396712137	0.0	0.0	0.0	0.0	0.0	0.0	0.0	0.0	0.0	0.0	0.0	0.05210423396712137	0.0	0.0	0.0	0.0	0.05899719175918384	0.05210423396712137	0.0	0.04687730693457834	0.0	0.0	0.0	0.0	0.0	0.0	0.0	0.0	0.0	0.0343883343261309	0.0	0.0	0.0	0.0	0.09742629156139437	0.08069321909501133	0.0	0.05210423396712137	0.0	0.0	0.0	0.0	0.0	0.0	0.0	0.06014842898589356	0.0	0.05899719175918384	0.08069321909501133	0.0	0.0	0.07316520201645418	0.0	0.0	0.0	0.0	0.0	0.0	0.036972171896560865	0.0	0.06597756034225524	0.0	0.0	0.0	0.0	0.0	0.05210423396712137	0.0	0.0	0.0	0.0	0.0	0.03144086945212486	0.0	0.0	0.0	0.0	0.0	0.0	0.0	0.05899719175918384	0.0	0.0	0.0	0.0	0.0	0.0	0.0	0.0	0.0	0.05036340546686648	0.05036340546686648	0.0	0.0	0.0	0.0	0.0	0.06597756034225524	0.0	0.0	0.06318792729922575	0.05210423396712137	0.0	0.0	0.0	0.0	0.0	0.0	0.0	0.0	0.0	0.0	0.0	0.0	0.0	0.05210423396712137	0.0	0.0	0.0	0.0	0.0	0.0	0.06597756034225524	0.0	0.0	0.0	0.06597756034225524	0.05210423396712137	0.0	0.0	0.07316520201645418	0.0	0.0	0.0	0.0	0.0	0.0	0.0	0.0	0.0	0.0	0.0	0.0	0.0	0.0	0.0	0.0	0.0	0.0	0.0	0.0	0.0	0.0	0.0	0.0	0.0	0.0	0.0	0.0	0.03316512225793172	0.0	0.0	0.0	0.0	0.0	0.0	0.0	0.0	0.0	0.06597756034225524	0.05899719175918384	0.0	0.0	0.0	0.0	0.0	0.0	0.0	0.0	0.0	0.03316512225793172	0.08871365825987186	0.0	0.0	0.0	0.0	0.0	0.0	0.0	0.0	0.0	0.0	0.0
CAFOR1400518_acpa-rejette	acpa-rejette	0.0	0.1061062463913268	0.07556303454343488	0.08555939699023185	0.0	0.0	0.0	0.0	0.0	0.0	0.0	0.0	0.0	0.0	0.0	0.0	0.0	0.0	0.0	0.0	0.0	0.0	0.0	0.0	0.0	0.0	0.0	0.0	0.0	0.0	0.0	0.0	0.0	0.0	0.0	0.0	0.1061062463913268	0.0	0.0	0.0	0.0	0.0	0.0	0.0	0.0	0.0	0.0	0.0	0.0	0.0	0.0	0.0	0.0	0.0	0.0	0.0	0.0	0.0	0.0	0.0	0.08555939699023185	0.0	0.0	0.0	0.0	0.1061062463913268	0.07556303454343488	0.0	0.0	0.08555939699023185	0.08555939699023185	0.0	0.0	0.09568252503969835	0.09568252503969835	0.09568252503969835	0.0	0.0	0.0	0.0	0.0	0.0	0.0	0.0	0.0	0.0	0.0	0.0	0.0	0.0	0.0	0.0	0.0730384357904437	0.06085353677290325	0.0	0.0	0.0	0.0	0.09568252503969835	0.07556303454343488	0.12865505762535875	0.0	0.0	0.0	0.0	0.0	0.0	0.09568252503969835	0.0	0.0	0.0	0.0	0.0	0.09568252503969835	0.09568252503969835	0.0	0.09568252503969835	0.0	0.0	0.0	0.0	0.0	0.0	0.08555939699023185	0.0	0.0	0.0	0.0	0.0	0.0	0.09568252503969835	0.0	0.0	0.0	0.0	0.0	0.0	0.0	0.0	0.0	0.0	0.0	0.0	0.06798279704938995	0.0	0.0	0.0	0.0	0.0	0.0	0.0	0.0	0.08722895379408865	0.0	0.0	0.0	0.0	0.0	0.0	0.0	0.0	0.0	0.0	0.0	0.0	0.0	0.0	0.0	0.0	0.0	0.0	0.0	0.0	0.0	0.0	0.0	0.0	0.0	0.0	0.0	0.0	0.0	0.06798279704938995	0.06798279704938995	0.0	0.0	0.0	0.0	0.0	0.0	0.0	0.0	0.0	0.0	0.0	0.0	0.0	0.0	0.0	0.0	0.0	0.0	0.0	0.0	0.0	0.0	0.0	0.0	0.0	0.0	0.0	0.0	0.0	0.0	0.0	0.0	0.0	0.0	0.0	0.0	0.0	0.0	0.0	0.0	0.0	0.0	0.0	0.0	0.0	0.0	0.0	0.0	0.0	0.0	0.0	0.07556303454343488	0.0	0.0	0.0	0.0	0.0	0.0	0.0	0.0	0.0	0.0	0.0	0.0	0.0	0.0	0.0	0.0	0.0	0.0	0.0	0.0	0.0	0.0	0.0	0.0	0.0	0.0	0.0	0.0	0.0	0.0	0.04809699880425647	0.0	0.0	0.0	0.0	0.0	0.0	0.0	0.0	0.0	0.0	0.0	0.0	0.0	0.0	0.0	0.0	0.0	0.0	0.0	0.0	0.04809699880425647	0.0	0.0	0.0	0.0	0.0	0.0	0.0	0.049870935559983565	0.0	0.0	0.0	0.0
CAPAR1411380_acpa-rejette	acpa-rejette	0.0	0.15867492129540606	0.1129995543787481	0.0	0.0	0.0	0.12794845775090166	0.0	0.0	0.0	0.0	0.0	0.0	0.0	0.0	0.0	0.0	0.0	0.0	0.0	0.0	0.12794845775090166	0.0	0.0	0.0	0.0	0.0	0.14308693075453924	0.1129995543787481	0.0	0.0	0.0	0.0	0.0	0.0	0.0	0.15867492129540606	0.0	0.0	0.0	0.0	0.0	0.0	0.0	0.0	0.0	0.0	0.0	0.0	0.0	0.0	0.0	0.0	0.0	0.0	0.0	0.0	0.0	0.0	0.0	0.0	0.0	0.0	0.0	0.0	0.0	0.0	0.0	0.0	0.0	0.0	0.0	0.0	0.0	0.0	0.0	0.0	0.0	0.0	0.0	0.0	0.0	0.0	0.0	0.0	0.0	0.0	0.0	0.0	0.0	0.07457870807835396	0.0	0.0	0.0	0.0	0.0	0.0	0.0	0.0	0.0	0.19239518725099686	0.0	0.0	0.0	0.0	0.0	0.0	0.0	0.0	0.0	0.0	0.0	0.0	0.0	0.0	0.0	0.0	0.0	0.0	0.0	0.0	0.0	0.0	0.0	0.0	0.0	0.0	0.0	0.0	0.0	0.0	0.0	0.0	0.0	0.0	0.0	0.0	0.0	0.0	0.0	0.0	0.0	0.0	0.0	0.0	0.0	0.0	0.0	0.0	0.0	0.0	0.0	0.0	0.0	0.0	0.0	0.0	0.0	0.0	0.0	0.0	0.0	0.0	0.0	0.0	0.0	0.0	0.14308693075453924	0.0	0.17500109117575288	0.1129995543787481	0.0	0.0	0.0	0.0	0.0	0.0	0.0	0.0	0.0	0.0	0.0	0.0	0.0	0.0	0.0	0.0	0.0	0.0	0.0	0.0	0.0	0.0	0.0	0.0	0.0	0.0	0.10922418278605268	0.10922418278605268	0.12794845775090166	0.0	0.0	0.0	0.0	0.0	0.0	0.0	0.0	0.0	0.0	0.0	0.0	0.0	0.0	0.0	0.0	0.0	0.0	0.0	0.0	0.0	0.0	0.0	0.0	0.0	0.0	0.0	0.0	0.0	0.0	0.0	0.0	0.0	0.0	0.0	0.0	0.0	0.0	0.0	0.0	0.0	0.0	0.0	0.0	0.0	0.0	0.0	0.0	0.0	0.0	0.0	0.0	0.0	0.0	0.0	0.0	0.0	0.0	0.0	0.10166380715674118	0.10166380715674118	0.10166380715674118	0.0	0.0	0.0	0.0	0.0	0.0	0.0	0.0	0.0	0.0	0.0	0.0	0.0	0.0	0.14308693075453924	0.12794845775090166	0.0	0.0	0.0	0.0	0.0	0.0	0.0	0.0	0.0	0.0	0.0	0.0	0.0	0.0	0.0	0.0	0.0	0.0	0.0	0.0	0.0	0.0
CALYO1406491_acpa-rejette	acpa-rejette	0.0	0.05119394468751722	0.0	0.041280538950186546	0.02199928500569915	0.0	0.0	0.0	0.0	0.0	0.0	0.0	0.0	0.0	0.046164726969784645	0.0	0.0	0.0	0.0	0.0	0.041280538950186546	0.0	0.0	0.0	0.03645751256312241	0.0	0.046164726969784645	0.0	0.0	0.0	0.0	0.0	0.0	0.0	0.041280538950186546	0.0	0.0	0.0	0.0	0.0	0.02406163636358006	0.0	0.0	0.03280021365578776	0.0	0.0	0.0	0.0	0.0	0.0	0.03645751256312241	0.0	0.03645751256312241	0.0	0.0	0.03645751256312241	0.0	0.0	0.03645751256312241	0.0	0.041280538950186546	0.0	0.0	0.0	0.0	0.0	0.0	0.0	0.0	0.0	0.0	0.0	0.0	0.0	0.0	0.0	0.0	0.0	0.0	0.03645751256312241	0.0	0.0	0.0	0.0	0.0	0.0	0.035239448845722166	0.0	0.0	0.0	0.0	0.0	0.0	0.0	0.0	0.0	0.05119394468751722	0.0	0.0	0.0	0.0	0.0	0.0	0.0	0.0	0.0	0.0	0.0	0.046164726969784645	0.0	0.041280538950186546	0.0	0.0	0.0	0.0	0.0	0.0	0.0	0.0	0.0	0.0	0.0	0.0	0.0	0.0	0.05646132425191272	0.0	0.0	0.0	0.0	0.0	0.0	0.0	0.0	0.0	0.03645751256312241	0.02406163636358006	0.046164726969784645	0.046164726969784645	0.046164726969784645	0.041280538950186546	0.06816951288103155	0.05646132425191272	0.0	0.0	0.0	0.0	0.0	0.0	0.0	0.0	0.0	0.04208606361603977	0.03645751256312241	0.0	0.05646132425191272	0.0	0.0	0.0	0.02406163636358006	0.03280021365578776	0.0	0.0	0.0	0.0	0.0	0.0	0.0	0.0	0.0	0.0	0.02199928500569915	0.03645751256312241	0.0	0.0	0.0	0.0	0.0	0.0	0.0	0.0	0.0	0.0	0.0	0.0	0.0	0.0	0.0	0.0	0.0	0.0	0.0	0.0	0.0	0.025869556440563823	0.0	0.0	0.035239448845722166	0.035239448845722166	0.0	0.03645751256312241	0.0	0.0	0.0	0.0	0.0	0.0	0.04421281108945666	0.0	0.03645751256312241	0.0	0.0	0.0	0.03645751256312241	0.0	0.02199928500569915	0.0	0.0	0.0	0.0	0.03645751256312241	0.0	0.0	0.0	0.046164726969784645	0.0	0.0	0.0	0.0	0.0	0.0	0.0	0.0	0.046164726969784645	0.0	0.0	0.0	0.05119394468751722	0.03645751256312241	0.03645751256312241	0.0	0.041280538950186546	0.03645751256312241	0.0	0.03645751256312241	0.03645751256312241	0.0	0.03645751256312241	0.03645751256312241	0.0	0.03645751256312241	0.0	0.0	0.0	0.0	0.0	0.0	0.0	0.0	0.0	0.0	0.0	0.0	0.0	0.0	0.0	0.02320575065241358	0.03645751256312241	0.046164726969784645	0.0	0.0	0.041280538950186546	0.0	0.041280538950186546	0.0	0.0	0.0	0.0	0.0	0.03645751256312241	0.03645751256312241	0.03645751256312241	0.03645751256312241	0.03645751256312241	0.0	0.0	0.0	0.02320575065241358	0.06207325325175512	0.0	0.0	0.0	0.0	0.0	0.0	0.0	0.0	0.0	0.0	0.0
CAPAR1305040_acpa-rejette	acpa-rejette	0.01665765256512311	0.0	0.0	0.0	0.0	0.0	0.018861321774014818	0.010051603100227352	0.01665765256512311	0.0	0.0	0.01665765256512311	0.01926326677595213	0.01665765256512311	0.02109293609362417	0.018861321774014818	0.018861321774014818	0.010051603100227352	0.0	0.01665765256512311	0.018861321774014818	0.018861321774014818	0.0	0.0	0.0	0.0	0.02109293609362417	0.02109293609362417	0.0	0.01665765256512311	0.01665765256512311	0.0	0.018861321774014818	0.0	0.018861321774014818	0.01665765256512311	0.02339081533788975	0.01665765256512311	0.018861321774014818	0.01665765256512311	0.010993903602142006	0.010051603100227352	0.0	0.0	0.0	0.018861321774014818	0.01665765256512311	0.01665765256512311	0.0	0.014986611118735215	0.0	0.014986611118735215	0.0	0.0	0.0	0.01665765256512311	0.01665765256512311	0.0	0.01665765256512311	0.01665765256512311	0.0	0.0	0.0	0.01665765256512311	0.0	0.0	0.0	0.0	0.0	0.0	0.018861321774014818	0.0	0.0	0.0	0.0	0.0	0.0	0.0	0.0	0.01665765256512311	0.0	0.01665765256512311	0.018861321774014818	0.0	0.01665765256512311	0.0	0.0161011120668786	0.010051603100227352	0.014986611118735215	0.0	0.010993903602142006	0.0	0.0161011120668786	0.013414986296497754	0.02339081533788975	0.0	0.02339081533788975	0.0	0.02109293609362417	0.01665765256512311	0.028361635601561692	0.01665765256512311	0.0	0.0	0.0	0.0	0.0	0.02109293609362417	0.0	0.0	0.018861321774014818	0.0	0.01665765256512311	0.0	0.0	0.018861321774014818	0.02109293609362417	0.0	0.0	0.0	0.0	0.0	0.0	0.0	0.0	0.0	0.0	0.0	0.01665765256512311	0.018861321774014818	0.0	0.018861321774014818	0.018861321774014818	0.01665765256512311	0.01665765256512311	0.01665765256512311	0.0	0.0	0.02109293609362417	0.02109293609362417	0.0	0.031147052590047967	0.0	0.0	0.0	0.015062541079769193	0.01665765256512311	0.01665765256512311	0.01665765256512311	0.01665765256512311	0.01665765256512311	0.01665765256512311	0.01922937074590196	0.0	0.0	0.0	0.01665765256512311	0.01665765256512311	0.02339081533788975	0.010993903602142006	0.0	0.0	0.018861321774014818	0.0	0.01665765256512311	0.011819952950839725	0.01926326677595213	0.0	0.0	0.02579751213489183	0.0	0.010051603100227352	0.01665765256512311	0.0	0.010051603100227352	0.0	0.01926326677595213	0.010051603100227352	0.014986611118735215	0.0	0.010051603100227352	0.01665765256512311	0.0	0.0	0.01665765256512311	0.018861321774014818	0.0	0.018861321774014818	0.0	0.018861321774014818	0.01665765256512311	0.0	0.015062541079769193	0.01665765256512311	0.011819952950839725	0.01665765256512311	0.0	0.0161011120668786	0.0161011120668786	0.018861321774014818	0.0	0.0	0.018861321774014818	0.0	0.02109293609362417	0.01665765256512311	0.01665765256512311	0.02020109421289918	0.0	0.0	0.018861321774014818	0.01665765256512311	0.01665765256512311	0.0	0.01665765256512311	0.0	0.0	0.01665765256512311	0.014986611118735215	0.014986611118735215	0.0	0.0	0.0	0.0	0.02109293609362417	0.0	0.011819952950839725	0.01665765256512311	0.01926326677595213	0.02109293609362417	0.0	0.01665765256512311	0.0	0.02109293609362417	0.0	0.01665765256512311	0.01665765256512311	0.0	0.0	0.0	0.0	0.018861321774014818	0.01665765256512311	0.01665765256512311	0.0	0.0	0.014986611118735215	0.01665765256512311	0.0	0.010051603100227352	0.01665765256512311	0.0	0.0	0.01665765256512311	0.01665765256512311	0.010051603100227352	0.01665765256512311	0.018861321774014818	0.01665765256512311	0.0	0.0	0.0	0.01665765256512311	0.01665765256512311	0.02109293609362417	0.0	0.01060284437155462	0.01665765256512311	0.02109293609362417	0.0	0.014986611118735215	0.0	0.01665765256512311	0.018861321774014818	0.01665765256512311	0.01665765256512311	0.0	0.0	0.0	0.01665765256512311	0.01665765256512311	0.01665765256512311	0.01665765256512311	0.01665765256512311	0.018861321774014818	0.018861321774014818	0.018861321774014818	0.01060284437155462	0.028361635601561692	0.01665765256512311	0.0	0.01665765256512311	0.0	0.0	0.01665765256512311	0.010993903602142006	0.0	0.01665765256512311	0.0	0.0
CANIM1601140_acpa-rejette	acpa-rejette	0.0	0.0	0.0	0.0	0.0	0.0	0.0	0.0	0.0	0.0	0.0	0.0	0.0	0.0	0.0	0.06102286069200631	0.0	0.0	0.05389323315282043	0.0	0.0	0.0	0.0	0.0	0.0	0.0	0.0	0.06824290027223456	0.0	0.05389323315282043	0.0	0.04848683954927228	0.0	0.0	0.0	0.0	0.0	0.0	0.0	0.0	0.0	0.0	0.05389323315282043	0.0	0.0	0.0	0.0	0.0	0.0	0.0	0.05389323315282043	0.0	0.0	0.0	0.0	0.0	0.0	0.0	0.0	0.0	0.0	0.0	0.0	0.0	0.0	0.07567732966641713	0.05389323315282043	0.0	0.0	0.0	0.06102286069200631	0.0	0.0	0.06824290027223456	0.06824290027223456	0.06824290027223456	0.0	0.0	0.05389323315282043	0.0	0.0	0.0	0.0	0.0	0.0	0.0	0.05209263329557059	0.0	0.0	0.0	0.035569057991424895	0.0	0.0	0.0	0.0	0.0	0.07567732966641713	0.0	0.0	0.0	0.0	0.0	0.0	0.0	0.0	0.0	0.0	0.06824290027223456	0.0	0.0	0.0	0.0	0.0	0.0	0.0	0.0	0.0	0.0	0.0	0.0	0.0	0.0	0.0	0.0	0.0	0.08346382125650754	0.0	0.0	0.0	0.0	0.0	0.0	0.0	0.0	0.0	0.0	0.035569057991424895	0.0	0.0	0.0	0.0	0.10077142386636208	0.08346382125650754	0.0	0.0	0.0	0.0	0.0	0.0	0.0	0.0	0.0	0.0	0.0	0.0	0.08346382125650754	0.0	0.05389323315282043	0.07567732966641713	0.0	0.0	0.0	0.0	0.0	0.0	0.0	0.0	0.06824290027223456	0.0	0.0	0.0	0.0	0.0	0.0	0.0	0.0	0.0	0.0	0.0	0.03252039189329567	0.0	0.0	0.0	0.0	0.05389323315282043	0.0	0.0	0.0	0.0	0.0	0.0	0.0	0.0	0.0	0.0382416116403293	0.05389323315282043	0.0	0.05209263329557059	0.05209263329557059	0.0	0.0	0.0	0.0	0.05389323315282043	0.06824290027223456	0.0	0.0	0.0	0.0	0.0	0.0	0.0	0.0	0.0	0.0	0.0	0.0	0.0	0.0	0.0	0.0	0.0	0.0	0.05389323315282043	0.0	0.0	0.0	0.0	0.0	0.0	0.0	0.0	0.0	0.0	0.0	0.0	0.0	0.07567732966641713	0.05389323315282043	0.05389323315282043	0.0	0.0	0.0	0.0	0.0	0.0	0.0	0.0	0.0	0.0	0.0	0.0	0.0	0.0	0.0	0.0	0.0	0.0	0.0	0.0	0.0	0.0	0.0	0.0	0.0	0.0	0.03430384692952922	0.0	0.0	0.05389323315282043	0.0	0.0	0.0	0.0	0.0	0.0	0.0	0.0	0.0	0.0	0.0	0.0	0.0	0.0	0.0	0.0	0.0	0.03430384692952922	0.09175964224818733	0.0	0.05389323315282043	0.0	0.0	0.0	0.0	0.0	0.0	0.0	0.0	0.0
CAPAR1507851_acpa-rejette	acpa-rejette	0.0	0.0	0.0	0.0	0.08965272919278482	0.0	0.0	0.0	0.0	0.0	0.0	0.0	0.0	0.0	0.0	0.0	0.0	0.0	0.0	0.0	0.0	0.0	0.0	0.0	0.0	0.0	0.0	0.0	0.0	0.0	0.0	0.0	0.0	0.0	0.0	0.0	0.0	0.0	0.0	0.0	0.0	0.0	0.0	0.0	0.0	0.0	0.0	0.0	0.0	0.0	0.0	0.0	0.0	0.0	0.0	0.0	0.0	0.0	0.0	0.0	0.0	0.0	0.0	0.0	0.0	0.0	0.0	0.0	0.0	0.0	0.0	0.0	0.0	0.0	0.0	0.0	0.0	0.0	0.0	0.0	0.0	0.0	0.0	0.0	0.0	0.0	0.0	0.0	0.0	0.0	0.0	0.0	0.14360979292963696	0.0	0.0	0.0	0.0	0.0	0.0	0.0	0.0	0.0	0.0	0.0	0.0	0.0	0.0	0.0	0.0	0.0	0.0	0.0	0.0	0.0	0.0	0.0	0.0	0.0	0.0	0.23981133589854078	0.0	0.0	0.0	0.0	0.0	0.0	0.0	0.0	0.0	0.0	0.0	0.0	0.0	0.0	0.0	0.0	0.09805733996720634	0.0	0.18813310360808333	0.18813310360808333	0.16822878463888796	0.277808250401952	0.23009437859964094	0.0	0.0	0.0	0.0	0.0	0.0	0.0	0.0	0.0	0.17151150426850953	0.0	0.0	0.23009437859964094	0.0	0.0	0.0	0.0	0.0	0.0	0.0	0.0	0.0	0.0	0.0	0.0	0.0	0.0	0.0	0.0	0.0	0.0	0.0	0.0	0.0	0.0	0.0	0.0	0.0	0.0	0.0	0.0	0.0	0.0	0.0	0.0	0.0	0.0	0.0	0.0	0.0	0.0	0.0	0.0	0.0	0.0	0.0	0.0	0.0	0.0	0.0	0.0	0.0	0.0	0.0	0.0	0.0	0.0	0.0	0.0	0.0	0.0	0.0	0.08965272919278482	0.0	0.0	0.0	0.0	0.0	0.0	0.0	0.0	0.0	0.0	0.0	0.0	0.0	0.0	0.0	0.0	0.0	0.0	0.0	0.0	0.0	0.0	0.0	0.0	0.0	0.0	0.0	0.0	0.0	0.0	0.0	0.0	0.0	0.0	0.0	0.13366928386927215	0.0	0.0	0.0	0.0	0.0	0.0	0.0	0.0	0.0	0.0	0.0	0.0	0.0	0.0	0.0	0.0	0.0	0.0	0.0	0.0	0.0	0.0	0.0	0.0	0.0	0.0	0.0	0.0	0.0	0.0	0.0	0.0	0.0	0.0	0.0	0.09456938616037561	0.0	0.0	0.0	0.0	0.0	0.0	0.0	0.09805733996720634	0.0	0.0	0.0	0.0
