@id	@sens-resultat	absence de décision	abus de procédure	abusif ainsi	abusif considérant	abusif à hauteur	acquitter	action	action en justice	adversaire au paiement	agir	agir en justice	ainsi	ajouter	allouer	allouer à monsieur	appartenir	appel et payer	appel interjeter	application du disposition	après	argument	articler	assignation	assurance	atteindre	attendre	attendu	attribution	aucun	aucun faute	audience	auquel	autre demande	avant	avocat engager	avocat engager devant	avril	axiome	axiome bâtiment	axiome ne caractériser	bien	blâmable	bon	bon droit	bâtiment	cadre	caractériser	cause	cause de appel	causer	chacun	chef	circonstance	civil celui	civil dit	civil déclare	civil la condamner	civil vu	code civil	comprendre	compte	condamnation au titre	condamnation de monsieur	condamnation ne appartenir	condamne	condamner à verser	confirmation	confirmer le jugement	conformément	conseil	considérer	consort	consort riehl	constater	constituer	constitutif	contestation	contester	contractuel	contraindre	contrat	contrat de travail	convenir	convenir convier	convier	demande de dommages	demande fin	demande former	dernier	destiner	destiner l initiative	deux	deux foi	deux foi fois	devant	devoir	devoir prendre	devoir se étendre	dilatoire	dispos	disposition	dol	dolosif	donner au litige	droit	droit de agir	dès	dès lors	débat	débouter	décision de justice	décision devoir	déclare	déclarer	déduire	défense	déférer	dégénérer	dégénérer en abus	déjà rendre	délai	démontrer	dépens	dépens de appel	dépens de premier	détailler	engager devant	entreprendre	entreprendre en tout	erreur	espèce	euro au titre	euro chacun	euro par application	euro sans préjudice	exercice	exigence	exposer détailler	faire	faire application	faire droit	faire dégénérer	fait	faute même non	financier	fixer	fonder	formuler	frai	frai frais	frai frais irrépétibles	frais de avocat	gain	gain de cause	grossier	grossier ou dolosif	hauteur de appel	in solidum	indemnisation	initiative	interjeter	intimer	invoquer	jacques	jacques riehl	janvier	jugement	jugement déférer	jugement entreprendre	juger	juridiction	juridiction saisir	justement	justice de manière	justice déjà rendre	laisser	lequel	lieu	lieu à application	litige	lors	légitimement	légitimement penser	légèreté blâmable	madame	madame michelle	madame michelle riehl	mai	mal	mal fonder	manifestement	manière	mauvais	mauvais foi	mener	michelle	michelle riehl	monsieur jacques	monsieur jacques riehl	montant	moyen	méprendre	ni	non grossier	obligation	observation	observation oral	observer	obtenir gain	oral	ordonnance	particulier	partie qui pouvoir	payer un amende	payer à monsieur	penser	pension	percevoir	permettre	personnel	pouvoir	pouvoir donner	pouvoir légitimement	pouvoir légitimement penser	pouvoir être recevable	pouvoir être reprocher	premier foi	premier foi fois	premier juge	prendre	prendre en charge	preuve	prise	procédure abusif ainsi	procédure abusif considérant	procédure civil dit	procédure civil déclare	procédure civil vu	procédure de appel	produire	profit	précisément	préjudice du dommages	prétention	qualité pour solliciter	question	quoi	quoi le consort	recevable	reconnaître	rejet	rejeté le demande	relation	reprocher	reprocher à monsieur	revanche	riehl	riehl avoir faire	riehl in	riehl in solidum	rupture	réclame	réformer	réformer le jugement	régler	régler un amende	régulier	résulter	saisir	salaire	sarl	sarl axiome	sarl axiome bâtiment	sci	sen	sen sens	sens	seulement	société axiome	solliciter	solliciter le condamnation	soutenir	suivant	supporter le dépens	surplus	tant	tel	tel condamnation	texte	titre	titre de amende	titre du disposition	toujours	travail	tribunal	venir	verser du dommage	verser le somme	verser un amende	vu
CAPAR1415151_acpa-accepte	acpa-accepte	0.0	0.0	0.0	19.615566195086473	0.0	0.0	0.0	0.0	0.0	25.94895498896215	29.963272296133553	0.0	0.0	0.0	0.0	0.0	0.0	0.0	0.0	0.0	0.0	0.0	0.0	0.0	0.0	0.0	0.0	0.0	0.0	0.0	0.0	0.0	0.0	0.0	0.0	0.0	19.615566195086473	0.0	0.0	0.0	0.0	0.0	0.0	0.0	0.0	0.0	0.0	0.0	0.0	0.0	0.0	0.0	0.0	0.0	0.0	0.0	0.0	0.0	0.0	0.0	0.0	0.0	0.0	0.0	119.77841434327475	0.0	0.0	0.0	0.0	0.0	0.0	0.0	0.0	0.0	0.0	0.0	0.0	0.0	0.0	0.0	0.0	0.0	0.0	0.0	0.0	0.0	0.0	0.0	0.0	0.0	0.0	0.0	0.0	0.0	0.0	40.19994820949451	0.0	0.0	0.0	0.0	0.0	0.0	0.0	19.615566195086473	104.83799769333905	0.0	0.0	0.0	0.0	0.0	0.0	0.0	0.0	0.0	0.0	0.0	0.0	0.0	0.0	0.0	0.0	0.0	0.0	0.0	0.0	0.0	0.0	0.0	0.0	0.0	0.0	0.0	0.0	0.0	0.0	0.0	0.0	0.0	25.94895498896215	0.0	19.615566195086473	0.0	0.0	0.0	0.0	0.0	0.0	0.0	0.0	0.0	0.0	0.0	0.0	0.0	0.0	0.0	0.0	0.0	0.0	0.0	0.0	0.0	0.0	0.0	0.0	0.0	0.0	0.0	0.0	0.0	0.0	0.0	0.0	29.963272296133553	0.0	0.0	0.0	0.0	0.0	20.993738261547765	0.0	0.0	0.0	0.0	0.0	0.0	0.0	19.615566195086473	0.0	0.0	0.0	20.993738261547765	0.0	0.0	0.0	0.0	0.0	0.0	0.0	29.963272296133553	0.0	19.615566195086473	0.0	0.0	0.0	0.0	0.0	0.0	0.0	0.0	0.0	0.0	0.0	0.0	0.0	0.0	0.0	0.0	0.0	0.0	29.963272296133553	0.0	0.0	0.0	0.0	0.0	0.0	0.0	0.0	0.0	0.0	0.0	0.0	0.0	19.615566195086473	0.0	0.0	0.0	0.0	0.0	0.0	0.0	0.0	0.0	0.0	58.84669858525942	0.0	0.0	0.0	0.0	29.963272296133553	58.84669858525942	0.0	0.0	0.0	0.0	0.0	0.0	0.0	0.0	0.0	0.0	0.0	0.0	19.615566195086473	19.615566195086473	0.0	29.963272296133553	0.0	0.0	0.0	0.0	0.0	0.0	19.615566195086473	19.615566195086473	19.615566195086473	0.0	0.0	0.0	0.0	0.0	0.0	0.0	0.0	0.0	0.0	0.0	0.0	0.0	0.0	0.0	0.0	0.0	0.0	117.62006793210877	0.0	0.0	0.0	0.0
CAVER1501501_acpa-accepte	acpa-accepte	0.0	0.0	0.0	0.0	0.0	8.618615241196556	0.0	0.0	0.0	11.401356286978524	0.0	0.0	0.0	9.224151408690409	8.618615241196556	0.0	0.0	0.0	0.0	0.0	0.0	0.0	0.0	0.0	0.0	0.0	0.0	17.231150330042958	0.0	0.0	8.618615241196556	0.0	0.0	8.618615241196556	0.0	0.0	0.0	0.0	0.0	0.0	0.0	0.0	0.0	0.0	0.0	0.0	0.0	0.0	0.0	18.25678133107894	0.0	0.0	13.165152242827764	0.0	0.0	0.0	0.0	0.0	0.0	0.0	0.0	0.0	0.0	0.0	26.330304485655528	0.0	0.0	0.0	0.0	8.618615241196556	0.0	0.0	0.0	8.618615241196556	0.0	0.0	36.50068309753991	17.231150330042958	8.618615241196556	8.618615241196556	0.0	0.0	13.165152242827764	13.165152242827764	13.165152242827764	0.0	0.0	0.0	0.0	0.0	0.0	21.52301995361095	0.0	0.0	13.165152242827764	0.0	0.0	0.0	9.224151408690409	8.618615241196556	0.0	0.0	0.0	0.0	30.736325798310673	0.0	0.0	0.0	0.0	0.0	0.0	0.0	0.0	0.0	0.0	18.25678133107894	0.0	0.0	0.0	0.0	25.837613839190748	0.0	8.618615241196556	0.0	0.0	0.0	0.0	0.0	0.0	0.0	0.0	0.0	0.0	0.0	0.0	0.0	0.0	0.0	0.0	0.0	0.0	0.0	13.165152242827764	0.0	0.0	0.0	0.0	0.0	0.0	0.0	0.0	0.0	0.0	0.0	0.0	0.0	0.0	0.0	0.0	0.0	0.0	8.618615241196556	0.0	0.0	0.0	0.0	0.0	0.0	0.0	0.0	0.0	0.0	0.0	0.0	0.0	0.0	0.0	11.401356286978524	0.0	9.224151408690409	0.0	0.0	0.0	0.0	0.0	0.0	0.0	0.0	0.0	0.0	25.855845723589663	0.0	0.0	0.0	8.618615241196556	0.0	0.0	0.0	0.0	26.32101689952838	0.0	0.0	0.0	0.0	8.618615241196556	0.0	0.0	0.0	0.0	0.0	0.0	13.165152242827764	0.0	0.0	0.0	0.0	0.0	0.0	13.165152242827764	0.0	13.165152242827764	0.0	0.0	0.0	0.0	0.0	0.0	0.0	9.224151408690409	0.0	0.0	0.0	0.0	0.0	0.0	0.0	0.0	0.0	0.0	0.0	0.0	0.0	0.0	0.0	0.0	0.0	0.0	0.0	0.0	8.618615241196556	0.0	0.0	0.0	0.0	0.0	0.0	0.0	0.0	0.0	0.0	0.0	0.0	0.0	0.0	0.0	0.0	0.0	0.0	0.0	0.0	0.0	0.0	0.0	180.6087686963323	0.0	0.0	0.0	8.618615241196556	0.0	0.0	0.0	0.0	0.0	0.0	0.0	0.0	0.0	0.0	0.0	34.43801432317115	0.0	0.0	8.618615241196556	0.0	0.0	51.69345099012887	0.0	0.0	0.0	0.0
CABAS1400506_acpa-accepte	acpa-accepte	0.0	0.0	0.0	0.0	0.0	0.0	0.0	0.0	0.0	0.0	0.0	0.0	15.801775982793695	0.0	0.0	0.0	0.0	0.0	0.0	0.0	15.801775982793695	0.0	0.0	15.801775982793695	0.0	0.0	0.0	0.0	0.0	0.0	0.0	0.0	0.0	0.0	0.0	0.0	0.0	0.0	0.0	0.0	0.0	0.0	47.40532794838108	47.40532794838108	0.0	0.0	0.0	20.90378476181269	0.0	0.0	66.89485725099469	0.0	0.0	0.0	0.0	0.0	0.0	0.0	0.0	0.0	0.0	0.0	0.0	0.0	48.2752230372582	0.0	0.0	0.0	0.0	0.0	0.0	0.0	0.0	0.0	0.0	0.0	0.0	0.0	0.0	0.0	0.0	0.0	0.0	0.0	0.0	0.0	0.0	0.0	0.0	0.0	0.0	39.46132067185091	0.0	0.0	24.1376115186291	0.0	0.0	0.0	0.0	0.0	0.0	0.0	0.0	0.0	28.18665762275066	0.0	0.0	0.0	0.0	0.0	0.0	0.0	0.0	0.0	0.0	33.47284461447978	0.0	0.0	0.0	0.0	0.0	0.0	31.57955533375599	0.0	0.0	0.0	0.0	0.0	0.0	0.0	0.0	15.801775982793695	94.73866600126797	0.0	0.0	0.0	0.0	0.0	41.77582496356085	33.47284461447978	0.0	0.0	0.0	0.0	0.0	0.0	0.0	0.0	0.0	0.0	0.0	0.0	0.0	0.0	0.0	0.0	0.0	0.0	0.0	0.0	0.0	0.0	0.0	0.0	0.0	0.0	0.0	0.0	0.0	0.0	0.0	0.0	0.0	0.0	0.0	47.40532794838108	0.0	0.0	0.0	0.0	0.0	0.0	0.0	0.0	0.0	0.0	0.0	0.0	0.0	0.0	47.40532794838108	0.0	15.801775982793695	15.801775982793695	0.0	0.0	0.0	0.0	0.0	0.0	0.0	0.0	0.0	0.0	0.0	0.0	0.0	0.0	0.0	0.0	0.0	24.1376115186291	0.0	0.0	0.0	0.0	0.0	0.0	24.1376115186291	0.0	24.1376115186291	0.0	0.0	0.0	0.0	0.0	0.0	0.0	0.0	0.0	0.0	0.0	0.0	0.0	0.0	0.0	0.0	0.0	0.0	0.0	0.0	0.0	0.0	0.0	0.0	0.0	0.0	0.0	0.0	0.0	0.0	47.40532794838108	0.0	0.0	0.0	0.0	0.0	0.0	0.0	0.0	0.0	0.0	0.0	0.0	0.0	0.0	0.0	0.0	0.0	0.0	0.0	0.0	0.0	0.0	0.0	0.0	0.0	0.0	0.0	0.0	0.0	0.0	0.0	0.0	0.0	0.0	0.0	0.0	0.0	31.57955533375599	0.0	0.0	0.0	0.0	0.0	0.0	0.0	0.0	0.0	0.0
CACHA1502356_acpa-accepte	acpa-accepte	0.0	0.0	0.0	0.0	17.08681336169599	0.0	0.0	0.0	0.0	45.19252411225512	52.183831923138285	0.0	0.0	36.56255224901898	0.0	0.0	0.0	0.0	0.0	0.0	0.0	0.0	0.0	0.0	0.0	0.0	0.0	0.0	0.0	0.0	0.0	0.0	0.0	0.0	0.0	0.0	0.0	0.0	0.0	0.0	0.0	0.0	51.26044008508797	51.26044008508797	0.0	0.0	0.0	0.0	0.0	36.194934622250564	108.51309127086402	0.0	26.100538538518244	17.08681336169599	0.0	0.0	17.08681336169599	0.0	0.0	17.08681336169599	0.0	0.0	0.0	0.0	0.0	17.08681336169599	0.0	0.0	0.0	0.0	0.0	0.0	0.0	0.0	0.0	17.08681336169599	36.194934622250564	0.0	0.0	0.0	0.0	0.0	26.100538538518244	26.100538538518244	26.100538538518244	0.0	0.0	0.0	0.0	0.0	0.0	85.3126219143776	34.1623371200906	34.1623371200906	0.0	0.0	0.0	0.0	18.28731752485523	0.0	70.01195730393647	0.0	0.0	0.0	30.478862541425386	0.0	0.0	0.0	0.0	0.0	0.0	0.0	0.0	0.0	0.0	0.0	0.0	0.0	0.0	0.0	0.0	0.0	34.1623371200906	0.0	0.0	0.0	0.0	0.0	0.0	0.0	0.0	0.0	51.26044008508797	0.0	0.0	0.0	0.0	0.0	45.19252411225512	36.194934622250564	0.0	0.0	26.100538538518244	0.0	0.0	0.0	0.0	0.0	0.0	0.0	0.0	0.0	0.0	0.0	0.0	0.0	0.0	0.0	0.0	0.0	0.0	0.0	0.0	0.0	0.0	0.0	0.0	0.0	0.0	0.0	0.0	0.0	17.08681336169599	26.100538538518244	0.0	51.26044008508797	0.0	0.0	0.0	0.0	0.0	0.0	0.0	0.0	0.0	0.0	0.0	0.0	0.0	0.0	0.0	18.28731752485523	0.0	0.0	0.0	0.0	0.0	0.0	0.0	0.0	0.0	0.0	0.0	0.0	0.0	0.0	0.0	0.0	0.0	0.0	17.08681336169599	0.0	0.0	0.0	0.0	0.0	0.0	0.0	0.0	0.0	78.24990292724081	0.0	0.0	0.0	0.0	0.0	0.0	0.0	18.28731752485523	0.0	0.0	0.0	0.0	0.0	0.0	0.0	0.0	0.0	0.0	0.0	34.1623371200906	0.0	0.0	0.0	0.0	51.26044008508797	0.0	0.0	0.0	0.0	26.100538538518244	0.0	0.0	0.0	0.0	0.0	0.0	0.0	0.0	0.0	0.0	0.0	0.0	0.0	0.0	0.0	0.0	26.100538538518244	0.0	0.0	0.0	0.0	0.0	153.67975855158326	0.0	0.0	0.0	0.0	0.0	0.0	0.0	0.0	0.0	0.0	0.0	0.0	0.0	0.0	0.0	68.27957543218949	17.08681336169599	0.0	0.0	0.0	0.0	0.0	17.08681336169599	0.0	0.0	0.0
CAMET1502360_acpa-accepte	acpa-accepte	0.0	0.0	36.056815480428405	0.0	0.0	0.0	72.07323115913654	0.0	0.0	47.69868341507873	55.07769541937289	64.31689159624761	0.0	0.0	0.0	0.0	0.0	0.0	45.82741268513931	45.82741268513931	0.0	0.0	0.0	0.0	0.0	55.07769541937289	91.60347811841615	0.0	0.0	0.0	0.0	0.0	0.0	0.0	0.0	0.0	0.0	0.0	0.0	0.0	0.0	0.0	0.0	0.0	0.0	0.0	0.0	0.0	0.0	0.0	0.0	0.0	0.0	0.0	0.0	0.0	0.0	0.0	0.0	0.0	0.0	0.0	0.0	0.0	110.15539083874577	36.056815480428405	0.0	0.0	0.0	0.0	0.0	0.0	0.0	0.0	0.0	0.0	0.0	0.0	36.056815480428405	0.0	0.0	0.0	0.0	0.0	0.0	0.0	0.0	0.0	0.0	0.0	0.0	0.0	0.0	0.0	0.0	0.0	0.0	0.0	38.59013495774857	0.0	73.89448260104794	0.0	0.0	0.0	0.0	0.0	45.82741268513931	45.82741268513931	0.0	0.0	0.0	0.0	0.0	0.0	0.0	0.0	0.0	0.0	0.0	0.0	0.0	0.0	36.056815480428405	0.0	0.0	0.0	0.0	0.0	0.0	0.0	64.31689159624761	72.07323115913654	0.0	0.0	36.056815480428405	0.0	0.0	0.0	0.0	0.0	0.0	0.0	0.0	0.0	0.0	0.0	0.0	0.0	0.0	0.0	0.0	0.0	0.0	0.0	0.0	0.0	0.0	0.0	0.0	0.0	0.0	0.0	0.0	0.0	0.0	0.0	84.13256945433294	0.0	0.0	0.0	36.056815480428405	0.0	0.0	55.07769541937289	0.0	0.0	0.0	0.0	0.0	0.0	55.07769541937289	0.0	0.0	0.0	55.07769541937289	0.0	0.0	0.0	0.0	0.0	108.17044644128521	38.59013495774857	0.0	0.0	0.0	0.0	0.0	0.0	0.0	0.0	0.0	0.0	0.0	0.0	0.0	0.0	0.0	36.056815480428405	0.0	0.0	0.0	0.0	0.0	0.0	0.0	0.0	0.0	0.0	0.0	0.0	110.09367912226433	0.0	0.0	0.0	0.0	0.0	0.0	0.0	0.0	0.0	0.0	0.0	0.0	36.056815480428405	0.0	0.0	0.0	0.0	0.0	0.0	0.0	0.0	36.056815480428405	0.0	0.0	0.0	0.0	0.0	0.0	0.0	0.0	0.0	0.0	0.0	0.0	0.0	0.0	0.0	0.0	0.0	0.0	0.0	0.0	0.0	0.0	0.0	0.0	0.0	0.0	0.0	0.0	0.0	0.0	0.0	0.0	0.0	0.0	0.0	0.0	0.0	0.0	0.0	0.0	0.0	0.0	0.0	0.0	0.0	0.0	72.07323115913654	0.0	0.0	0.0	0.0	36.056815480428405	0.0	0.0	0.0	0.0	0.0
CADIJ1501045_acpa-rejette	acpa-rejette	8.297268744284942	10.54564452898645	0.0	0.0	16.591047575220156	0.0	0.0	0.0	8.297268744284942	21.947892937036862	12.674287360692313	0.0	16.591047575220156	0.0	0.0	8.297268744284942	8.297268744284942	0.0	21.086853455516536	0.0	0.0	0.0	8.297268744284942	0.0	0.0	12.674287360692313	21.086853455516536	0.0	12.674287360692313	8.297268744284942	0.0	0.0	8.297268744284942	8.297268744284942	8.297268744284942	8.297268744284942	0.0	82.81599271270676	41.45147391493398	8.297268744284942	0.0	0.0	0.0	0.0	41.45147391493398	0.0	12.674287360692313	10.976254829223569	0.0	0.0	0.0	12.674287360692313	12.674287360692313	0.0	8.297268744284942	8.297268744284942	0.0	0.0	0.0	0.0	0.0	8.297268744284942	0.0	8.297268744284942	0.0	8.297268744284942	8.297268744284942	10.54564452898645	0.0	0.0	0.0	33.16814723154131	33.16814723154131	0.0	8.297268744284942	8.297268744284942	0.0	0.0	0.0	0.0	0.0	0.0	0.0	0.0	0.0	24.881339427355563	0.0	10.54564452898645	0.0	8.297268744284942	8.297268744284942	0.0	0.0	0.0	12.674287360692313	50.99157202064836	8.297268744284942	8.297268744284942	8.88022739546883	0.0	67.9744743359406	0.0	8.297268744284942	0.0	44.38246665425307	8.297268744284942	10.54564452898645	10.54564452898645	0.0	50.99157202064836	8.297268744284942	8.297268744284942	8.297268744284942	0.0	8.297268744284942	0.0	10.54564452898645	12.674287360692313	10.54564452898645	8.297268744284942	8.297268744284942	0.0	16.591047575220156	12.674287360692313	0.0	0.0	8.297268744284942	50.66518178332601	8.297268744284942	0.0	0.0	0.0	0.0	10.54564452898645	8.297268744284942	0.0	0.0	0.0	32.91491820548454	0.0	8.297268744284942	8.297268744284942	0.0	8.297268744284942	10.54564452898645	0.0	12.674287360692313	0.0	0.0	0.0	0.0	8.297268744284942	8.297268744284942	8.297268744284942	10.54564452898645	8.297268744284942	24.881339427355563	16.591047575220156	0.0	8.297268744284942	0.0	0.0	0.0	8.297268744284942	8.297268744284942	0.0	116.03975226900636	10.54564452898645	50.66518178332601	0.0	8.297268744284942	8.297268744284942	0.0	12.674287360692313	8.297268744284942	0.0	8.297268744284942	10.976254829223569	8.297268744284942	0.0	12.674287360692313	8.297268744284942	8.297268744284942	0.0	12.674287360692313	8.297268744284942	8.297268744284942	0.0	0.0	0.0	0.0	8.88022739546883	0.0	0.0	0.0	8.297268744284942	8.297268744284942	8.297268744284942	8.297268744284942	0.0	10.54564452898645	0.0	8.297268744284942	8.297268744284942	0.0	0.0	0.0	8.297268744284942	8.297268744284942	0.0	0.0	12.674287360692313	8.297268744284942	0.0	0.0	10.54564452898645	0.0	0.0	0.0	8.297268744284942	38.00687377258201	0.0	8.297268744284942	8.297268744284942	8.297268744284942	0.0	0.0	0.0	17.75671967940985	8.297268744284942	8.297268744284942	8.297268744284942	0.0	0.0	0.0	8.297268744284942	8.297268744284942	0.0	0.0	0.0	0.0	0.0	8.297268744284942	0.0	10.54564452898645	0.0	8.297268744284942	8.297268744284942	8.297268744284942	0.0	0.0	0.0	0.0	0.0	0.0	10.54564452898645	58.00769560953561	8.297268744284942	8.297268744284942	8.297268744284942	0.0	0.0	8.297268744284942	8.297268744284942	0.0	0.0	8.297268744284942	0.0	8.297268744284942	0.0	58.00769560953561	58.00769560953561	41.45147391493398	0.0	0.0	0.0	0.0	8.297268744284942	24.881339427355563	31.623630509338135	8.297268744284942	0.0	0.0	0.0	0.0	8.297268744284942	10.54564452898645	8.297268744284942	8.297268744284942	41.45147391493398	0.0	10.54564452898645	0.0	0.0	0.0	0.0	0.0	0.0	8.297268744284942	0.0
CAPAR1507861_acpa-rejette	acpa-rejette	0.0	0.0	30.467542984342167	30.467542984342167	0.0	0.0	0.0	0.0	0.0	0.0	0.0	54.34694199191291	0.0	0.0	0.0	0.0	0.0	0.0	0.0	38.72357132047758	0.0	0.0	0.0	30.467542984342167	0.0	0.0	0.0	0.0	0.0	0.0	0.0	0.0	0.0	0.0	0.0	0.0	0.0	0.0	0.0	0.0	38.72357132047758	0.0	0.0	0.0	0.0	0.0	0.0	0.0	0.0	0.0	0.0	0.0	0.0	0.0	0.0	0.0	0.0	0.0	0.0	0.0	0.0	0.0	0.0	0.0	93.0798813100458	0.0	0.0	0.0	0.0	0.0	30.467542984342167	0.0	0.0	0.0	0.0	0.0	64.5392855341293	0.0	0.0	91.25735310852963	0.0	0.0	46.5399406550229	46.5399406550229	46.5399406550229	0.0	0.0	0.0	38.72357132047758	0.0	0.0	76.08571878867807	30.467542984342167	30.467542984342167	0.0	62.43988258406239	0.0	0.0	0.0	0.0	0.0	0.0	0.0	30.467542984342167	0.0	0.0	0.0	0.0	0.0	0.0	0.0	0.0	0.0	0.0	0.0	64.5392855341293	0.0	0.0	0.0	0.0	0.0	0.0	0.0	0.0	0.0	0.0	0.0	0.0	0.0	0.0	0.0	30.467542984342167	0.0	0.0	0.0	0.0	0.0	0.0	40.30477089787002	0.0	0.0	0.0	0.0	0.0	0.0	0.0	0.0	0.0	38.72357132047758	38.72357132047758	30.467542984342167	0.0	0.0	0.0	0.0	0.0	0.0	0.0	0.0	0.0	0.0	0.0	0.0	0.0	0.0	0.0	0.0	0.0	0.0	0.0	0.0	0.0	0.0	0.0	0.0	0.0	0.0	0.0	0.0	32.60816519514774	46.5399406550229	0.0	0.0	0.0	0.0	0.0	0.0	0.0	0.0	0.0	0.0	0.0	0.0	0.0	0.0	0.0	0.0	0.0	0.0	0.0	0.0	0.0	0.0	0.0	0.0	0.0	0.0	0.0	0.0	0.0	0.0	0.0	0.0	0.0	0.0	0.0	0.0	0.0	0.0	0.0	0.0	0.0	0.0	0.0	0.0	0.0	0.0	0.0	0.0	0.0	0.0	0.0	0.0	30.467542984342167	30.467542984342167	0.0	0.0	0.0	0.0	0.0	0.0	0.0	0.0	0.0	0.0	0.0	0.0	0.0	0.0	0.0	46.5399406550229	0.0	0.0	0.0	0.0	0.0	0.0	0.0	0.0	0.0	0.0	0.0	0.0	0.0	0.0	0.0	0.0	0.0	0.0	0.0	0.0	0.0	0.0	0.0	0.0	0.0	0.0	0.0	0.0	0.0	0.0	0.0	0.0	0.0	0.0	0.0	0.0	0.0	0.0	60.88660934839842	0.0	0.0	0.0	0.0	0.0	0.0	0.0	0.0	0.0	0.0
CALYO1501346_acpa-rejette	acpa-rejette	0.0	0.0	0.0	0.0	0.0	0.0	0.0	0.0	0.0	0.0	0.0	0.0	0.0	0.0	0.0	0.0	0.0	19.40522393892519	0.0	0.0	0.0	0.0	0.0	0.0	0.0	0.0	0.0	0.0	0.0	0.0	0.0	0.0	0.0	0.0	0.0	0.0	38.79441712515255	0.0	0.0	0.0	0.0	0.0	0.0	0.0	0.0	0.0	0.0	51.32018998542948	0.0	0.0	0.0	0.0	0.0	0.0	0.0	0.0	0.0	38.79441712515255	24.663609191426662	19.40522393892519	0.0	0.0	0.0	0.0	0.0	0.0	0.0	24.663609191426662	0.0	19.40522393892519	0.0	0.0	0.0	0.0	0.0	0.0	0.0	0.0	0.0	0.0	58.167606022981104	58.167606022981104	0.0	0.0	0.0	0.0	19.40522393892519	0.0	0.0	0.0	0.0	0.0	0.0	0.0	0.0	39.7688748609174	0.0	0.0	0.0	0.0	79.50489645510761	0.0	0.0	0.0	0.0	0.0	0.0	0.0	0.0	39.7688748609174	0.0	0.0	0.0	0.0	0.0	0.0	0.0	0.0	0.0	0.0	0.0	0.0	38.79441712515255	0.0	0.0	0.0	0.0	59.259451005900885	0.0	0.0	0.0	0.0	0.0	0.0	0.0	0.0	0.0	0.0	0.0	0.0	0.0	0.0	0.0	0.0	0.0	0.0	0.0	19.40522393892519	0.0	0.0	0.0	0.0	0.0	0.0	0.0	0.0	0.0	0.0	0.0	0.0	24.663609191426662	0.0	0.0	0.0	0.0	73.92973701653362	135.72441405362255	0.0	59.259451005900885	58.167606022981104	0.0	0.0	0.0	0.0	0.0	0.0	0.0	0.0	0.0	0.0	0.0	0.0	0.0	0.0	0.0	0.0	0.0	0.0	0.0	0.0	0.0	0.0	0.0	0.0	0.0	0.0	0.0	0.0	0.0	0.0	0.0	0.0	0.0	0.0	0.0	38.79441712515255	38.79441712515255	0.0	0.0	38.79441712515255	0.0	0.0	0.0	19.40522393892519	0.0	0.0	0.0	0.0	0.0	0.0	0.0	0.0	0.0	0.0	0.0	0.0	19.40522393892519	19.40522393892519	0.0	0.0	0.0	0.0	38.79441712515255	0.0	0.0	0.0	0.0	38.79441712515255	0.0	38.79441712515255	0.0	0.0	0.0	0.0	0.0	0.0	0.0	0.0	0.0	0.0	0.0	0.0	0.0	0.0	0.0	0.0	0.0	0.0	0.0	0.0	58.167606022981104	0.0	19.40522393892519	19.40522393892519	0.0	0.0	0.0	0.0	0.0	19.40522393892519	0.0	0.0	0.0	0.0	0.0	0.0	0.0	0.0	0.0	0.0	0.0	0.0	24.663609191426662	0.0	19.40522393892519	0.0	0.0	0.0	0.0	58.167606022981104	0.0	24.663609191426662	0.0	77.52481703125197	0.0	0.0	0.0	0.0	0.0	49.306843651758854
CALYO1504370_acpa-rejette	acpa-rejette	0.0	0.0	0.0	0.0	0.0	21.869532980815833	0.0	0.0	0.0	28.930672778181904	0.0	39.010111216038595	0.0	0.0	0.0	0.0	0.0	0.0	0.0	0.0	21.869532980815833	0.0	0.0	0.0	0.0	0.0	0.0	21.869532980815833	0.0	0.0	0.0	0.0	0.0	0.0	0.0	0.0	0.0	0.0	0.0	0.0	27.795691321856147	0.0	0.0	0.0	0.0	0.0	0.0	28.930672778181904	0.0	46.32615220309358	0.0	0.0	0.0	0.0	0.0	0.0	0.0	0.0	0.0	0.0	27.795691321856147	0.0	0.0	0.0	0.0	0.0	0.0	0.0	0.0	0.0	0.0	0.0	0.0	0.0	0.0	0.0	0.0	0.0	0.0	0.0	0.0	0.0	0.0	0.0	0.0	0.0	0.0	0.0	0.0	0.0	0.0	0.0	0.0	0.0	0.0	178.9687272948079	0.0	0.0	0.0	0.0	0.0	0.0	0.0	0.0	0.0	0.0	0.0	0.0	21.869532980815833	44.819205545789906	0.0	0.0	0.0	0.0	0.0	0.0	27.795691321856147	0.0	0.0	0.0	0.0	0.0	21.869532980815833	0.0	0.0	0.0	0.0	0.0	0.0	0.0	0.0	0.0	0.0	27.795691321856147	0.0	0.0	0.0	0.0	0.0	0.0	0.0	0.0	33.40626343264059	0.0	27.795691321856147	21.869532980815833	33.40626343264059	0.0	0.0	0.0	0.0	0.0	0.0	0.0	0.0	0.0	0.0	0.0	0.0	0.0	0.0	0.0	0.0	0.0	0.0	55.55948855601887	51.02891028857028	27.795691321856147	0.0	0.0	0.0	0.0	21.869532980815833	0.0	0.0	0.0	0.0	28.930672778181904	0.0	0.0	0.0	0.0	0.0	0.0	33.40626343264059	0.0	0.0	0.0	0.0	0.0	0.0	0.0	0.0	0.0	0.0	0.0	0.0	0.0	0.0	33.40626343264059	0.0	0.0	65.53337406283111	0.0	21.869532980815833	0.0	0.0	0.0	0.0	0.0	0.0	0.0	0.0	0.0	0.0	0.0	21.869532980815833	0.0	33.40626343264059	0.0	0.0	0.0	0.0	0.0	0.0	0.0	0.0	0.0	23.406066729623156	0.0	0.0	0.0	0.0	0.0	0.0	0.0	0.0	0.0	27.795691321856147	21.869532980815833	0.0	0.0	0.0	0.0	0.0	0.0	0.0	0.0	0.0	0.0	0.0	0.0	0.0	0.0	0.0	0.0	0.0	0.0	0.0	0.0	0.0	0.0	0.0	0.0	0.0	0.0	21.869532980815833	0.0	0.0	0.0	0.0	0.0	0.0	0.0	0.0	0.0	0.0	0.0	0.0	0.0	0.0	0.0	55.55948855601887	0.0	0.0	0.0	27.795691321856147	0.0	0.0	21.869532980815833	0.0	0.0	0.0	0.0	21.869532980815833	0.0	0.0	27.795691321856147	0.0	0.0
CAAIX1416771_acpa-rejette	acpa-rejette	0.0	0.0	0.0	0.0	0.0	0.0	31.794122889570396	31.794122889570396	0.0	42.059671159614794	0.0	0.0	0.0	34.027949413273774	31.794122889570396	0.0	0.0	0.0	0.0	0.0	0.0	0.0	0.0	0.0	0.0	0.0	0.0	0.0	0.0	0.0	0.0	0.0	0.0	0.0	0.0	0.0	0.0	0.0	0.0	0.0	0.0	31.794122889570396	0.0	0.0	0.0	0.0	48.566324932061484	0.0	0.0	0.0	0.0	0.0	0.0	0.0	0.0	0.0	0.0	0.0	40.4096249546291	0.0	0.0	0.0	0.0	0.0	0.0	0.0	0.0	0.0	31.794122889570396	0.0	0.0	0.0	0.0	0.0	0.0	0.0	0.0	0.0	0.0	0.0	0.0	0.0	0.0	0.0	0.0	0.0	0.0	0.0	0.0	0.0	0.0	0.0	0.0	0.0	0.0	130.2186234928866	0.0	0.0	0.0	0.0	65.1585623792594	31.794122889570396	0.0	0.0	56.713249022122966	0.0	40.4096249546291	40.4096249546291	0.0	0.0	0.0	0.0	0.0	0.0	0.0	0.0	0.0	48.566324932061484	0.0	0.0	0.0	0.0	63.5401820829828	48.566324932061484	0.0	0.0	0.0	0.0	0.0	31.794122889570396	56.713249022122966	0.0	0.0	0.0	0.0	31.794122889570396	0.0	0.0	0.0	0.0	0.0	0.0	48.566324932061484	0.0	0.0	0.0	0.0	0.0	0.0	0.0	0.0	0.0	0.0	0.0	0.0	0.0	0.0	0.0	0.0	0.0	0.0	0.0	0.0	0.0	0.0	0.0	74.18628674233092	0.0	0.0	0.0	0.0	0.0	0.0	0.0	0.0	0.0	0.0	42.059671159614794	0.0	0.0	48.566324932061484	0.0	0.0	31.794122889570396	0.0	0.0	0.0	0.0	0.0	0.0	0.0	0.0	0.0	0.0	0.0	0.0	0.0	0.0	0.0	0.0	0.0	31.794122889570396	0.0	0.0	0.0	0.0	0.0	0.0	0.0	0.0	0.0	0.0	0.0	0.0	0.0	0.0	0.0	0.0	0.0	0.0	48.566324932061484	31.794122889570396	0.0	0.0	0.0	0.0	0.0	0.0	0.0	0.0	0.0	0.0	0.0	0.0	0.0	0.0	0.0	0.0	0.0	0.0	0.0	0.0	0.0	48.566324932061484	0.0	0.0	0.0	0.0	0.0	0.0	0.0	0.0	0.0	0.0	0.0	0.0	0.0	0.0	0.0	0.0	0.0	0.0	0.0	0.0	0.0	0.0	0.0	0.0	0.0	0.0	0.0	0.0	0.0	0.0	0.0	0.0	0.0	0.0	0.0	0.0	0.0	0.0	0.0	0.0	0.0	0.0	0.0	0.0	0.0	63.5401820829828	0.0	0.0	0.0	0.0	0.0	0.0	0.0	40.4096249546291	0.0	0.0
CAROU1501321_acpa-rejette	acpa-rejette	0.0	0.0	0.0	0.0	0.0	0.0	0.0	0.0	0.0	0.0	0.0	37.06695949750309	0.0	22.240175698501854	0.0	0.0	0.0	0.0	0.0	26.411146554453868	0.0	0.0	0.0	0.0	20.78017898333814	31.7422477152925	0.0	0.0	31.7422477152925	0.0	0.0	20.78017898333814	0.0	0.0	0.0	0.0	0.0	0.0	0.0	0.0	0.0	0.0	0.0	0.0	0.0	20.78017898333814	0.0	27.489592894661865	26.411146554453868	0.0	0.0	63.46611011375233	0.0	0.0	0.0	0.0	0.0	0.0	26.411146554453868	0.0	26.411146554453868	0.0	20.78017898333814	0.0	0.0	0.0	0.0	26.411146554453868	0.0	0.0	20.78017898333814	0.0	0.0	0.0	20.78017898333814	0.0	0.0	0.0	0.0	0.0	0.0	0.0	63.46611011375233	63.46611011375233	63.46611011375233	0.0	20.78017898333814	0.0	52.80699560062561	0.0	0.0	51.89374329650432	0.0	0.0	0.0	85.14872188910228	0.0	0.0	0.0	0.0	85.14872188910228	0.0	0.0	0.0	0.0	0.0	0.0	0.0	20.78017898333814	42.586694190018854	0.0	0.0	0.0	0.0	0.0	0.0	0.0	0.0	0.0	0.0	0.0	41.54832195152464	62.304442839181675	0.0	20.78017898333814	20.78017898333814	0.0	63.46611011375233	20.78017898333814	0.0	0.0	0.0	0.0	0.0	0.0	0.0	20.78017898333814	20.78017898333814	0.0	0.0	0.0	0.0	0.0	0.0	0.0	41.54832195152464	0.0	0.0	0.0	0.0	0.0	0.0	0.0	0.0	0.0	0.0	0.0	0.0	20.78017898333814	0.0	26.411146554453868	0.0	20.78017898333814	0.0	0.0	0.0	193.7799629656673	0.0	63.46611011375233	0.0	0.0	0.0	0.0	0.0	0.0	0.0	0.0	27.489592894661865	0.0	0.0	0.0	0.0	0.0	0.0	0.0	0.0	0.0	20.78017898333814	0.0	0.0	0.0	0.0	0.0	0.0	20.78017898333814	0.0	0.0	0.0	0.0	0.0	26.411146554453868	0.0	0.0	0.0	0.0	0.0	0.0	0.0	0.0	0.0	0.0	0.0	0.0	0.0	41.54832195152464	26.411146554453868	0.0	20.78017898333814	31.7422477152925	0.0	63.46611011375233	0.0	0.0	0.0	0.0	20.78017898333814	0.0	0.0	0.0	0.0	0.0	0.0	0.0	0.0	0.0	0.0	0.0	0.0	0.0	0.0	0.0	20.78017898333814	0.0	31.7422477152925	26.411146554453868	0.0	0.0	0.0	0.0	0.0	31.7422477152925	0.0	41.54832195152464	20.78017898333814	20.78017898333814	0.0	0.0	0.0	0.0	0.0	0.0	20.78017898333814	0.0	0.0	20.78017898333814	20.78017898333814	0.0	31.7422477152925	0.0	0.0	0.0	0.0	0.0	0.0	0.0	0.0	0.0	0.0	0.0	26.411146554453868	0.0	20.78017898333814	0.0	31.7422477152925	0.0	20.78017898333814	0.0	0.0	0.0	83.04855555671455	0.0	0.0	41.54832195152464	0.0	0.0	0.0	0.0	0.0	0.0	26.411146554453868
CAROU1406104_acpa-rejette	acpa-rejette	0.0	0.0	0.0	0.0	0.0	0.0	0.0	0.0	0.0	0.0	0.0	44.25342368170698	0.0	0.0	0.0	0.0	0.0	24.808996399969395	31.531684126199618	63.04064271232213	0.0	24.808996399969395	0.0	0.0	24.808996399969395	37.896367972915556	63.04064271232213	0.0	0.0	0.0	49.600112440624535	24.808996399969395	0.0	0.0	0.0	0.0	0.0	0.0	0.0	0.0	0.0	0.0	0.0	0.0	0.0	0.0	0.0	32.819217375707865	31.531684126199618	0.0	0.0	0.0	0.0	24.808996399969395	0.0	0.0	0.0	24.808996399969395	0.0	0.0	31.531684126199618	0.0	0.0	0.0	0.0	0.0	0.0	0.0	0.0	0.0	0.0	0.0	0.0	0.0	0.0	0.0	0.0	24.808996399969395	0.0	0.0	24.808996399969395	24.808996399969395	0.0	0.0	0.0	0.0	0.0	31.531684126199618	31.531684126199618	0.0	0.0	0.0	0.0	0.0	0.0	0.0	0.0	0.0	0.0	0.0	50.84331293267106	0.0	0.0	0.0	44.25342368170698	0.0	0.0	0.0	0.0	50.84331293267106	0.0	0.0	0.0	0.0	0.0	0.0	31.531684126199618	0.0	0.0	0.0	0.0	0.0	24.808996399969395	0.0	24.808996399969395	24.808996399969395	0.0	75.76542324582759	0.0	0.0	44.25342368170698	0.0	0.0	0.0	0.0	0.0	0.0	24.808996399969395	0.0	0.0	0.0	0.0	0.0	0.0	31.531684126199618	0.0	0.0	0.0	0.0	0.0	0.0	0.0	0.0	0.0	0.0	0.0	0.0	0.0	49.600112440624535	0.0	31.531684126199618	0.0	0.0	0.0	0.0	63.04064271232213	173.5378723794454	31.531684126199618	75.76542324582759	0.0	0.0	0.0	0.0	0.0	0.0	0.0	24.808996399969395	0.0	0.0	0.0	0.0	0.0	0.0	0.0	0.0	0.0	0.0	0.0	0.0	0.0	0.0	0.0	0.0	0.0	0.0	0.0	0.0	0.0	0.0	37.896367972915556	31.531684126199618	0.0	0.0	0.0	0.0	24.808996399969395	24.808996399969395	24.808996399969395	0.0	24.808996399969395	0.0	0.0	0.0	0.0	0.0	0.0	24.808996399969395	24.808996399969395	0.0	24.808996399969395	37.896367972915556	0.0	0.0	0.0	0.0	0.0	0.0	0.0	26.552054209024185	0.0	0.0	0.0	24.808996399969395	0.0	0.0	0.0	0.0	24.808996399969395	0.0	0.0	24.808996399969395	0.0	0.0	113.6072051600564	0.0	0.0	0.0	0.0	0.0	24.808996399969395	0.0	0.0	0.0	0.0	0.0	0.0	0.0	0.0	0.0	0.0	0.0	0.0	0.0	0.0	0.0	0.0	0.0	37.896367972915556	0.0	24.808996399969395	0.0	0.0	0.0	0.0	0.0	0.0	0.0	0.0	0.0	0.0	0.0	49.600112440624535	0.0	37.896367972915556	24.808996399969395	0.0	0.0	0.0	0.0	24.808996399969395	0.0	0.0	0.0	24.808996399969395	0.0	0.0	24.808996399969395	0.0	0.0	94.52690849232472
CAPAR1305998_acpa-rejette	acpa-rejette	0.0	0.0	0.0	0.0	0.0	0.0	0.0	0.0	0.0	30.209430055961697	0.0	0.0	0.0	0.0	0.0	0.0	0.0	0.0	0.0	0.0	0.0	22.836182622021347	0.0	0.0	0.0	0.0	0.0	0.0	0.0	0.0	0.0	0.0	0.0	0.0	0.0	0.0	0.0	0.0	0.0	0.0	0.0	0.0	0.0	0.0	0.0	0.0	0.0	0.0	0.0	0.0	0.0	34.88284514974931	0.0	0.0	0.0	0.0	0.0	0.0	0.0	0.0	0.0	0.0	0.0	0.0	0.0	0.0	0.0	0.0	22.836182622021347	0.0	0.0	0.0	0.0	0.0	0.0	0.0	0.0	0.0	0.0	0.0	0.0	0.0	0.0	0.0	0.0	0.0	0.0	0.0	0.0	0.0	0.0	0.0	0.0	0.0	0.0	0.0	0.0	0.0	24.440632306586767	0.0	93.47814187553344	0.0	0.0	0.0	40.73438717764461	0.0	0.0	0.0	0.0	0.0	0.0	0.0	0.0	0.0	0.0	0.0	0.0	0.0	0.0	0.0	0.0	22.836182622021347	22.836182622021347	0.0	0.0	0.0	0.0	0.0	0.0	0.0	40.73438717764461	0.0	0.0	0.0	0.0	0.0	0.0	0.0	0.0	0.0	0.0	0.0	0.0	0.0	0.0	0.0	0.0	0.0	0.0	0.0	0.0	0.0	0.0	0.0	0.0	0.0	0.0	0.0	0.0	0.0	0.0	0.0	0.0	0.0	0.0	0.0	0.0	0.0	0.0	0.0	0.0	0.0	0.0	0.0	0.0	0.0	0.0	30.209430055961697	0.0	0.0	0.0	0.0	0.0	0.0	104.37541979972384	0.0	0.0	0.0	0.0	0.0	0.0	24.440632306586767	0.0	0.0	0.0	0.0	0.0	0.0	0.0	0.0	0.0	0.0	0.0	0.0	0.0	0.0	0.0	0.0	0.0	0.0	0.0	0.0	0.0	0.0	0.0	0.0	0.0	0.0	0.0	0.0	34.88284514974931	0.0	0.0	0.0	0.0	0.0	0.0	0.0	0.0	0.0	0.0	0.0	0.0	0.0	0.0	0.0	0.0	0.0	0.0	0.0	0.0	0.0	0.0	0.0	0.0	0.0	0.0	0.0	0.0	0.0	0.0	0.0	0.0	0.0	0.0	29.024281574190333	0.0	0.0	0.0	0.0	0.0	0.0	0.0	0.0	0.0	0.0	0.0	0.0	0.0	0.0	0.0	0.0	0.0	0.0	0.0	0.0	0.0	0.0	0.0	0.0	0.0	0.0	0.0	0.0	0.0	0.0	0.0	0.0	0.0	22.836182622021347	22.836182622021347	0.0	0.0	0.0	0.0	0.0	0.0	29.024281574190333	0.0	0.0
CAVER1501683_acpa-rejette	acpa-rejette	0.0	0.0	0.0	0.0	0.0	0.0	32.40168276226143	32.40168276226143	0.0	0.0	0.0	0.0	0.0	0.0	0.0	0.0	0.0	0.0	0.0	0.0	0.0	0.0	0.0	0.0	0.0	0.0	0.0	0.0	0.0	0.0	0.0	0.0	0.0	0.0	0.0	0.0	0.0	0.0	0.0	0.0	0.0	32.40168276226143	0.0	0.0	0.0	0.0	0.0	42.86339732447607	41.18182007629357	0.0	0.0	0.0	0.0	0.0	0.0	0.0	32.40168276226143	0.0	0.0	0.0	0.0	0.0	0.0	0.0	0.0	0.0	0.0	0.0	0.0	0.0	0.0	0.0	0.0	0.0	0.0	0.0	0.0	0.0	0.0	0.0	0.0	0.0	0.0	0.0	0.0	0.0	0.0	0.0	0.0	0.0	0.0	0.0	0.0	0.0	0.0	66.40368959982693	0.0	0.0	0.0	0.0	66.40368959982693	32.40168276226143	0.0	0.0	57.796993161738115	0.0	0.0	0.0	0.0	0.0	0.0	0.0	0.0	32.40168276226143	0.0	0.0	0.0	49.49438796733627	41.18182007629357	0.0	0.0	0.0	64.752056425054	0.0	0.0	0.0	0.0	0.0	0.0	32.40168276226143	115.50246293893798	0.0	0.0	0.0	0.0	32.40168276226143	32.40168276226143	0.0	42.86339732447607	68.63636679382262	0.0	0.0	0.0	0.0	0.0	0.0	0.0	0.0	0.0	0.0	0.0	0.0	0.0	0.0	41.18182007629357	0.0	0.0	0.0	0.0	0.0	0.0	0.0	0.0	0.0	0.0	0.0	0.0	0.0	0.0	0.0	0.0	0.0	0.0	0.0	0.0	0.0	0.0	0.0	0.0	34.67819589704287	0.0	0.0	0.0	32.40168276226143	0.0	0.0	0.0	0.0	0.0	0.0	0.0	0.0	32.40168276226143	32.40168276226143	0.0	0.0	0.0	0.0	0.0	0.0	0.0	0.0	0.0	0.0	0.0	0.0	0.0	0.0	0.0	0.0	0.0	0.0	0.0	0.0	0.0	0.0	0.0	0.0	0.0	0.0	98.9103999906205	32.40168276226143	0.0	0.0	0.0	0.0	0.0	0.0	0.0	0.0	0.0	0.0	0.0	0.0	0.0	0.0	0.0	0.0	41.18182007629357	0.0	0.0	0.0	0.0	49.49438796733627	0.0	0.0	0.0	0.0	0.0	0.0	0.0	0.0	0.0	0.0	0.0	0.0	0.0	0.0	0.0	0.0	0.0	0.0	0.0	0.0	0.0	0.0	0.0	0.0	0.0	0.0	0.0	0.0	0.0	0.0	0.0	0.0	0.0	0.0	0.0	0.0	0.0	0.0	0.0	49.49438796733627	0.0	0.0	0.0	0.0	0.0	32.40168276226143	0.0	0.0	0.0	0.0	0.0	0.0	0.0	0.0	0.0	0.0
CAPAR1411380_acpa-rejette	acpa-rejette	0.0	0.0	0.0	0.0	0.0	0.0	0.0	0.0	0.0	0.0	0.0	0.0	0.0	0.0	0.0	0.0	0.0	0.0	35.8979242757432	0.0	0.0	0.0	0.0	0.0	0.0	0.0	0.0	0.0	0.0	0.0	0.0	0.0	28.24433577854144	0.0	0.0	0.0	0.0	0.0	0.0	0.0	0.0	0.0	0.0	0.0	0.0	0.0	43.143935552971875	0.0	0.0	0.0	0.0	0.0	0.0	0.0	0.0	0.0	0.0	0.0	0.0	0.0	0.0	0.0	0.0	0.0	0.0	0.0	0.0	0.0	0.0	0.0	0.0	0.0	0.0	0.0	0.0	0.0	0.0	0.0	0.0	0.0	0.0	0.0	0.0	0.0	0.0	0.0	0.0	0.0	0.0	0.0	0.0	0.0	0.0	0.0	0.0	0.0	0.0	0.0	0.0	0.0	57.88366362798905	0.0	0.0	0.0	100.57488467924334	0.0	0.0	0.0	0.0	57.88366362798905	0.0	0.0	0.0	0.0	0.0	0.0	0.0	0.0	0.0	0.0	0.0	0.0	28.24433577854144	0.0	0.0	0.0	0.0	0.0	0.0	0.0	0.0	0.0	0.0	0.0	0.0	0.0	0.0	0.0	0.0	0.0	0.0	0.0	0.0	0.0	0.0	0.0	0.0	0.0	0.0	0.0	0.0	0.0	0.0	0.0	0.0	0.0	0.0	0.0	0.0	0.0	0.0	0.0	0.0	0.0	0.0	0.0	0.0	0.0	0.0	0.0	0.0	0.0	0.0	0.0	0.0	0.0	0.0	37.36374420811227	28.24433577854144	0.0	0.0	0.0	0.0	0.0	0.0	0.0	0.0	0.0	0.0	0.0	0.0	0.0	0.0	0.0	0.0	0.0	0.0	0.0	0.0	0.0	0.0	0.0	0.0	0.0	0.0	0.0	0.0	0.0	0.0	0.0	0.0	0.0	0.0	28.24433577854144	0.0	0.0	0.0	0.0	0.0	0.0	0.0	0.0	0.0	0.0	0.0	0.0	0.0	0.0	0.0	0.0	0.0	0.0	0.0	0.0	0.0	0.0	0.0	0.0	0.0	0.0	0.0	0.0	0.0	0.0	0.0	0.0	0.0	0.0	0.0	0.0	0.0	0.0	0.0	0.0	0.0	0.0	0.0	0.0	0.0	0.0	0.0	0.0	0.0	0.0	0.0	0.0	0.0	0.0	0.0	0.0	0.0	0.0	0.0	0.0	28.24433577854144	28.24433577854144	28.24433577854144	0.0	0.0	0.0	0.0	0.0	0.0	43.143935552971875	0.0	0.0	0.0	0.0	0.0	0.0	0.0	0.0	0.0	0.0	0.0	0.0	0.0	0.0	0.0	0.0
CADIJ1500876_acpa-rejette	acpa-rejette	10.700775363807717	27.192334439818676	0.0	0.0	0.0	0.0	0.0	0.0	10.700775363807717	70.68997390889096	16.345704366455823	0.0	0.0	0.0	0.0	10.700775363807717	10.700775363807717	0.0	0.0	0.0	0.0	0.0	0.0	0.0	0.0	32.68111870744387	40.77566970463086	0.0	16.345704366455823	10.700775363807717	0.0	0.0	0.0	0.0	10.700775363807717	10.700775363807717	0.0	74.76425919068762	10.700775363807717	10.700775363807717	13.600448129268944	0.0	0.0	0.0	10.700775363807717	0.0	16.345704366455823	14.15579522410097	0.0	0.0	0.0	16.345704366455823	16.345704366455823	0.0	0.0	21.394814324671273	0.0	0.0	0.0	0.0	0.0	10.700775363807717	0.0	10.700775363807717	0.0	0.0	10.700775363807717	0.0	0.0	0.0	0.0	21.394814324671273	21.394814324671273	0.0	0.0	0.0	0.0	0.0	0.0	0.0	0.0	0.0	0.0	0.0	0.0	21.394814324671273	0.0	13.600448129268944	0.0	10.700775363807717	10.700775363807717	0.0	0.0	0.0	16.345704366455823	65.74879180364452	10.700775363807717	10.700775363807717	11.45260223177603	10.700775363807717	21.930063662106217	0.0	10.700775363807717	0.0	19.087670386293386	10.700775363807717	13.600448129268944	13.600448129268944	0.0	0.0	10.700775363807717	10.700775363807717	21.394814324671273	10.700775363807717	10.700775363807717	0.0	0.0	16.345704366455823	13.600448129268944	10.700775363807717	0.0	0.0	32.0821253587273	16.345704366455823	0.0	0.0	10.700775363807717	0.0	0.0	0.0	19.087670386293386	0.0	0.0	13.600448129268944	10.700775363807717	0.0	0.0	0.0	14.15579522410097	0.0	0.0	10.700775363807717	0.0	10.700775363807717	0.0	0.0	32.68111870744387	10.700775363807717	13.600448129268944	13.600448129268944	0.0	10.700775363807717	10.700775363807717	10.700775363807717	13.600448129268944	10.700775363807717	10.700775363807717	21.394814324671273	0.0	10.700775363807717	0.0	10.700775363807717	0.0	21.394814324671273	21.394814324671273	0.0	0.0	0.0	0.0	0.0	10.700775363807717	10.700775363807717	0.0	16.345704366455823	10.700775363807717	0.0	0.0	28.302679024741252	0.0	0.0	16.345704366455823	10.700775363807717	10.700775363807717	0.0	32.68111870744387	21.394814324671273	21.394814324671273	0.0	10.700775363807717	10.700775363807717	0.0	11.45260223177603	0.0	0.0	0.0	21.394814324671273	21.394814324671273	21.394814324671273	21.394814324671273	0.0	0.0	0.0	0.0	10.700775363807717	0.0	0.0	0.0	0.0	10.700775363807717	0.0	0.0	16.345704366455823	10.700775363807717	0.0	0.0	13.600448129268944	0.0	0.0	0.0	0.0	81.62575093061163	0.0	10.700775363807717	10.700775363807717	10.700775363807717	0.0	10.700775363807717	10.700775363807717	0.0	10.700775363807717	10.700775363807717	0.0	0.0	0.0	0.0	0.0	10.700775363807717	0.0	13.600448129268944	0.0	0.0	10.700775363807717	10.700775363807717	0.0	13.600448129268944	0.0	10.700775363807717	10.700775363807717	32.0821253587273	0.0	0.0	0.0	0.0	0.0	0.0	13.600448129268944	64.10377542174088	10.700775363807717	10.700775363807717	10.700775363807717	0.0	0.0	0.0	0.0	0.0	0.0	0.0	0.0	10.700775363807717	0.0	21.394814324671273	21.394814324671273	10.700775363807717	0.0	0.0	0.0	0.0	0.0	53.436597471019994	40.77566970463086	10.700775363807717	0.0	0.0	0.0	0.0	0.0	27.192334439818676	10.700775363807717	10.700775363807717	53.436597471019994	0.0	13.600448129268944	0.0	0.0	0.0	0.0	0.0	0.0	10.700775363807717	0.0
CALYO1406491_acpa-rejette	acpa-rejette	0.0	51.103005159067585	40.207629441698636	0.0	0.0	0.0	0.0	0.0	0.0	0.0	0.0	71.72096896764272	0.0	43.032581380585626	0.0	0.0	0.0	0.0	0.0	0.0	0.0	0.0	40.207629441698636	0.0	0.0	0.0	0.0	0.0	61.41816847710633	0.0	0.0	0.0	0.0	0.0	0.0	0.0	0.0	0.0	0.0	0.0	0.0	0.0	0.0	0.0	0.0	40.207629441698636	0.0	0.0	0.0	0.0	85.17167526511264	0.0	0.0	0.0	40.207629441698636	0.0	0.0	0.0	0.0	0.0	0.0	0.0	40.207629441698636	0.0	0.0	0.0	0.0	0.0	0.0	0.0	0.0	0.0	0.0	40.207629441698636	0.0	0.0	0.0	0.0	40.207629441698636	0.0	0.0	0.0	0.0	0.0	0.0	0.0	0.0	0.0	0.0	0.0	0.0	0.0	0.0	0.0	0.0	82.40111986100669	0.0	0.0	0.0	0.0	0.0	0.0	0.0	0.0	0.0	0.0	0.0	0.0	0.0	0.0	0.0	0.0	0.0	0.0	0.0	0.0	0.0	0.0	0.0	0.0	0.0	0.0	80.38212527484255	122.78572453112965	0.0	0.0	0.0	0.0	0.0	0.0	0.0	0.0	0.0	0.0	0.0	0.0	0.0	0.0	53.1896941550867	0.0	0.0	0.0	0.0	0.0	0.0	0.0	61.41816847710633	0.0	51.103005159067585	51.103005159067585	40.207629441698636	0.0	0.0	0.0	0.0	0.0	0.0	0.0	0.0	0.0	0.0	0.0	40.207629441698636	0.0	0.0	0.0	93.81780203063013	0.0	0.0	40.207629441698636	0.0	0.0	0.0	0.0	0.0	0.0	0.0	0.0	0.0	43.032581380585626	0.0	0.0	0.0	0.0	0.0	0.0	0.0	0.0	40.207629441698636	40.207629441698636	0.0	0.0	0.0	0.0	0.0	0.0	0.0	0.0	0.0	0.0	0.0	0.0	0.0	0.0	0.0	0.0	0.0	0.0	0.0	0.0	40.207629441698636	0.0	0.0	0.0	40.207629441698636	0.0	0.0	0.0	0.0	0.0	122.78572453112965	0.0	0.0	0.0	0.0	40.207629441698636	0.0	0.0	0.0	0.0	0.0	40.207629441698636	0.0	40.207629441698636	0.0	40.207629441698636	0.0	0.0	0.0	0.0	0.0	0.0	0.0	0.0	0.0	0.0	0.0	0.0	0.0	0.0	0.0	0.0	40.207629441698636	40.207629441698636	40.207629441698636	0.0	0.0	0.0	0.0	0.0	40.207629441698636	40.207629441698636	0.0	0.0	0.0	0.0	0.0	0.0	0.0	0.0	0.0	0.0	0.0	0.0	0.0	0.0	0.0	0.0	0.0	0.0	0.0	0.0	51.103005159067585	0.0	0.0	0.0	0.0	0.0	0.0	240.74986177200566	0.0	0.0	0.0	0.0	40.207629441698636	0.0	0.0	0.0	0.0	0.0
CAPAR1305040_acpa-rejette	acpa-rejette	0.0	0.0	0.0	0.0	0.0	0.0	0.0	0.0	0.0	18.198663287460963	7.005473791667049	8.180630925246026	0.0	24.536253229993267	0.0	0.0	0.0	4.586159132763364	0.0	11.657143186902875	0.0	0.0	0.0	0.0	0.0	0.0	0.0	0.0	7.005473791667049	0.0	9.171791211669019	0.0	0.0	13.756896357835108	0.0	0.0	0.0	0.0	0.0	0.0	5.828906530332617	0.0	0.0	0.0	0.0	4.586159132763364	7.005473791667049	18.198663287460963	5.828906530332617	38.85267915748486	0.0	42.020770128531915	14.010142495268006	0.0	0.0	0.0	0.0	0.0	0.0	4.586159132763364	0.0	0.0	0.0	0.0	0.0	0.0	4.586159132763364	0.0	0.0	4.586159132763364	0.0	0.0	0.0	0.0	0.0	0.0	0.0	0.0	13.756896357835108	0.0	50.41878247039129	50.41878247039129	0.0	0.0	0.0	0.0	0.0	0.0	11.657143186902875	0.0	0.0	22.904450394249114	0.0	0.0	0.0	75.1604049448756	0.0	0.0	29.44181266012454	9.171791211669019	28.193247934229053	0.0	0.0	0.0	32.71688372325765	0.0	5.828906530332617	0.0	0.0	18.796578596326672	0.0	0.0	0.0	4.586159132763364	0.0	0.0	0.0	0.0	0.0	0.0	0.0	9.171791211669019	0.0	0.0	0.0	0.0	0.0	7.005473791667049	0.0	0.0	24.53907257084207	0.0	0.0	0.0	0.0	0.0	0.0	0.0	24.263490357090816	0.0	0.0	0.0	14.010142495268006	0.0	11.657143186902875	4.586159132763364	0.0	0.0	5.828906530332617	5.828906530332617	0.0	0.0	0.0	0.0	0.0	0.0	0.0	0.0	0.0	0.0	11.657143186902875	0.0	0.0	0.0	0.0	5.828906530332617	96.26509299256458	0.0	7.005473791667049	0.0	0.0	0.0	4.586159132763364	7.005473791667049	0.0	0.0	0.0	6.066918269129759	0.0	0.0	7.005473791667049	0.0	0.0	0.0	160.9225370422921	0.0	0.0	4.586159132763364	0.0	0.0	0.0	9.816193026106765	0.0	0.0	0.0	0.0	0.0	0.0	0.0	28.017065378292536	5.828906530332617	0.0	0.0	0.0	13.756896357835108	0.0	0.0	0.0	0.0	0.0	0.0	0.0	0.0	4.586159132763364	0.0	0.0	0.0	13.756896357835108	0.0	0.0	77.01596237269355	0.0	0.0	0.0	0.0	0.0	0.0	0.0	24.536253229993267	9.171791211669019	4.586159132763364	0.0	4.586159132763364	0.0	0.0	0.0	0.0	0.0	0.0	0.0	0.0	0.0	4.586159132763364	7.005473791667049	0.0	0.0	0.0	0.0	0.0	0.0	0.0	0.0	13.756896357835108	0.0	0.0	0.0	0.0	0.0	0.0	0.0	68.73710139221674	0.0	0.0	0.0	0.0	0.0	0.0	35.019319927587446	0.0	68.73710139221674	73.31536741647889	0.0	0.0	0.0	0.0	0.0	0.0	4.586159132763364	0.0	5.828906530332617	0.0	0.0	34.96339415374784	0.0	0.0	0.0	11.657143186902875	0.0	4.586159132763364	178.47076282573914	0.0	0.0	0.0	192.16627608552335	0.0	0.0	0.0	0.0	0.0	0.0
