@id	@sens-resultat	absence	abus	abus de droit	abus de procédure	abusif	abusif considérant	abusif en application	accord	accorder	action en justice	affaire	agir	agir en justice	allocation	allouer	alléguer	alors	amende	amende civil	août	appelant	appeler	appréciation	argument	arrêt	article	assignation	assurance	aucun	autre	autre demande	autre part	avant	avril	bien	blâmable	cadre	caractère abusif	caractériser	cas	cause de appel	causer	celui	cesser	chacun	charge de monsieur	chef	circonstance	civil	civil ainsi	civil attendu	civil condamner	civil devoir	civil disposer	civil dit	civil outre	code	code civil	code de procédure	commerce	complémentaire	compte	compter	conclusion	condamnation de monsieur	condamne	condamner	condamner à verser	confirmation	confirme	confirmer	confirmer le décision	confirmer le jugement	considérer	constituer	conséquence	contraindre	contraindre de exposer	convenir	convenir convier	convier	cour de appel	demande	demande de condamnation	demande de dommages	demande en dommages	demande reconventionnel	depuis	dernier	dette	deux an	devoir	disposer que celui	dispositif	disposition	dol	dommage	dommage et intérêt	donc	donner au litige	dont	débat	déboute	déboute madame	débouter	déclarer	défendre	défense	déférer	dégénérer	dégénérer en abus	démontrer	dépens de appel	dépourvue	encontre	engager	ensemble	entier	entier dépens	entre	entreprendre	entreprendre en tout	erreur	euro	euro au titre	euro en application	euro par application	euro sans préjudice	exercice	exigence	exposer	faire	faire application	faire droit	faire valoir	fait	faute	financier	fixer	foi fois	fois	fond	fondement	fonder	frai	frai frais	frai frais irrépétibles	frais	frais irrépétibles	français	grossier	hauteur	ii	infirmer	intention	interjeter	interjeter appel	intervenir	intérêt	invoquer	irrecevable	irrépétibles	janvier	jour	juge	jugement du tribunal	jugement déférer	jugement entreprendre	juridiction	justement	justice	justice de manière	justifier	laisser	lieu	lieu à application	légal à compter	légèreté blâmable	manifestement	manière	mars	mensuel	mille	mille euro	mois	moyen	méprendre	nature	ni	nouveau	obligation	observer	obtenir	organisme	outre	part	particulier	payer	payer payer	payer un amende	payer à monsieur	penser	percevoir	pierre	pièce	plus	porter	pouvoir	pouvoir donner	pouvoir être reprocher	premier juge	prendre	prendre en charge	preuve	priver	procédure	procédure abusif	procédure abusif considérant	procédure civil	procédure civil ainsi	procédure civil condamner	procédure civil disposer	procédure civil dit	procédure civil outre	procédure de appel	produire	prononcer	prononcer un amende	préjudice	préjudice subir	présent	prétention	public	période	qualité pour solliciter	raison	reconventionnel	recours	recouvrement	rejeter	rejette	rejette le demande	rejeté le demande	relation	relation contractuel	reprise	reprocher	reprocher à monsieur	revêtir	rupture	réclame	référer	régler un amende	régulier	réparation	réparation du préjudice	sarl	savoir	selon	sen	sen sens	sens	seulement	si	solliciter	solution	somme	somme suivant	sommer	sorte	soustraire	statuer	subir	suivant	suivant du code	suivre	supporter	supporter le dépens	tant	tau	tau taux	tau taux légal	taux	taux légal	tel	terme	texte	titre	titre de dommages	tort	tout son disposition	toutefois	trésor	trésor public	valoir	verser	verser le somme	viser	vocation	voir
CAPAR1415151_acpa-accepte	acpa-accepte	0.0	0.0	0.0	0.0	0.11562533771061628	0.0014150216571396047	0.0	0.0	0.0	0.0	0.0	7.987287122679329E-4	0.003632390630144812	0.0	0.0	0.0	0.0	0.11562533771061628	0.11562533771061628	0.0	0.0	0.0	0.0	0.0	0.11117820933713103	0.12451959445758677	0.0	0.0	0.0	0.0	0.0	0.0	0.0	0.0014150216571396047	0.0	0.0	0.0	0.0	0.0	0.0	0.0	0.0	0.0	0.0	0.0	0.0	0.0	0.0	0.12007246608410152	0.0	0.0	0.0	0.0	0.0	0.0	0.0	0.12451959445758677	0.0	0.12451959445758677	0.0	0.0	0.0	0.0	0.0	0.0	0.11117820933713103	0.11117820933713103	0.0	0.0	0.0	0.0	0.0	0.0	0.0	0.0	0.0	0.0	0.0	0.0	0.0	0.0	0.0	0.11562533771061628	0.0	0.0	0.0	0.0	0.0	0.0	0.0	0.0	0.002338865765057208	0.0	0.0014150216571396047	0.0	0.0	0.0	0.0	0.0	0.0014150216571396047	0.0	0.0	0.0	0.0	0.0	0.0	0.0	0.0	0.0	0.0	0.0	0.0	0.0	0.0	0.0	0.0	0.0	0.0	0.0	0.0	0.0	0.0	0.0	0.0	0.0	0.0	0.0	0.0	0.0	0.0	0.0	7.987287122679329E-4	0.0	0.0014150216571396047	0.0	0.0	0.0	0.0	0.0	0.0	0.0	0.0	9.318501643125886E-4	0.0	0.0	0.0	0.0	0.0	0.0	0.0	0.0	0.0	0.0	0.0	0.0	0.0	0.0	0.0	0.0	0.0	0.0	0.0	0.0	0.0	0.0	0.0	0.0	0.0	0.0	0.0	0.0014384583744704406	0.003632390630144812	0.0	0.0	0.0	0.0	0.0	0.0	0.0	0.003632390630144812	0.0	0.0	0.0	0.0	0.0	0.0	0.0014150216571396047	0.0	0.0	0.0	0.0	0.0	0.0	0.0	0.0	0.0	0.0	0.002631223985689359	0.0024363185052679254	0.0	0.0	0.0	0.0	0.0	0.0	0.0	0.0	0.1067310809636458	0.0	0.0	0.0	0.0	0.0	0.0	0.0	0.13341385120455726	0.11117820933713103	0.0014150216571396047	0.1067310809636458	0.0	0.0	0.0	0.0	0.0	0.0	0.0	0.0	0.0	0.0	0.0	0.003632390630144812	0.0	0.0	0.0	0.0	0.0	0.0	0.0	0.0	0.0	0.0	0.0	0.00566085182024322	0.0	0.0	0.0	0.0	0.0	0.0	0.0	0.0	0.0	0.0014150216571396047	0.0	0.0	0.0	0.0	0.0	0.0	0.0014150216571396047	0.0014150216571396047	0.0014150216571396047	0.0	0.0	0.0	0.0014150216571396047	0.001473980892853755	0.0	0.0	0.0	0.0	0.0	0.0	0.0	0.0	0.0	0.0	0.0	0.0	0.0	0.0	0.0	0.0	0.0	0.0	0.0	0.0	0.0	0.0	0.0	0.0	0.0	0.0	0.0	0.0	0.0	0.0	0.0	0.0	0.0
CABAS1400506_acpa-accepte	acpa-accepte	0.0	0.0	0.0	0.0	0.10326254204203332	0.0	0.0	0.0	0.0	0.0	0.0	0.0	0.0	0.0	0.0	0.0	0.0	0.09913204036035199	0.09913204036035199	0.0	0.0	0.0	0.0	0.001259513475158126	0.0	0.10326254204203332	0.0	0.001259513475158126	0.0	0.0	0.0	0.0	0.0	0.0	0.0	0.0	0.0	0.0	0.0	0.0	0.0	0.0	0.0	0.0	0.0013142749305997835	0.001259513475158126	0.0	0.0	0.111523545405396	0.0	0.0	0.0	0.0	0.0	0.0	0.09500153867867066	0.10326254204203332	0.0	0.10326254204203332	0.0	0.0	0.0	0.0	0.0	0.0	0.09500153867867066	0.09500153867867066	0.0	0.0	0.0	0.0	0.0	0.0	0.0	0.0	0.0	0.0	0.0	0.0	0.0	0.0	0.09500153867867066	0.09913204036035199	0.001259513475158126	0.0	0.0	0.0	0.0	0.0	0.0	0.0	0.0	0.0	0.0	0.0	0.0	0.00217234317619317	0.001336043000288368	0.0	0.0	0.0	0.0	0.0	0.0	0.0	0.0	0.0	0.001259513475158126	0.0	0.0	0.0	0.0	0.0	0.0	0.0	0.0	0.0	0.0	0.0	0.0	0.0	0.0	0.0	9.273260214670559E-4	0.005038734999210199	0.005038734999210199	0.0	0.0	0.0	0.0	0.0	7.418608171736446E-4	0.001259513475158126	0.0	0.0	0.0	0.0	0.0	0.0	0.0	0.0	0.0	0.0	0.0	0.0	0.0	0.0	0.0	0.0	0.0	0.0	0.00217234317619317	0.0	0.0	0.0	0.0	0.0	0.0	0.003373771644594611	0.0	0.0	0.0	0.0	0.0	0.0	0.0	0.0	0.0	0.0	0.0	0.0	0.0	0.0	0.001259513475158126	0.0	0.0	0.0	0.0	0.09500153867867066	0.0	0.0	0.0	0.001259513475158126	0.001259513475158126	0.0	0.0	0.0	0.0	0.0	0.0	0.0	0.0	0.0020818288771851214	0.0	0.001336043000288368	0.0	0.001259513475158126	0.0	0.0	0.0	0.0	0.0	0.0	0.0	0.0	0.0	0.0	0.09500153867867066	0.0	0.0	0.0	0.0	0.0	0.0	0.0	0.11565404708707733	0.09913204036035199	0.0	0.10326254204203332	0.0	0.0	0.0	0.0	0.09500153867867066	0.0	0.0	0.0	0.0	0.0012803745419430192	0.0	0.0	0.0	0.0	0.0	0.0	0.0	0.0	0.0	0.0	0.0	0.0	0.0	0.005038734999210199	0.0	0.0	0.0	0.0	0.0	0.0	0.0	0.0	0.0	0.0	0.0	0.0	0.0	0.0	0.0	0.0	0.0	0.0	0.0	0.0	0.0	0.0	0.0	0.0	0.0	0.0	0.0	0.0	0.0	0.0	0.0	0.0	0.0	0.0	0.0	0.0	0.0	0.0	0.0	0.0	0.0	0.0	0.0	0.0	0.0013142749305997835	0.0	0.0	0.0	0.0	0.0	0.0	0.0	0.0	0.0	0.0	0.0	0.0
CAMET1502360_acpa-accepte	acpa-accepte	0.0	0.0	0.0	0.0	0.10028616854357977	0.0	0.0	0.0	0.0	0.0	0.0	6.822707341230817E-4	0.0031027729237550795	0.0	0.0	0.0	0.0	0.10332514334793068	0.09724719373922887	0.0	0.0	0.0	0.0	0.0	0.09116924413052707	0.10028616854357977	0.0	0.0	0.0	0.0	0.0	0.0	0.0	0.0	0.0	0.0	0.0	0.0	0.0	0.0	0.0	0.0	6.822707341230817E-4	0.0	0.0	0.0	0.0	0.0	0.10940309295663248	0.0	0.0012087055967669354	0.0012087055967669354	0.0	0.0012087055967669354	0.0	0.09116924413052707	0.09724719373922887	0.0	0.09420821893487796	0.0	0.0	0.0	0.0	0.0	0.0	0.09116924413052707	0.09420821893487796	0.0012087055967669354	0.0	0.0	0.0	0.0	0.0	0.0	0.0	0.0	0.0	0.0	0.0	0.0	0.0	0.09116924413052707	0.09116924413052707	0.0	0.0	0.0	0.0	0.0	0.0	0.0	0.0	0.0	0.0012087055967669354	0.0	6.822707341230817E-4	0.0	0.0	0.0	0.0	0.0	0.0	0.0	0.0	0.0	0.0	0.0	0.0	0.0	0.0	0.0	0.0	0.0	0.0	0.0012087055967669354	0.0	0.0	0.0	0.0	0.0	0.0	0.0	0.0	0.0	7.732401653394927E-4	0.0049966585442999985	0.004835476010612903	0.0	0.0012087055967669354	0.0	0.0	0.0	0.0	0.0	0.0	0.0	0.0	0.0	0.0	0.0	0.0	0.0	0.0	0.0	0.0	0.0	0.0	0.0	0.0	0.0	0.0012087055967669354	0.0	0.0019978493799351926	0.0	0.0	0.0	0.0	0.0	0.0	0.0	0.0	0.0	0.0	0.0	0.0	0.0	0.0012087055967669354	0.0	0.0	0.0012087055967669354	0.0	0.0012287251429446877	0.0031027729237550795	0.0	0.0	0.0	0.0	0.0	0.0	0.09116924413052707	0.0031027729237550795	0.0012087055967669354	0.0	0.0	0.0	0.0	0.0	0.0	0.0	0.0	0.0	0.0	0.0012087055967669354	0.0019978493799351926	0.0	0.0012287251429446877	0.0	0.0	0.0	0.0	0.0	0.0	0.0	0.0	0.0	0.0	0.0	0.0	0.09420821893487796	0.0	0.0	0.0	0.0	0.0	0.0	0.0	0.10636411815228157	0.09420821893487796	0.0	0.09724719373922887	0.0	0.0012087055967669354	0.0012087055967669354	0.0	0.09116924413052707	0.0	0.0	0.0	0.0	0.0012287251429446877	0.0	0.0031027729237550795	0.0	0.0012087055967669354	0.0	0.0	0.0	0.0	0.0	0.0	0.0	0.0	0.0	0.0	0.0	0.0	0.0	0.0	0.0	0.0012087055967669354	0.0	0.0	0.0	0.0	0.0	0.0	0.0	0.0	0.0	0.0	0.0	0.0	0.0	0.0	0.0	0.0	0.0	0.0012489957833258332	0.0	0.0	0.0	0.0012489957833258332	0.0	0.0	0.0	0.0	0.0	0.0	0.0	0.0	0.0	0.0	0.0	0.0	0.0	0.0	0.0	0.0	0.0012489957833258332	0.0	0.0	0.0	0.0	0.0012087055967669354	0.0012087055967669354	0.0	7.050130919271843E-4	0.0	0.0	0.0	0.0
CANAN1101988_acpa-accepte	acpa-accepte	0.0	0.0	0.0	0.0	0.03118920692011265	0.0	0.0	0.030511180682718898	0.0	0.0	0.0	0.0	0.0	0.0	0.0	0.0	0.030511180682718898	0.03085019380141578	0.03085019380141578	0.0	0.0	0.0	0.0	0.0	0.030172167564022027	0.03085019380141578	0.0	0.0	0.03085019380141578	0.030172167564022027	0.0	0.0	0.0	0.0	0.0	0.0	0.030172167564022027	0.0	0.0	0.030172167564022027	0.0	0.030172167564022027	2.283323267828903E-4	0.0	0.0	0.0	0.030172167564022027	0.0	0.031867233157506406	0.0	0.0	0.0	0.0	0.0	0.0	0.0	0.03085019380141578	0.030172167564022027	0.030511180682718898	0.0	0.030172167564022027	0.0	0.0	0.030172167564022027	0.0	0.030172167564022027	0.03085019380141578	0.0	0.030172167564022027	0.0	0.030172167564022027	0.0	0.0	0.0	0.0	0.03085019380141578	0.0	0.0	0.0	0.0	0.0	0.0	0.03288427251359704	0.0	0.0	0.0	0.0	0.030172167564022027	0.0	0.0	0.0	6.760398327839324E-4	0.0	0.0	2.283323267828903E-4	0.0	6.983268602383477E-4	4.2948771803623793E-4	0.0	0.0	0.03085019380141578	0.0	0.0	0.0	0.03220624627620328	0.0	0.0	0.0	0.0	0.0	0.0	0.0	0.0	0.0	0.0	0.0	0.0	0.030172167564022027	0.030172167564022027	0.0	0.0	0.0	0.0	2.2579530092974712E-4	0.0	0.0	0.0	0.0	0.0	0.0	0.0	2.3086935263603358E-4	4.0001722235417616E-4	0.0	0.0	0.0	0.0	0.030172167564022027	0.03085019380141578	0.0	0.0	0.0	0.0	0.030511180682718898	0.030172167564022027	0.030172167564022027	0.0	0.030172167564022027	0.0	0.0	0.0	6.611818144809889E-4	0.0	0.0	0.0	0.0	0.0	0.0	0.0010845410548160188	0.0	0.0	0.0	0.0	0.030511180682718898	0.030172167564022027	0.0	0.0	0.0	4.045117978862455E-4	0.030172167564022027	0.0	0.0	0.03118920692011265	0.0	0.030511180682718898	0.0	0.0	0.0	0.0	0.0	0.0	0.0	4.0001722235417616E-4	4.0001722235417616E-4	0.0	0.0	0.0	0.0	0.0	0.030511180682718898	0.0	0.0	0.0	0.0	0.0	0.030172167564022027	0.0	6.686108236324606E-4	6.611818144809889E-4	0.0	0.0	0.0	0.0	0.0	0.03085019380141578	0.030172167564022027	0.030172167564022027	0.030511180682718898	0.0	0.0	0.030172167564022027	0.0	0.0	0.0	0.0	0.031867233157506406	0.030511180682718898	0.0	0.030511180682718898	0.0	0.0	0.0	0.0	0.0	0.0	0.030511180682718898	0.0	0.0	4.2948771803623793E-4	0.030172167564022027	0.0010383903716323583	0.030511180682718898	0.0	0.0	0.0	0.0	0.0	0.0	0.0	0.030511180682718898	0.0	0.0	0.0	0.0	0.0	0.0	0.0	0.0	0.0	0.0	0.0	0.0	0.0	0.030511180682718898	0.030172167564022027	0.030172167564022027	0.0	0.0	0.0	4.0001722235417616E-4	4.0001722235417616E-4	4.0001722235417616E-4	0.0	0.0	0.03085019380141578	0.0	4.0001722235417616E-4	0.0	0.0	0.0	0.0	0.030511180682718898	0.030172167564022027	0.030172167564022027	0.0	0.0	0.0	0.0	0.0	0.0	0.0	0.0	0.0	0.0	0.030172167564022027	0.0	0.0	4.045117978862455E-4	0.0	0.0	0.0	0.0	0.0	0.0	0.0	0.0	0.0	0.0	0.0	0.030172167564022027
CADIJ1501045_acpa-rejette	acpa-rejette	0.020958450783995747	0.021565942111068083	0.0	0.020654705120459575	0.022173433438140426	0.0	0.0	0.0	0.020654705120459575	0.0	0.020654705120459575	1.5684387579222313E-4	7.029438535670447E-4	0.0	0.0	0.020654705120459575	0.0	0.021262196447531915	0.021262196447531915	0.0	0.020654705120459575	0.0	0.020654705120459575	0.0	0.0	0.023084670428748934	0.020654705120459575	0.0	0.020654705120459575	0.020958450783995747	0.020654705120459575	0.0	0.020654705120459575	0.0	0.0	0.0	0.0	0.0	0.020654705120459575	0.0	0.0	0.0	1.5457077614306047E-4	0.0	0.0	0.0	0.020654705120459575	0.020654705120459575	0.023692161755821277	0.0	0.0	0.0	0.0	0.0	0.020654705120459575	0.0	0.022780924765212766	0.0	0.022780924765212766	0.0	0.0	0.0	0.0	0.0	0.0	0.0	0.020958450783995747	2.738364008253387E-4	0.020654705120459575	0.020654705120459575	0.020654705120459575	0.0	0.020654705120459575	0.0	0.020654705120459575	0.0	0.0	0.0	0.0	0.0	0.0	0.0	0.023692161755821277	0.0	0.021262196447531915	0.0	0.020654705120459575	0.0	0.0	0.020654705120459575	0.0	4.6593197512908137E-4	0.0	0.0	1.6139007509054844E-4	0.0	4.72588146202354E-4	2.9065301084673804E-4	0.020654705120459575	0.0	0.020958450783995747	0.0	0.020958450783995747	0.0	0.021262196447531915	0.0	0.0	0.0	0.020654705120459575	0.020654705120459575	0.020654705120459575	0.0	0.020654705120459575	2.738364008253387E-4	0.020654705120459575	0.020654705120459575	0.0	0.020654705120459575	0.020654705120459575	0.0	0.021565942111068083	0.020654705120459575	0.0	1.6820937403803639E-4	0.0	0.0010954936839585308	0.020654705120459575	2.738364008253387E-4	0.0	0.0	0.020654705120459575	1.5911697544138579E-4	0.0	2.738364008253387E-4	0.0	0.0	0.021262196447531915	0.020654705120459575	0.0	0.0	0.0	0.0	1.5911697544138579E-4	0.020654705120459575	0.0	0.0	0.0	0.020654705120459575	0.0	0.0	0.020654705120459575	4.72588146202354E-4	0.020654705120459575	0.0	0.0	0.0	0.0	0.0	7.44293492012165E-4	0.0	0.020654705120459575	0.0	0.0	0.0	0.020958450783995747	0.0	0.020654705120459575	0.021565942111068083	2.738364008253387E-4	0.0	2.8246560209049197E-4	7.029438535670447E-4	0.0	0.0	0.020654705120459575	0.020654705120459575	0.0	0.0	0.0	7.029438535670447E-4	0.0	0.0	0.0	0.0	0.0	0.020654705120459575	0.0	0.0	0.020654705120459575	0.020654705120459575	0.0	2.738364008253387E-4	4.5261963298253626E-4	0.0	0.0	0.0	2.738364008253387E-4	4.72588146202354E-4	4.592758040558089E-4	0.0	0.0	0.020654705120459575	0.0	0.0	0.0	0.020654705120459575	0.0	0.021262196447531915	0.0	0.0	0.020958450783995747	0.020654705120459575	0.020654705120459575	0.020654705120459575	0.0	0.024603398746429788	0.021869687774604255	0.0	0.022780924765212766	0.0	0.0	0.0	0.020654705120459575	0.0	0.0	0.0	0.0	0.0	2.783718977123689E-4	0.0	7.029438535670447E-4	0.0	0.0	0.0	0.020654705120459575	0.020654705120459575	0.020654705120459575	0.0	0.0	0.0	0.0	0.0	0.0	0.0	0.0	0.0	0.0	0.0	0.0	0.0	0.0	0.0	0.0	0.020654705120459575	0.0	0.0	0.022477179101676598	0.020654705120459575	0.020654705120459575	0.0	0.0	0.0	0.020654705120459575	0.0	0.021262196447531915	0.0	2.8189041261431926E-4	0.0	0.0	0.020654705120459575	0.0	0.020958450783995747	0.0	0.0	0.0	0.0	0.0	0.0	0.020654705120459575	0.0	0.0	0.0	0.0	0.0	0.020654705120459575	0.0	0.020654705120459575	2.899444244032998E-4	0.020654705120459575	0.0	0.0	0.0	0.0	0.0	0.0	1.5457077614306047E-4	0.0	0.0	0.0	0.021262196447531915
CAPAR1507861_acpa-rejette	acpa-rejette	0.0	0.0	0.0	0.0	0.0493979441500461	5.763200460471397E-4	0.0	0.0	0.0	0.0	0.0	0.0	0.0	0.0	0.0	0.0	0.0	0.043470190852040576	0.043470190852040576	0.0	0.0	0.0	0.0	0.0	0.0	0.04544610861804242	0.0	5.763200460471397E-4	0.0	0.0	0.0	0.0	0.0	0.0	0.043470190852040576	0.0	0.0	0.043470190852040576	0.0	0.0	0.0	0.0	3.253118889812247E-4	0.0	0.0	0.0	0.0	0.0	0.047422026384044254	0.0	0.0	0.0	0.0	0.0	0.0	0.0	0.04544610861804242	0.0	0.04544610861804242	0.0	0.0	0.0	0.0	0.0	0.0	0.043470190852040576	0.043470190852040576	0.0	0.0	0.0	0.0	0.0	0.0	0.043470190852040576	0.0	0.0	0.047422026384044254	0.043470190852040576	0.043470190852040576	0.043470190852040576	0.043470190852040576	0.0	0.043470190852040576	0.0	0.0	0.0	0.0	0.0	0.043470190852040576	0.0	0.0	9.525898198198833E-4	0.0	0.0	0.0	0.0	9.525898198198833E-4	0.0	0.043470190852040576	5.763200460471397E-4	0.0	0.0	0.0	0.0	0.0	0.0	0.043470190852040576	5.763200460471397E-4	0.0	0.0	0.0	0.0	0.0	0.0	0.0	0.043470190852040576	0.0	0.0	0.0	0.0	0.0	0.0	0.0	3.4009879302582583E-4	0.002305591836879381	0.0	0.0	0.0	0.0	0.0	0.043470190852040576	3.253118889812247E-4	0.0	0.0	0.043470190852040576	0.0	0.0	0.0	0.0	0.043470190852040576	0.043470190852040576	0.0	3.4009879302582583E-4	0.0	0.043470190852040576	0.043470190852040576	0.043470190852040576	0.04544610861804242	0.04544610861804242	0.0	0.0	9.525898198198833E-4	0.0	0.0	0.0	0.0	0.0	0.0	0.001479425791586822	0.0	0.0	0.04544610861804242	0.0	0.0	0.0	0.0	0.0	0.0	0.0	0.0	0.0	0.0	0.0	0.0	0.0	0.0	0.0	0.0	0.0	0.0	0.0	0.0	0.0	0.0	0.0	0.0	0.0	0.0	0.0	0.043470190852040576	0.0	0.0	0.0	0.043470190852040576	0.0	0.0	0.0	9.958893570844235E-4	9.525898198198833E-4	0.0	0.0	0.0	0.0	0.0	0.0	0.0	0.0	0.0	0.0	0.0	0.0	0.0	0.0	0.0	0.0	0.051373861916047946	0.047422026384044254	5.763200460471397E-4	0.04544610861804242	0.0	0.0	0.0	0.0	0.0	0.0	0.0	0.0	0.0	0.0	0.0	0.0	0.0	0.0	0.0	0.0	0.0	0.0	0.0	0.0	0.043470190852040576	0.0	0.0	0.0	0.0	0.0	0.0	0.0	0.0	0.0	0.0	0.0	0.0	0.0	0.0	0.0	0.0	0.0	0.0	0.0	0.0	0.0	0.0	0.0	0.0	0.0	5.763200460471397E-4	6.025164117765551E-4	0.0	0.043470190852040576	0.0	0.0	0.043470190852040576	0.0	0.0	0.0	0.0	0.0	0.0	0.0	0.0	0.0	0.0	0.0	0.0	0.0	0.0	0.0	6.025164117765551E-4	0.043470190852040576	0.0	0.0	0.0	0.0	0.0	0.043470190852040576	3.4009879302582583E-4	0.0	0.0	0.0	0.0
CAROU1501728_acpa-rejette	acpa-rejette	0.0	0.0	0.0	0.0	0.044610233626071805	0.0	0.044610233626071805	0.0	0.04295800275103211	0.0	0.0	3.214788973290854E-4	0.0	0.0	0.0	0.0	0.0	0.05121915712623058	0.049566926251190885	0.0	0.0	0.0	0.0	0.0	0.0	0.049566926251190885	0.0	0.0	0.0	0.0	0.0	0.0	0.0	0.0	0.0	0.0	0.0	0.0	0.0	0.0	0.0	0.0	3.214788973290854E-4	0.0	0.0	5.695295474509243E-4	0.0	0.0	0.05617584975134967	0.0	5.695295474509243E-4	0.0	0.0	0.0	0.0	0.0	0.049566926251190885	0.0	0.04791469537615119	0.0	0.0	0.0	0.0	0.0	0.0	0.0	0.044610233626071805	0.0	0.0	0.04295800275103211	0.0	0.0	0.0	0.0	0.0	0.0	0.04295800275103211	0.04295800275103211	0.0	0.0	0.0	0.0	0.049566926251190885	5.695295474509243E-4	0.0	0.0	0.0	0.0	0.0	0.0	0.0	0.0	0.0	5.695295474509243E-4	0.0	0.0	9.413659176172399E-4	5.789625500822397E-4	0.04295800275103211	0.0	0.0	0.0	0.04295800275103211	0.0	0.04295800275103211	0.0	0.0	0.0	0.0	0.0	0.0	0.0	0.04295800275103211	0.0	0.0	0.0	0.0	0.0	0.0	0.0	0.0	0.0	0.0	0.0	0.0	0.0	0.0	0.0	0.0	0.0	0.04295800275103211	0.0	0.0	0.0	0.0	0.0	0.04295800275103211	0.0	0.0	0.0	0.0	0.0	3.462080432774767E-4	0.04295800275103211	0.04295800275103211	0.04295800275103211	0.04295800275103211	0.04295800275103211	0.04295800275103211	0.0	0.0	0.0	0.0	0.0	0.0	0.0	0.0	0.0	0.0014619944375503296	0.0	0.044610233626071805	0.04295800275103211	0.0	0.0	0.0	0.0	0.0	0.0	0.0	0.0	0.0	0.0	0.0	5.695295474509243E-4	0.0	0.0	0.0	0.0	0.0	0.0	0.0	0.0	0.0	0.0	0.0	0.0	0.0	0.0	0.0	0.0	0.0	0.0	0.0	0.0	0.0	0.0	0.0	9.775722990640568E-4	9.413659176172399E-4	0.04295800275103211	0.0	0.0	0.04295800275103211	0.0	0.0	0.0	0.0	0.0	0.0	0.0	0.0	0.0	0.0	0.0	0.0	0.05121915712623058	0.044610233626071805	0.0	0.04791469537615119	0.0	0.0	0.0	0.0	0.0	0.0	0.0	0.04295800275103211	0.04295800275103211	0.0	0.0	0.0	0.0	5.695295474509243E-4	0.0	0.0	0.0	0.0	0.0	0.0	0.0	0.0	0.0	0.002278426170442551	0.0	0.0	0.0	0.0	0.0	0.0	0.0	0.0	0.0	0.0	0.0	0.0	0.0	0.0	0.0	0.0	0.0	0.0	0.0	0.0	0.0	0.04295800275103211	0.0	5.695295474509243E-4	0.0	0.0	0.0	0.0	0.0	0.0	0.0	0.0	0.0	0.0	0.0	0.0	0.0	0.0	0.0	0.0	0.0	0.0	0.04295800275103211	0.04295800275103211	5.695295474509243E-4	0.0	0.0	0.0	0.04295800275103211	5.695295474509243E-4	5.695295474509243E-4	0.0	0.0	0.0	0.0	0.04295800275103211	0.04295800275103211
CALYO1504370_acpa-rejette	acpa-rejette	0.0	0.0	0.0	0.0	0.04072369818639862	0.0	0.0	0.0	0.0	0.0	0.0	2.920600753872934E-4	0.0	0.0	0.0	0.0	0.03902687742863201	0.0	0.0	0.0	0.0	0.0	0.0	5.17411388261468E-4	0.0	0.04242051894416523	0.0	0.0	0.0	0.0	0.0	0.0	0.0	0.0	0.03902687742863201	0.0	0.0	0.0	0.0	0.0	0.0	0.03902687742863201	2.920600753872934E-4	0.0	0.0	0.0	0.0	0.0	0.04242051894416523	0.0	0.0	0.0	0.0	0.0	0.0	0.0	0.04242051894416523	0.0	0.04242051894416523	0.0	0.03902687742863201	0.03902687742863201	0.0	0.0	0.0	0.0	0.03902687742863201	0.0	0.0	0.0	0.0	0.0	0.0	0.0	0.0	0.0	0.0	0.0	0.0	0.0	0.0	0.0	0.03902687742863201	0.0	0.0	0.0	0.0	0.0	0.0	0.0	0.0	9.66771202377251E-4	0.0	0.0	0.0	0.0	8.552206790260296E-4	5.259811683699593E-4	0.03902687742863201	0.0	0.0	0.03902687742863201	0.0	0.0	0.03902687742863201	0.0	0.0	0.0	0.03902687742863201	0.0	0.0	0.0	0.0	0.0	0.0	0.03902687742863201	0.0	0.0	0.0	0.03902687742863201	0.0	0.0	0.0	3.3015486782911427E-4	0.0	0.0	0.03902687742863201	0.0	0.0	0.0	0.0	0.0	0.0	0.0	0.0	0.03902687742863201	0.0	0.03902687742863201	0.03902687742863201	0.0	0.0	0.0	2.920600753872934E-4	0.03902687742863201	0.0	0.0	0.0	0.0	0.0	0.0	0.0	0.0	0.0	0.0	0.0	0.0	0.0	0.0	0.0013282060166134625	0.0	0.0	0.0	0.04072369818639862	0.0	0.03902687742863201	0.0	0.03902687742863201	0.0	0.0	0.03902687742863201	0.0	0.0	0.0	0.0	0.03902687742863201	0.0	0.0	0.0	0.0	0.0	0.0	0.03902687742863201	0.0	0.0	0.0	0.0	0.0	0.03902687742863201	0.04242051894416523	0.0	0.03902687742863201	0.0	0.0	0.0	0.0	0.0	0.0	0.0	0.0	0.0	0.0	0.0	0.0	0.0	0.0	0.0	0.0	0.0	0.0	0.0	0.03902687742863201	0.0	0.0	0.0	0.0	0.04751098121746506	0.04072369818639862	0.0	0.04242051894416523	0.0	0.0	0.0	0.0	0.0	0.03902687742863201	0.03902687742863201	0.0	0.0	5.259811683699593E-4	0.0	0.0	0.0	0.0	0.03902687742863201	0.0	0.0	0.0	0.0	0.0	0.0	0.0	0.0	0.0	0.0	0.0	0.0	0.0	0.0	0.0	0.0	0.0	0.0	0.0	0.03902687742863201	0.0	0.0	0.0	0.03902687742863201	0.0	0.0	0.0	0.0	0.0	0.0	0.0	0.0	5.84899830208616E-4	0.0	0.0	0.0	0.0	0.0	0.0	0.04072369818639862	0.04072369818639862	0.0	0.0	0.0	0.0	0.0	0.0	0.0	0.0	0.0	0.03902687742863201	0.0	0.0	5.17411388261468E-4	0.03902687742863201	0.0	0.0	0.0	0.0	0.0	0.0	3.04758339534567E-4	0.03902687742863201	0.03902687742863201	0.0	0.0
CAAIX1416771_acpa-rejette	acpa-rejette	0.0	0.0	0.0	0.0	0.043733472860369806	0.0	0.0	0.0	0.0	0.041000130806596695	0.0	3.068270403175644E-4	0.0	0.041000130806596695	0.041000130806596695	0.0	0.0	0.043733472860369806	0.043733472860369806	0.0	0.0	0.041000130806596695	0.0	0.0	0.0	0.041000130806596695	0.0	0.0	0.0	0.0	0.0	0.0	0.0	0.0	0.0	0.041000130806596695	0.0	0.0	0.041000130806596695	0.0	0.0	0.0	3.068270403175644E-4	0.0	0.0	0.0	0.0	0.0	0.046466814914142916	0.0	0.0	0.0	0.0	0.0	0.0	0.0	0.041000130806596695	0.041000130806596695	0.0	0.0	0.0	0.0	0.0	0.0	0.0	0.0	0.041000130806596695	0.0	0.0	0.0	0.041000130806596695	0.0	0.0	0.0	0.0	0.0	0.0	0.0	0.0	0.0	0.0	0.0	0.043733472860369806	0.0	0.0	0.0	0.0	0.0	0.0	0.0	0.0	9.583592851928283E-4	0.0	0.0	3.068270403175644E-4	0.041000130806596695	0.0010182567405173802	6.262522448450021E-4	0.0	0.0	0.0	0.0	0.0	0.0	0.0	0.0	0.0	0.0	0.0	0.041000130806596695	0.0	0.0	0.041000130806596695	0.0	0.0	0.0	0.0	0.041000130806596695	0.041000130806596695	0.0	0.0	0.0	0.041000130806596695	0.0	0.0	0.0	0.0	0.0	0.041000130806596695	0.0	0.0	0.0	0.0	0.0	0.0	0.041000130806596695	0.041000130806596695	0.0	0.0	0.0	0.0	0.0	0.0	0.0	0.0	0.0	0.0	0.043733472860369806	0.043733472860369806	0.0	0.0	0.0	0.0	0.041000130806596695	0.041000130806596695	0.0	0.0	0.0	0.0015814102282379846	0.0	0.0	0.043733472860369806	0.0	0.0	0.0	0.0	0.0	0.0	0.0	0.0	5.525755101573548E-4	0.0	0.0	0.0	0.041000130806596695	0.0	0.0	0.041000130806596695	0.0	0.0	0.0	0.0	0.0	0.0	0.0	0.0	5.435724300089508E-4	0.0	0.0	0.0	0.0	0.0	0.0	0.0	0.0	0.0	0.0	0.0	0.0	0.0	0.0	0.0	0.0	0.0	0.0	0.0	0.0	0.041000130806596695	0.041000130806596695	0.0	0.0	0.0	0.0	0.0	0.0	0.043733472860369806	0.043733472860369806	0.0	0.0	0.0	0.0	0.0	0.0	0.0	0.0	0.0	0.041000130806596695	0.041000130806596695	0.0	0.0	0.0	0.041000130806596695	0.0	0.0	0.0	0.0	0.0	0.0	0.041000130806596695	0.041000130806596695	0.0	0.0	0.0	0.0	0.0	0.0	0.0	0.0	0.0	0.0	0.0	0.0	0.0	0.0	0.0	0.0	0.0	0.0	0.0	0.0	0.0	0.0	0.0	0.041000130806596695	0.0	0.0	5.798105920095474E-4	0.0	0.0	0.0	0.0	0.0	0.0	0.0	0.0	0.0	0.041000130806596695	0.0	0.0	0.0	0.0	0.0	0.0	0.0	0.0	0.0	0.0	5.798105920095474E-4	0.0	0.0	0.0	0.0	0.0	0.0	0.0	3.068270403175644E-4	0.041000130806596695	0.0	0.0	0.0
CAROU1501321_acpa-rejette	acpa-rejette	0.0	0.0	0.0	0.0	0.021269592392480916	0.0	0.0	0.021269592392480916	0.0	0.0	0.0	0.0	0.0	0.0	0.021269592392480916	0.0	0.021269592392480916	0.021712708900657605	0.021712708900657605	0.021269592392480916	0.0	0.0	0.0	0.0	0.0	0.02215582540883429	0.0	0.0	0.021269592392480916	0.0	0.0	0.0	0.0	0.0	0.0	0.0	0.021269592392480916	0.0	0.0	0.0	0.021269592392480916	0.0	0.0	0.021269592392480916	0.0	0.0	0.021712708900657605	0.0	0.023928291441541034	0.021269592392480916	0.0	0.0	0.0	0.0	0.0	0.0	0.02215582540883429	0.021269592392480916	0.021712708900657605	0.0	0.0	0.021269592392480916	0.0	0.021269592392480916	0.021269592392480916	0.0	0.02215582540883429	0.0	0.0	0.0	0.021269592392480916	0.0	0.021269592392480916	0.021269592392480916	0.021269592392480916	0.0	0.0	0.0	0.021712708900657605	0.021712708900657605	0.021712708900657605	0.0	0.02259894191701097	0.0	0.0	0.0	0.0	0.02259894191701097	0.021712708900657605	0.0	0.021269592392480916	4.758043398033089E-4	0.0	0.0	1.6248841352949355E-4	0.0	4.8551463245235604E-4	2.9860310899969364E-4	0.0	0.0	0.021269592392480916	0.021269592392480916	0.0	0.0	0.021269592392480916	0.0	0.021269592392480916	0.0	0.0	0.0	0.0	0.021712708900657605	0.0	0.0	0.0	0.0	0.021269592392480916	0.021269592392480916	0.021269592392480916	0.021269592392480916	0.021712708900657605	0.021269592392480916	0.0	0.0	0.0	0.0	0.0	0.0	0.0	0.021269592392480916	0.021269592392480916	0.0	0.0	0.0	0.0	0.0	0.0	0.0	0.021712708900657605	0.0	0.0	0.0	0.0	0.0	0.0	0.0	0.0	0.0	0.0	0.0	0.0	0.0	0.0	0.0	0.0	0.021269592392480916	0.021269592392480916	0.021269592392480916	7.540316456233233E-4	0.021269592392480916	0.0	0.0	0.0	0.0	0.0	0.0	0.0	0.021712708900657605	0.0	0.0	0.0	0.0	0.021269592392480916	0.0	0.021269592392480916	0.0	0.0	0.0	0.0	0.0	0.0	0.0	0.0	0.0	0.0	0.021269592392480916	0.0	0.0	0.0	0.0	0.0	0.0	4.660940471542618E-4	0.0	2.866589846397059E-4	0.0	0.0	5.146455103994974E-4	4.8551463245235604E-4	0.0	0.021712708900657605	0.021269592392480916	0.021269592392480916	0.021712708900657605	0.02215582540883429	0.0	0.021269592392480916	0.021712708900657605	0.0	0.021269592392480916	0.0	0.0	0.0	0.0	0.021269592392480916	0.0248145244578944	0.021269592392480916	0.0	0.021712708900657605	0.021269592392480916	0.0	0.0	0.0	0.0	0.0	0.0	0.0	0.0	2.9860310899969364E-4	0.021269592392480916	0.0	0.021269592392480916	0.0	0.0	0.021269592392480916	0.0	0.0	0.0	0.0	0.0	0.0	0.0	0.0	0.021712708900657605	0.0	0.021269592392480916	0.021269592392480916	0.021269592392480916	0.0	0.0	0.021269592392480916	0.0	2.8198846673485617E-4	0.0	0.021712708900657605	0.021712708900657605	0.0	0.0	0.0	0.0	0.0	0.0	0.0	0.0	0.021269592392480916	0.0	2.996127459057847E-4	0.0	0.021269592392480916	0.0	0.0	0.0	0.021269592392480916	0.0	0.0	0.021269592392480916	0.021269592392480916	0.021269592392480916	0.021269592392480916	0.0	0.0	0.0	0.0	0.0	0.0	0.021269592392480916	0.0	2.996127459057847E-4	0.0	0.021269592392480916	0.021269592392480916	0.0	0.0	0.0	0.0	1.6580450360152398E-4	0.0	0.0	0.021269592392480916	0.021712708900657605
CAVER1501683_acpa-rejette	acpa-rejette	0.0	0.040226841481465686	0.0	0.0	0.040226841481465686	0.0	0.0	0.0	0.0	0.040226841481465686	0.0	0.0	0.0	0.0	0.0	0.0	0.0	0.04372482769724532	0.04372482769724532	0.0	0.0	0.0	0.0	0.0	0.0	0.040226841481465686	0.0	0.0	0.0	0.0	0.0	0.0	0.0	0.0	0.0	0.040226841481465686	0.0	0.0	0.0	0.040226841481465686	0.040226841481465686	0.0	0.0	0.0	0.0	0.0	0.0	0.0	0.04722281391302494	0.0	0.0	0.0	0.0	0.0	0.0	0.0	0.0419758345893555	0.0	0.0419758345893555	0.0	0.0	0.0	0.0	0.0	0.0	0.0	0.0419758345893555	0.0	0.0	0.0	0.0	0.0	0.0	0.0	0.0	0.0	0.0	0.0	0.0	0.0	0.0	0.0	0.0419758345893555	0.0	0.0	0.0	0.040226841481465686	0.0	0.0	0.040226841481465686	0.0	8.815162511980003E-4	0.0	0.0	3.0104008134276676E-4	0.040226841481465686	9.19843044728348E-4	5.657254685822109E-4	0.0	0.0	0.0	0.0	0.0	0.0	0.0	0.040226841481465686	0.0	0.0	0.0	0.040226841481465686	0.040226841481465686	0.0	0.0	0.0	0.0	0.0	0.0	0.0	0.0	0.0	0.0	0.0	0.040226841481465686	3.141287805315827E-4	0.0	0.0	0.0	0.0	0.040226841481465686	0.040226841481465686	0.0	3.0104008134276676E-4	5.333202978988305E-4	0.0	0.0	0.0	0.0	0.0	0.0	0.0	0.0	0.0	3.141287805315827E-4	0.0	0.0	0.0	0.0	0.040226841481465686	0.040226841481465686	0.0	0.040226841481465686	0.0	0.0	0.0	0.0	0.0	0.0	0.0	0.0014285682003615972	0.0	0.040226841481465686	0.040226841481465686	0.0	0.0	0.040226841481465686	0.0	0.0	0.0	0.0	0.0	5.421535740579521E-4	0.0	0.040226841481465686	0.0	0.0	0.0	0.0	0.040226841481465686	0.0	0.0	0.0	0.0	0.0	0.0	0.0	0.0	0.0	0.040226841481465686	0.0	0.0	0.0	0.0	0.0	0.0	0.0	0.0	0.0	9.19843044728348E-4	8.815162511980003E-4	0.0	0.0	0.0	0.0	0.0	0.040226841481465686	0.0	0.0	0.0419758345893555	0.040226841481465686	0.0	0.0	0.0	0.0	0.0	0.0	0.04547382080513513	0.040226841481465686	0.0	0.0419758345893555	0.0	0.0	0.0	0.0	0.0	0.040226841481465686	0.0	0.0	0.0	0.0	0.0	0.0	0.040226841481465686	0.0	0.0	0.0	0.040226841481465686	0.040226841481465686	0.0	0.0	0.040226841481465686	0.0	0.0	0.0	0.0	0.0	0.0	0.0	0.0	0.0	0.0	0.0	0.0	0.0	0.0	0.0	0.0	0.0	0.0	0.0	0.0	0.0	0.0	0.0	0.0	0.0	0.0	5.333202978988305E-4	0.0	0.0	0.0	0.0	0.0	0.0	0.0	0.0	0.0	0.040226841481465686	0.040226841481465686	0.0	0.0	0.0	0.0	0.0	0.0	0.0	0.0	0.0	5.333202978988305E-4	0.040226841481465686	0.0	0.0	0.0	0.0	0.0	0.0	0.0	0.0	0.0	0.0	0.0
CAFOR1400518_acpa-rejette	acpa-rejette	0.0	0.06012850043875087	0.05550323117423158	0.05781586580649123	0.0	0.0	0.0	0.0	0.0	0.0	0.0	0.0	0.0	0.0	0.0	0.0	0.0	0.05781586580649123	0.05781586580649123	0.0	0.0	0.0	0.0	0.0	0.0	0.06012850043875087	0.0	0.0	0.0	0.0	0.0	0.0	0.0	0.0	0.0	0.0	0.0	0.0	0.05781586580649123	0.0	0.0	0.0	0.0	0.0	0.0	0.0	0.0	0.0	0.06475376970327018	0.0	0.0	0.0	0.0	0.0	0.0	0.0	0.05781586580649123	0.0	0.05781586580649123	0.0	0.0	0.0	0.0	0.0	0.05781586580649123	0.0	0.05550323117423158	0.0	0.0	0.0	0.05550323117423158	0.05550323117423158	0.0	0.0	0.05550323117423158	0.05781586580649123	0.0	0.0	0.06012850043875087	0.06012850043875087	0.06012850043875087	0.0	0.05781586580649123	0.0	0.0	0.0	0.0	0.0	0.0	0.0	0.0	0.0	0.0	0.0	0.0	0.0	0.0012669556795550788	7.792080394551047E-4	0.0	0.0	0.0	0.0	0.05550323117423158	0.05550323117423158	0.05550323117423158	0.0	0.0	0.0	0.0	0.0	0.0	0.05550323117423158	0.0	0.0	0.0	0.0	0.0	0.05550323117423158	0.05550323117423158	0.0	0.05550323117423158	0.0	0.0	4.499753894781954E-4	0.0	0.0	0.0	0.0	0.05550323117423158	0.0	0.0	0.0	0.0	0.0	0.0	0.0	0.05550323117423158	0.0	0.0	0.0	0.0	0.0	0.0	0.0	0.0	0.0	0.0	0.0	0.0	7.358519509374692E-4	0.0	0.0	0.0	0.0	0.0	0.0	0.0	0.0	0.0019676537268533893	0.0	0.0	0.0	0.0	0.0	0.0	0.0	0.0	0.0	0.0	0.0	0.0	0.0	0.0	0.0	0.0	0.0	0.0	0.0	0.0	0.0	0.0	0.0	7.358519509374692E-4	7.358519509374692E-4	0.0	0.0	0.0	0.0	0.0	0.0	0.0	0.0	0.0	0.0	0.0	0.0	0.0	0.0	0.0	0.0	0.0	0.0	0.0	0.0	0.0	0.0	0.0	0.0	0.0	0.0	0.0	0.0	0.0	0.0	0.0	0.06475376970327018	0.0	0.0	0.06012850043875087	0.0	0.0	0.0	0.0	0.0	0.0	0.0	0.0	0.0	0.0	0.0	0.0	0.0	0.0	0.0	0.0	0.0	0.0	0.05550323117423158	0.0	0.0	0.0	0.0	0.0	0.0	0.0	0.0	0.0	0.0	0.0	0.0	0.0	0.0	0.0	0.0	0.0	0.0	0.0	0.0	0.0	0.0	0.0	0.0	0.0	0.0	0.0	0.0	7.665124488931971E-4	0.0	0.0	0.0	0.0	0.0	0.0	0.0	0.0	0.0	0.0	0.0	0.0	0.0	0.0	0.0	0.0	0.0	0.0	0.0	0.0	7.665124488931971E-4	0.0	0.0	0.0	0.0	0.0	0.0	0.0	4.32668643729034E-4	0.0	0.0	0.0	0.0
CAPAR1411380_acpa-rejette	acpa-rejette	0.0	0.06293344410689052	0.06293344410689052	0.0	0.06293344410689052	0.0	0.06293344410689052	0.0	0.0	0.0	0.0	0.0	0.0	0.0	0.0	0.0	0.0	0.06922678851757957	0.06922678851757957	0.0	0.0	0.0	0.06293344410689052	0.0	0.0	0.06922678851757957	0.0	0.0	0.0	0.06293344410689052	0.06293344410689052	0.0	0.0	0.0	0.0	0.0	0.0	0.0	0.06293344410689052	0.0	0.0	0.0	0.0	0.0	0.0	0.0	0.0	0.0	0.08181347733895768	0.0	0.0	0.0	0.0	0.0	0.0	0.0	0.06922678851757957	0.0	0.06922678851757957	0.0	0.0	0.0	0.0	0.0	0.0	0.0	0.06293344410689052	0.0	0.0	0.0	0.0	0.0	0.0	0.0	0.0	0.0	0.0	0.0	0.0	0.0	0.0	0.0	0.06922678851757957	0.0	0.0	0.0	0.0	0.0	0.0	0.0	0.0	0.0	0.0	0.0	4.7096636065369003E-4	0.0	0.0	0.0	0.0	0.0	0.0	0.0	0.0	0.0	0.06293344410689052	0.0	0.0	0.0	0.0	0.0	0.0	0.0	0.0	0.0	0.0	0.0	0.0	0.0	0.0	0.0	0.0	0.0	0.0	0.0	0.0	0.0	0.0	0.0	0.0	0.0	0.0	0.0	0.0	0.0	0.0	0.0	0.0	0.0	0.0	0.0	0.0	0.0	0.0	0.0	0.0	0.0	0.0	0.0	0.0	0.0	0.0	0.0	0.0	0.0	0.0	0.0	0.0	0.0	0.0	0.0	0.0	0.0	0.0	0.0	0.0	0.0	0.0	0.0	0.0	0.0	0.0	0.0	0.06293344410689052	0.0	0.06293344410689052	0.06293344410689052	0.0	0.0	0.0	0.0	0.0	0.0	0.0	0.0	0.0	0.0	0.0	0.0	0.0	0.0	0.0	0.0	0.0	0.0	0.0	0.0	0.0	0.0015170104549374144	0.0013791004135794674	0.06293344410689052	0.0	0.0	0.0	0.0	0.0	0.0	0.0	0.0	0.0	0.0	0.0	0.0	0.0	0.0	0.0	0.07552013292826862	0.06293344410689052	0.0	0.06922678851757957	0.0	0.0	0.0	0.0	0.0	0.0	0.0	0.0	0.0	0.0	0.0	0.0	0.0	0.0	0.0	0.0	0.0	0.0	0.0	0.0	0.0	0.0	0.0	0.0	0.0	0.0	0.0	0.0	0.0	0.0	0.0	0.0	0.0	0.0	0.0	0.0	0.0	0.0	0.0	0.0	8.343603902968754E-4	8.343603902968754E-4	8.343603902968754E-4	0.0	0.0	0.0	0.0	0.0	0.0	0.0	0.0	0.0	0.0	0.0	0.0	0.0	0.0	0.06293344410689052	0.06293344410689052	0.0	0.0	0.0	0.0	0.0	0.0	0.0	0.0	0.0	0.0	0.0	0.0	0.0	0.0	0.0	0.0	0.0	0.0	0.0	0.0	0.0	0.0
CALYO1406491_acpa-rejette	acpa-rejette	0.0	0.028911885225545976	0.0	0.028911885225545976	0.03068200064751818	0.0	0.0	0.0	0.0	0.0	0.0	0.0	0.0	0.0	0.028911885225545976	0.0	0.0	0.028911885225545976	0.028911885225545976	0.0	0.0	0.028911885225545976	0.0	0.0	0.0	0.033632193017471855	0.028911885225545976	0.0	0.028911885225545976	0.0	0.0	0.0	0.0	0.0	0.0	0.0	0.028911885225545976	0.0	0.0	0.0	0.0	0.0	2.1636389931536766E-4	0.0	3.833086236315456E-4	0.0	0.0	0.0	0.034222231491462585	0.0	0.0	0.0	0.028911885225545976	0.0	0.028911885225545976	0.0	0.03245211606949038	0.0	0.03245211606949038	0.028911885225545976	0.0	0.0	0.028911885225545976	0.0	0.028911885225545976	0.0	0.0	0.0	0.0	0.0	0.0	0.0	0.0	0.0	0.0	0.0	0.0	0.0	0.0	0.0	0.0	0.0	0.03009196217352745	0.0	0.0	0.029501923699536716	0.0	0.0	0.0	0.0	0.0	6.335644495189317E-4	0.0	0.0	0.0	0.0	0.0	0.0	0.0	0.0	0.028911885225545976	0.0	0.0	0.0	0.0	0.0	0.0	0.0	0.0	0.0	0.0	0.0	0.029501923699536716	0.0	0.028911885225545976	0.0	0.0	0.0	0.0	0.0	0.0	0.0	0.0	0.0	0.0	0.0	0.0	0.0	0.0	0.0	0.029501923699536716	2.1636389931536766E-4	0.0	0.0	0.0	0.0	0.0	0.0	0.0	0.0	0.0	0.028911885225545976	2.1636389931536766E-4	0.028911885225545976	0.028911885225545976	0.028911885225545976	0.028911885225545976	0.028911885225545976	0.028911885225545976	0.0	0.0	0.0	0.0	0.0	0.0	0.0	0.0	0.0	9.839613732467165E-4	0.028911885225545976	0.0	0.028911885225545976	0.0	0.0	0.0	3.833086236315456E-4	0.0	0.0	0.0	0.0	0.0	0.0	0.0	0.0	0.0	0.0	0.028911885225545976	0.0	0.0	0.0	0.0	0.0	0.0	0.0	0.0	0.0	0.0	0.0	0.0	0.0	0.0	0.0	0.0	0.0	3.8965728678959496E-4	0.0	0.0	6.982138831433126E-4	6.594242229686841E-4	0.0	0.028911885225545976	0.0	0.0	0.0	0.0	0.0	0.0	0.029501923699536716	0.0	0.028911885225545976	0.0	0.0	0.0	0.028911885225545976	0.0	0.03599234691343479	0.029501923699536716	0.0	0.033632193017471855	0.0	0.0	0.0	0.028911885225545976	0.0	0.0	0.0	0.028911885225545976	0.0	0.0	0.0	0.0	0.0	0.0	0.0	0.0	0.028911885225545976	0.0	0.0	0.0	0.029501923699536716	0.028911885225545976	0.028911885225545976	0.0	0.028911885225545976	0.028911885225545976	0.0	0.028911885225545976	0.028911885225545976	0.0	0.028911885225545976	0.028911885225545976	0.028911885225545976	0.0	0.0	0.0	0.0	0.0	0.0	0.0	0.0	0.0	0.0	0.0	0.0	0.0	0.0	4.067764985477626E-4	0.028911885225545976	0.028911885225545976	0.0	0.0	0.028911885225545976	0.0	0.028911885225545976	0.0	0.0	0.0	0.0	0.0	0.028911885225545976	0.028911885225545976	0.028911885225545976	0.028911885225545976	0.028911885225545976	0.0	0.0	0.0	4.2242174849190737E-4	0.03068200064751818	0.0	0.0	0.0	0.0	0.0	0.0	0.0	0.0	0.0	0.0	0.0
CAPAR1305040_acpa-rejette	acpa-rejette	0.01499833240704174	0.0	0.0	0.0	0.015049347143120114	0.0	0.014182096629787769	0.014131081893709395	0.0	0.0	0.014131081893709395	1.0651437810038286E-4	4.8092466600242376E-4	0.014131081893709395	0.014335140838022889	0.014131081893709395	0.014131081893709395	0.014335140838022889	0.014233111365866141	0.0	0.014131081893709395	0.014131081893709395	0.014233111365866141	0.0	0.0	0.014947317670963368	0.0	0.0	0.014131081893709395	0.014182096629787769	0.0	0.014131081893709395	0.014233111365866141	0.0	0.014131081893709395	0.0	0.014131081893709395	0.014182096629787769	0.014131081893709395	0.014233111365866141	0.014131081893709395	0.014284126101944515	1.0842323792297035E-4	0.0	0.0	0.0	0.014386155574101262	0.014182096629787769	0.014437170310179633	0.014131081893709395	0.0	1.8734736627677362E-4	0.0	1.8734736627677362E-4	0.0	0.0	0.014794273462728246	0.0	0.014284126101944515	0.014131081893709395	0.014131081893709395	0.0	0.014182096629787769	0.014131081893709395	0.0	0.0	0.014182096629787769	0.0	0.014131081893709395	0.0	0.0	0.0	0.0	0.0	0.0	0.014131081893709395	0.0	0.0	0.0	0.0	0.0	0.0	0.014641229254493127	0.0	0.0	0.014437170310179633	0.0	0.014182096629787769	0.014182096629787769	0.0	0.014131081893709395	3.174887736220781E-4	1.8734736627677362E-4	0.0	1.0651437810038286E-4	0.0	3.2755003757489054E-4	2.01451105765441E-4	0.014794273462728246	0.0	0.014131081893709395	0.0	0.014131081893709395	0.014131081893709395	0.014182096629787769	0.014131081893709395	0.0	0.0	0.0	0.0	0.0	0.014182096629787769	0.0	0.0	0.014131081893709395	0.0	0.014131081893709395	0.0	0.0	0.014284126101944515	0.014131081893709395	0.0	0.0	0.0	0.0	0.0	0.0	0.0	0.0	0.0	0.0	1.0689615006490035E-4	0.0	0.0	0.014182096629787769	0.014182096629787769	0.0	0.014182096629787769	0.014131081893709395	0.014182096629787769	0.014182096629787769	0.014182096629787769	0.0	0.0	0.014131081893709395	0.014131081893709395	0.0	0.014131081893709395	0.0	0.0	0.0	3.0966334610322416E-4	0.014131081893709395	0.014131081893709395	0.014131081893709395	0.014182096629787769	0.014131081893709395	0.014233111365866141	5.156484686018768E-4	0.0	0.0	0.0	0.014131081893709395	0.014335140838022889	0.014335140838022889	0.0	0.0	0.014131081893709395	0.0	0.014131081893709395	1.904503627884886E-4	4.8092466600242376E-4	0.0	0.0	0.014131081893709395	0.0	0.014131081893709395	0.0	0.0	4.826608561323964E-4	1.8734736627677362E-4	0.014335140838022889	0.0	0.0	0.014386155574101262	0.014131081893709395	0.0	0.014233111365866141	0.0	0.014182096629787769	0.014233111365866141	0.0	3.0966334610322416E-4	0.014233111365866141	1.904503627884886E-4	0.014233111365866141	0.0	3.309037922258279E-4	3.1972461005603647E-4	0.014131081893709395	0.0	0.0	0.014233111365866141	0.0	0.014131081893709395	0.014182096629787769	0.014131081893709395	0.014641229254493127	0.0	0.0	0.014335140838022889	0.014182096629787769	0.014131081893709395	0.0	0.014131081893709395	0.014641229254493127	0.014182096629787769	0.0	0.014284126101944515	0.014131081893709395	1.8734736627677362E-4	1.8734736627677362E-4	0.0	0.0	0.0	0.0	0.014182096629787769	0.0	1.9938846645726243E-4	0.014335140838022889	4.8092466600242376E-4	0.014131081893709395	0.0	0.014233111365866141	0.0	0.014233111365866141	0.0	0.014131081893709395	0.014131081893709395	0.0	0.0	0.0	0.0	0.014233111365866141	0.014233111365866141	0.014131081893709395	0.0	0.0	1.8734736627677362E-4	0.01484528819880662	0.0	0.014131081893709395	0.0	0.0	0.014131081893709395	0.014131081893709395	0.014896302934884994	0.014182096629787769	0.014131081893709395	0.0	0.0	0.0	0.014131081893709395	0.014182096629787769	0.014131081893709395	0.0	1.934344648200623E-4	0.014233111365866141	0.014131081893709395	0.0	1.887000548419489E-4	0.0	0.014437170310179633	0.014386155574101262	0.014182096629787769	0.014131081893709395	0.0	0.0	0.0	0.014131081893709395	0.014131081893709395	0.014131081893709395	0.014131081893709395	0.014131081893709395	0.014182096629787769	0.014233111365866141	0.014131081893709395	2.1304844901510358E-4	0.014233111365866141	0.014233111365866141	0.0	0.014233111365866141	0.0	0.0	0.014182096629787769	1.0651437810038286E-4	0.0	0.014131081893709395	0.0	0.0
CANIM1601140_acpa-rejette	acpa-rejette	0.0	0.0	0.0	0.0	0.04117788419033107	0.0	0.0	0.0	0.0	0.0	0.0	0.0	0.0	0.0	0.0	0.04117788419033107	0.0	0.04475856977209898	0.04475856977209898	0.04117788419033107	0.0	0.0	0.0	0.0	0.0	0.042968226981215024	0.0	0.0	0.0	0.04117788419033107	0.0	0.04117788419033107	0.0	5.45929052703512E-4	0.0	0.0	0.0	0.0	0.0	0.0	0.0	0.0	0.0	0.04117788419033107	0.0	0.0	0.0	0.0	0.048339255353866906	0.0	0.0	0.0	0.04117788419033107	0.0	0.0	0.0	0.042968226981215024	0.0	0.042968226981215024	0.0	0.0	0.0	0.0	0.0	0.0	0.0	0.04117788419033107	0.0	0.0	0.0	0.04117788419033107	0.04117788419033107	0.0	0.0	0.0	0.04117788419033107	0.0	0.0	0.04117788419033107	0.04117788419033107	0.04117788419033107	0.0	0.042968226981215024	0.0	0.042968226981215024	0.0	0.0	0.0	0.0	0.0	0.0	9.808228829664319E-4	0.0	0.0	3.081572688696371E-4	0.0	0.0	0.0	0.0	0.0	0.04117788419033107	0.0	0.0	0.0	0.0	0.0	0.0	0.0	0.0	0.0	0.0	0.04117788419033107	0.0	0.0	0.0	0.0	0.0	0.0	0.0	0.0	0.0	0.0	0.0	0.0	0.0	0.0	0.0	0.0	0.0	0.0	0.04117788419033107	0.0	0.0	0.0	0.0	0.0	0.0	0.0	0.0	0.0	0.0	0.0	3.081572688696371E-4	0.0	0.0	0.0	0.0	0.04117788419033107	0.04117788419033107	0.0	0.0	0.0	0.0	0.0	0.0	0.0	0.0	0.0	0.0	0.0	0.0	0.04117788419033107	0.0	0.04117788419033107	0.04117788419033107	0.0	0.0	0.0	0.0	0.0	0.0	0.0	0.04117788419033107	0.0	0.0	0.0	0.0	0.0	0.0	0.0	0.0	0.0	0.0	0.0	0.04117788419033107	0.0	0.0	0.0	0.0	0.0	0.0	0.0	0.0	0.0	5.549711651166656E-4	0.04117788419033107	0.0	9.415899676477746E-4	9.023570523291173E-4	0.0	0.0	0.0	0.0	0.04117788419033107	0.04117788419033107	0.0	0.0	0.0	0.0	0.0	0.0	0.0	0.0	0.0	0.0	0.04475856977209898	0.04117788419033107	0.0	0.042968226981215024	0.0	0.0	0.0	0.0	0.0	0.0	0.04117788419033107	0.0	0.0	0.0	0.0	0.0	0.0	0.0	0.0	0.0	0.0	0.0	0.0	0.0	0.04117788419033107	0.04117788419033107	0.04117788419033107	0.0	0.0	0.0	0.0	0.0	0.0	0.0	0.0	0.0	0.0	0.0	0.0	0.0	0.0	0.0	0.0	0.0	0.0	0.0	0.0	0.0	0.0	0.0	0.0	6.171371900126658E-4	0.0	0.0	0.04117788419033107	0.0	0.0	0.0	0.0	0.0	0.0	0.0	0.0	0.0	0.0	0.0	0.0	0.0	0.0	0.0	0.0	0.0	5.696650984732299E-4	0.04117788419033107	0.0	0.04117788419033107	0.0	0.0	0.0	0.0	0.0	0.0	0.0	0.0	0.0
CAPAR1507851_acpa-rejette	acpa-rejette	0.0	0.0	0.0	0.0	0.0827357851989803	0.0	0.0	0.0	0.0	0.0	0.0	0.0	0.0	0.0	0.0	0.0	0.0	0.0827357851989803	0.0827357851989803	0.0	0.0	0.0	0.0	0.0	0.0	0.0827357851989803	0.0	0.0	0.0	0.0	0.0	0.0	0.0	0.0	0.0	0.0	0.0	0.0	0.0	0.0	0.0	0.0	0.0	0.0	0.0	0.0	0.0	0.0	0.10341973149872537	0.0	0.0	0.0	0.0	0.0	0.0	0.0	0.0827357851989803	0.0	0.0827357851989803	0.0	0.0	0.0	0.0	0.0	0.0	0.0	0.0827357851989803	0.0	0.0	0.0	0.0	0.0	0.0	0.0	0.0	0.0	0.0	0.0	0.0	0.0	0.0	0.0	0.0	0.0	0.0	0.0	0.0	0.0	0.0	0.0	0.0	0.0	0.0	0.0	0.0	0.0	0.001813041653845271	0.0	0.0	0.0	0.0	0.0	0.0	0.0	0.0	0.0	0.0	0.0	0.0	0.0	0.0	0.0	0.0	0.0	0.0	0.0	0.0	0.0	0.0	0.0	0.0	0.0	0.0	7.739480216752283E-4	0.00438817836392408	0.0	0.0	0.0	0.0	0.0	0.0	0.0	0.0	0.0	0.0	0.0	0.0	0.0	0.0	0.0	0.0	0.0	6.191584173401828E-4	0.0	0.0827357851989803	0.0827357851989803	0.0827357851989803	0.0827357851989803	0.0827357851989803	0.0	0.0	0.0	0.0	0.0	0.0	0.0	0.0	0.0	0.0028157560873651637	0.0	0.0	0.0827357851989803	0.0	0.0	0.0	0.0	0.0	0.0	0.0	0.0	0.0	0.0	0.0	0.0	0.0	0.0	0.0	0.0	0.0	0.0	0.0	0.0	0.0	0.0	0.0	0.0	0.0	0.0	0.0	0.0	0.0	0.0	0.0	0.0	0.0	0.0	0.0	0.0	0.0	0.0	0.0	0.0	0.0	0.0	0.0	0.0	0.0	0.0	0.0	0.0	0.0	0.0	0.0	0.0	0.0	0.10341973149872537	0.0827357851989803	0.0	0.0827357851989803	0.0	0.0	0.0	0.0	0.0	0.0	0.0	0.0	0.0	0.0	0.0	0.0	0.0	0.0	0.0	0.0	0.0	0.0	0.0	0.0	0.0	0.0	0.0	0.0	0.0	0.0	0.0	0.0	0.0	0.0	0.0	0.0	0.0	0.0010968963006838118	0.0	0.0	0.0	0.0	0.0	0.0	0.0	0.0	0.0	0.0	0.0	0.0	0.0	0.0	0.0	0.0	0.0	0.0	0.0	0.0	0.0	0.0	0.0	0.0	0.0	0.0	0.0	0.0	0.0	0.0	0.0	0.0	0.0	0.0	0.0010968963006838118	0.0	0.0	0.0	0.0	0.0	0.0	0.0	6.191584173401828E-4	0.0	0.0	0.0	0.0
