@id	@sens-resultat	absence	abus	abus de droit	abus de procédure	abusif ainsi	abusif considérant	abusif en application	abusif pouvoir	accord	accorder	action	action en justice	affaire	agir	agir en justice	allocation	allouer	alléguer	alors	août	appelant	appeler	appréciation	argument	arrêt	assignation	assurance	aucun	autre	autre demande	autre part	avant	avril	bien	blâmable	cadre	caractère abusif	caractériser	cas	cause de appel	causer	celui	cesser	chacun	charge de monsieur	chef	circonstance	civil ainsi	civil attendu	civil condamner	civil devoir	civil disposer	civil dit	civil outre	code civil	commerce	complémentaire	compte	compter	conclusion	condamnation de monsieur	condamne	condamner à verser	confirmation	confirme	confirmer	confirmer le décision	confirmer le jugement	considérer	constituer	conséquence	contraindre	contraindre de exposer	convenir	convenir convier	convier	cour de appel	demande de condamnation	demande de dommages	demande en dommages	demande reconventionnel	depuis	dernier	dette	deux an	devoir	disposer que celui	dispositif	disposition	dol	dommage	dommage et intérêt	donc	donner au litige	dont	débat	déboute	déboute madame	débouter	déclarer	défendre	défense	déférer	dégénérer	dégénérer en abus	démontrer	dépens de appel	dépourvue	encontre	engager	ensemble	entier	entier dépens	entre	entreprendre	entreprendre en tout	erreur	euro	euro au titre	euro en application	euro par application	euro sans préjudice	exercice	exigence	exposer	faire	faire application	faire droit	faire valoir	fait	faute	financier	fixer	foi fois	fois	fond	fondement	fonder	frai	frai frais	frai frais irrépétibles	frais	frais irrépétibles	français	grossier	hauteur	ii	infirmer	intention	interjeter	interjeter appel	intervenir	intérêt	invoquer	irrecevable	irrépétibles	janvier	jour	juge	jugement	jugement du tribunal	jugement déférer	jugement entreprendre	juridiction	justement	justice	justice de manière	justifier	laisser	lieu	lieu à application	légal	légal à compter	légèreté blâmable	mai	manifestement	manière	mars	mauvais	maximum	mensuel	mille	mille euro	mois	moyen	méprendre	nature	ni	nouveau	obligation	observer	obtenir	organisme	outre	part	particulier	payer	payer payer	payer un amende	payer à monsieur	penser	percevoir	pierre	pièce	plus	porter	pouvoir	pouvoir donner	pouvoir être reprocher	premier instance	premier juge	prendre	prendre en charge	preuve	priver	procédure abusif ainsi	procédure abusif considérant	procédure civil ainsi	procédure civil condamner	procédure civil disposer	procédure civil dit	procédure civil outre	procédure de appel	produire	prononcer	prononcer un amende	préjudice	préjudice du dommages	préjudice subir	présent	présenter	prétention	public	période	qualité pour solliciter	raison	reconventionnel	recours	recouvrement	rejeter	rejette	rejette le demande	rejeté le demande	relation	relation contractuel	reprise	reprocher	reprocher à monsieur	revêtir	rupture	réclame	référer	régler un amende	régulier	réparation	réparation du préjudice	sarl	savoir	selon	sen	sen sens	sens	seulement	si	solliciter	solution	somme	somme suivant	sommer	sorte	soustraire	statuer	subir	suivant	suivant du code	suivre	supporter	supporter le dépens	tant	tau	tau taux	tau taux légal	taux	taux légal	tel	terme	texte	titre	titre de dommages	tort	tout son disposition	toutefois	trésor	trésor public	valoir	verser	verser le somme	viser	vocation	voir
CAPAR1415151_acpa-accepte	acpa-accepte	0.0	0.0	0.0	0.0	0.0	0.05576232796405764	0.0	0.0	0.0	0.0	0.0	0.0	0.0	0.037995621862273544	0.08572968496132546	0.0	0.0	0.0	0.0	0.0	0.0	0.0	0.0	0.0	0.13057200193977264	0.0	0.0	0.0	0.0	0.0	0.0	0.0	0.05576232796405764	0.0	0.0	0.0	0.0	0.0	0.0	0.0	0.0	0.0	0.0	0.0	0.0	0.0	0.0	0.0	0.0	0.0	0.0	0.0	0.0	0.0	0.0	0.0	0.0	0.0	0.0	0.0	0.0	0.13801080742752533	0.0	0.0	0.0	0.0	0.0	0.0	0.0	0.0	0.0	0.0	0.0	0.0	0.0	0.0	0.0	0.0	0.0	0.0	0.0	0.0	0.0	0.0	0.0	0.06701797757121644	0.0	0.05576232796405764	0.0	0.0	0.0	0.0	0.0	0.05576232796405764	0.0	0.0	0.0	0.0	0.0	0.0	0.0	0.0	0.0	0.0	0.0	0.0	0.0	0.0	0.0	0.0	0.0	0.0	0.0	0.0	0.0	0.0	0.0	0.0	0.0	0.0	0.0	0.0	0.0	0.0	0.0	0.037995621862273544	0.0	0.05576232796405764	0.0	0.0	0.0	0.0	0.0	0.0	0.0	0.0	0.027240593749392444	0.0	0.0	0.0	0.0	0.0	0.0	0.0	0.0	0.0	0.0	0.0	0.0	0.0	0.0	0.0	0.0	0.0	0.0	0.0	0.0	0.0	0.0	0.0	0.0	0.0	0.0	0.0	0.0	0.05159046318838148	0.08572968496132546	0.0	0.0	0.0	0.0	0.0	0.0	0.0	0.031592577601343395	0.0	0.08572968496132546	0.0	0.0	0.0	0.0	0.0	0.0	0.0	0.0	0.05576232796405764	0.0	0.0	0.0	0.0	0.0	0.0	0.0	0.0	0.0	0.0	0.05067803446224198	0.05884800601672921	0.0	0.0	0.0	0.0	0.0	0.0	0.0	0.0	0.07738569478257223	0.0	0.0	0.0	0.0	0.0	0.0	0.0	0.0	0.0	0.05576232796405764	0.0	0.0	0.0	0.0	0.0	0.0	0.0	0.0	0.0	0.0	0.0	0.0	0.08572968496132546	0.0	0.0	0.0	0.0	0.0	0.0	0.0	0.0	0.0	0.0	0.0	0.0	0.11057402160470188	0.0	0.0	0.0	0.0	0.0	0.0	0.0	0.0	0.0	0.05576232796405764	0.0	0.0	0.0	0.0	0.0	0.0	0.05576232796405764	0.05576232796405764	0.05576232796405764	0.0	0.0	0.0	0.05576232796405764	0.048964500727414734	0.0	0.0	0.0	0.0	0.0	0.0	0.0	0.0	0.0	0.0	0.0	0.0	0.0	0.0	0.0	0.0	0.0	0.0	0.0	0.0	0.0	0.0	0.0	0.0	0.0	0.0	0.0	0.0	0.0	0.0	0.0	0.0	0.0
CABAS1400506_acpa-accepte	acpa-accepte	0.0	0.0	0.0	0.0	0.0	0.0	0.0	0.0	0.0	0.0	0.0	0.0	0.0	0.0	0.0	0.0	0.0	0.0	0.0	0.0	0.0	0.0	0.0	0.03713917877542393	0.0	0.0	0.03713917877542393	0.0	0.0	0.0	0.0	0.0	0.0	0.0	0.0	0.0	0.0	0.0	0.0	0.0	0.0	0.0	0.0	0.032448143910846286	0.03713917877542393	0.0	0.0	0.0	0.0	0.0	0.0	0.0	0.0	0.09903781006779716	0.0	0.0	0.0	0.0	0.0	0.0	0.0	0.10468008401690272	0.0	0.0	0.0	0.0	0.0	0.0	0.0	0.0	0.0	0.0	0.0	0.0	0.0	0.0	0.09903781006779716	0.03713917877542393	0.0	0.0	0.0	0.0	0.0	0.0	0.0	0.0	0.0	0.0	0.0	0.0	0.03899781555473031	0.03002053241110789	0.0	0.0	0.0	0.0	0.0	0.0	0.0	0.0	0.0	0.03713917877542393	0.0	0.0	0.0	0.0	0.0	0.0	0.0	0.0	0.0	0.0	0.0	0.0	0.0	0.0	0.0	0.015716880274790245	0.07364521005904907	0.07364521005904907	0.0	0.0	0.0	0.0	0.0	0.022109683206982027	0.03713917877542393	0.0	0.0	0.0	0.0	0.0	0.0	0.0	0.0	0.0	0.0	0.0	0.0	0.0	0.0	0.0	0.0	0.0	0.0	0.03899781555473031	0.0	0.0	0.0	0.0	0.0	0.0	0.04988617327543482	0.0	0.0	0.0	0.0	0.0	0.0	0.0	0.0	0.0	0.0	0.0	0.0	0.0	0.0	0.0	0.03713917877542393	0.0	0.0	0.0	0.0	0.0	0.0	0.09903781006779716	0.0	0.0	0.02104148858829974	0.0	0.0	0.03713917877542393	0.03713917877542393	0.0	0.0	0.0	0.0	0.0	0.0	0.0	0.0	0.044635737801138296	0.0	0.03002053241110789	0.0	0.03713917877542393	0.0	0.0	0.0	0.0	0.0	0.0	0.0	0.0	0.0	0.0	0.0515409104699295	0.0	0.0	0.02104148858829974	0.0	0.0	0.0	0.0	0.0	0.0	0.0	0.0	0.0	0.0	0.0	0.09903781006779716	0.0	0.0	0.0	0.0	0.034360606979953	0.0	0.0	0.0	0.02104148858829974	0.0	0.0	0.0	0.0	0.0	0.0	0.0	0.0	0.0	0.0	0.0	0.07364521005904907	0.0	0.0	0.0	0.0	0.0	0.0	0.0	0.0	0.0	0.0	0.0	0.0	0.0	0.0	0.0	0.0	0.0	0.0	0.0	0.0	0.0	0.0	0.0	0.0	0.0	0.0	0.0	0.0	0.0	0.0	0.0	0.0	0.0	0.0	0.0	0.0	0.0	0.0	0.0	0.0	0.0	0.0	0.0	0.0	0.032448143910846286	0.0	0.0	0.0	0.0	0.0	0.0	0.0	0.0	0.0	0.0	0.0	0.0
CAMET1502360_acpa-accepte	acpa-accepte	0.0	0.0	0.0	0.0	0.016361153173183433	0.0	0.0	0.016361153173183433	0.0	0.0	0.014403278026996152	0.0	0.0	0.01967715952282983	0.04439765962880353	0.0	0.0	0.0	0.0	0.0	0.0	0.0	0.0	0.0	0.07700846704148569	0.0	0.0	0.0	0.0	0.0	0.0	0.0	0.0	0.0	0.0	0.0	0.0	0.0	0.0	0.0	0.0	0.01967715952282983	0.0	0.0	0.0	0.0	0.0	0.0	0.02887817514055713	0.02887817514055713	0.0	0.02887817514055713	0.0	0.07700846704148569	0.0	0.0	0.0	0.0	0.0	0.0	0.0	0.08139570931947311	0.02887817514055713	0.0	0.0	0.0	0.0	0.0	0.0	0.0	0.0	0.0	0.0	0.0	0.0	0.0	0.07700846704148569	0.0	0.0	0.0	0.0	0.0	0.0	0.0	0.0	0.0	0.02887817514055713	0.0	0.01967715952282983	0.0	0.0	0.0	0.0	0.0	0.0	0.0	0.0	0.0	0.0	0.0	0.0	0.0	0.0	0.0	0.0	0.0	0.0	0.02887817514055713	0.0	0.0	0.0	0.0	0.0	0.0	0.0	0.0	0.0	0.014209741805944486	0.05041147309448652	0.05726403610614201	0.0	0.02887817514055713	0.0	0.0	0.0	0.0	0.0	0.0	0.0	0.0	0.0	0.0	0.0	0.0	0.0	0.0	0.0	0.0	0.0	0.0	0.0	0.0	0.0	0.02887817514055713	0.0	0.03470724707036941	0.0	0.0	0.0	0.0	0.0	0.0	0.0	0.0	0.0	0.0	0.0	0.0	0.0	0.01967715952282983	0.02887817514055713	0.0	0.0	0.02887817514055713	0.0	0.026717651251878173	0.04439765962880353	0.0	0.0	0.0	0.0	0.016361153173183433	0.0	0.0	0.0	0.07700846704148569	0.04439765962880353	0.02887817514055713	0.0	0.016361153173183433	0.0	0.0	0.0	0.0	0.0	0.0	0.0	0.0	0.0	0.0	0.02887817514055713	0.03470724707036941	0.0	0.026717651251878173	0.0	0.0	0.0	0.0	0.0	0.0	0.0	0.0	0.0	0.0	0.0	0.0	0.0352806817895814	0.0	0.0	0.0	0.0	0.0	0.0	0.0	0.0	0.016361153173183433	0.0	0.0	0.02887817514055713	0.02887817514055713	0.0	0.07700846704148569	0.0	0.0	0.0	0.0	0.026717651251878173	0.016361153173183433	0.0	0.04439765962880353	0.0	0.0	0.02887817514055713	0.0	0.0	0.0	0.0	0.0	0.0	0.0	0.0	0.0	0.0	0.0	0.0	0.0	0.0	0.0	0.02887817514055713	0.0	0.0	0.0	0.0	0.0	0.0	0.0	0.0	0.0	0.0	0.0	0.0	0.0	0.0	0.0	0.0	0.0	0.02542243697977692	0.0	0.0	0.0	0.02542243697977692	0.0	0.0	0.0	0.0	0.0	0.0	0.0	0.0	0.0	0.0	0.0	0.0	0.0	0.0	0.0	0.0	0.02542243697977692	0.0	0.0	0.0	0.0	0.02887817514055713	0.02887817514055713	0.0	0.017322470878972162	0.0	0.0	0.0	0.0
CANAN1101988_acpa-accepte	acpa-accepte	0.0	0.0	0.0	0.0	0.0	0.0	0.0	0.0	0.021320673411269312	0.0	0.0	0.0	0.0	0.0	0.0	0.0	0.0	0.0	0.027178632441750273	0.0	0.0	0.0	0.0	0.0	0.09455638880125523	0.0	0.0	0.030693639450943118	0.03634303713179458	0.0	0.0	0.0	0.0	0.0	0.0	0.030134054477029177	0.0	0.0	0.02363909720031381	0.0	0.02363909720031381	0.021791385179590454	0.0	0.0	0.0	0.030134054477029177	0.0	0.0	0.0	0.0	0.0	0.0	0.0	0.0	0.02363909720031381	0.0	0.02363909720031381	0.0	0.0	0.02363909720031381	0.0	0.09994335211243507	0.0	0.02363909720031381	0.0	0.04261598853070434	0.0	0.0	0.0	0.0	0.025449821377307114	0.0	0.0	0.0	0.0	0.0	0.0	0.0	0.0	0.0	0.0	0.02363909720031381	0.0	0.0	0.0	0.035991482551760434	0.0	0.0	0.021791385179590454	0.0	0.031811884626932706	0.024488800203718554	0.0	0.0	0.035991482551760434	0.0	0.0	0.0	0.04085354038481752	0.0	0.0	0.0	0.0	0.0	0.0	0.0	0.0	0.0	0.0	0.0	0.0	0.03634303713179458	0.03634303713179458	0.0	0.0	0.0	0.0	0.02416099447016241	0.0	0.0	0.0	0.0	0.0	0.0	0.0	0.020405252603245393	0.035458645800470714	0.0	0.0	0.0	0.0	0.030134054477029177	0.025449821377307114	0.0	0.0	0.0	0.0	0.032778664045187804	0.03634303713179458	0.03634303713179458	0.0	0.06442931858709974	0.0	0.0	0.0	0.04261598853070434	0.0	0.0	0.0	0.0	0.0	0.0	0.04069389954650451	0.0	0.0	0.0	0.0	0.021320673411269312	0.04261598853070434	0.02416099447016241	0.0	0.0	0.0	0.03198101011690396	0.02363909720031381	0.0	0.0	0.029214290958581024	0.0	0.04438252092596094	0.0	0.020089369651352783	0.0	0.0	0.0	0.0	0.0	0.0	0.0	0.0	0.0	0.035458645800470714	0.035458645800470714	0.0	0.0	0.0	0.0	0.0	0.027178632441750273	0.0	0.0	0.0	0.0	0.0	0.02363909720031381	0.0	0.038436390605876614	0.04261598853070434	0.0	0.0	0.0	0.0	0.0	0.030693639450943118	0.02363909720031381	0.02363909720031381	0.04438252092596094	0.0	0.0	0.0	0.030134054477029177	0.0	0.0	0.0	0.0	0.0	0.0	0.0	0.0	0.0	0.0	0.0	0.0	0.021320673411269312	0.0	0.0	0.024488800203718554	0.0	0.02363909720031381	0.04916799606778171	0.0	0.032778664045187804	0.0	0.0	0.0	0.0	0.0	0.0	0.0	0.038436390605876614	0.0	0.0	0.0	0.0	0.0	0.0	0.0	0.0	0.0	0.0	0.0	0.0	0.0	0.021320673411269312	0.02363909720031381	0.02363909720031381	0.0	0.0	0.0	0.035458645800470714	0.035458645800470714	0.035458645800470714	0.0	0.0	0.030693639450943118	0.0	0.035458645800470714	0.0	0.0	0.0	0.0	0.027178632441750273	0.02363909720031381	0.030134054477029177	0.0	0.0	0.0	0.0	0.0	0.0	0.0	0.0	0.0	0.0	0.030134054477029177	0.0	0.0	0.03198101011690396	0.0	0.0	0.0	0.0	0.0	0.0	0.0	0.0	0.0	0.0	0.0	0.030134054477029177
CADIJ1501045_acpa-rejette	acpa-rejette	0.016296562437883105	0.026029717786771843	0.0	0.02314245497822612	0.0	0.0	0.0	0.015428303318817414	0.0	0.018154435311756534	0.0	0.0	0.018154435311756534	0.01665635331196672	0.0418662763038919	0.0	0.0	0.02314245497822612	0.0	0.0	0.018154435311756534	0.0	0.02314245497822612	0.0	0.0	0.018154435311756534	0.0	0.027910850869261265	0.025054534391978897	0.018154435311756534	0.0	0.018154435311756534	0.0	0.0	0.0	0.0	0.0	0.032728373696816124	0.0	0.0	0.0	0.018555243775149242	0.0	0.0	0.0	0.02314245497822612	0.018154435311756534	0.0	0.0	0.0	0.0	0.0	0.018154435311756534	0.0	0.0	0.0	0.0	0.0	0.0	0.0	0.0	0.0	0.027231652967634794	0.018154435311756534	0.018154435311756534	0.032728373696816124	0.0	0.018154435311756534	0.0	0.02314245497822612	0.0	0.0	0.0	0.0	0.0	0.0	0.0	0.0	0.015209776475560103	0.0	0.018154435311756534	0.0	0.0	0.018154435311756534	0.0	0.027419814485488955	0.0	0.0	0.014757462848784191	0.0	0.026029717786771843	0.020037686094830285	0.032728373696816124	0.0	0.029379045741793983	0.0	0.025054534391978897	0.0	0.03627300506206513	0.0	0.0	0.0	0.018154435311756534	0.02314245497822612	0.018154435311756534	0.0	0.027910850869261265	0.027231652967634794	0.02314245497822612	0.02314245497822612	0.0	0.027910850869261265	0.027910850869261265	0.0	0.022198217914696526	0.018154435311756534	0.0	0.013224384286885537	0.0	0.05399906161586094	0.018154435311756534	0.027231652967634794	0.0	0.0	0.03779147072799092	0.015545573598027914	0.0	0.027231652967634794	0.0	0.0	0.02338369636257676	0.02314245497822612	0.0	0.0	0.0	0.0	0.015545573598027914	0.027910850869261265	0.0	0.0	0.0	0.04948065006706464	0.0	0.0	0.018154435311756534	0.026029717786771843	0.018154435311756534	0.0	0.0	0.0	0.0	0.0	0.031918034089154446	0.0	0.02314245497822612	0.0	0.0	0.0	0.029379045741793983	0.013646683134845385	0.0	0.018154435311756534	0.018405789959398462	0.027231652967634794	0.0	0.022615999956745448	0.0418662763038919	0.0	0.0	0.03779147072799092	0.018154435311756534	0.0	0.0	0.0	0.0	0.0	0.0418662763038919	0.0	0.0	0.015428303318817414	0.0	0.0	0.0	0.0	0.02314245497822612	0.0	0.0	0.018154435311756534	0.02314245497822612	0.0	0.027231652967634794	0.032728373696816124	0.0	0.0	0.0	0.027231652967634794	0.026029717786771843	0.029379045741793983	0.0	0.0	0.018154435311756534	0.0	0.0	0.0	0.018154435311756534	0.0	0.0316616745486533	0.0	0.0	0.015428303318817414	0.020774122468812294	0.018154435311756534	0.018154435311756534	0.018154435311756534	0.0	0.0	0.0	0.0	0.0	0.0	0.018154435311756534	0.0	0.0	0.0	0.0	0.0	0.02519431381866061	0.015428303318817414	0.0	0.0418662763038919	0.0	0.0	0.0	0.0	0.018154435311756534	0.027910850869261265	0.018154435311756534	0.0	0.0	0.0	0.0	0.0	0.0	0.0	0.0	0.0	0.0	0.0	0.0	0.0	0.0	0.0	0.0	0.018154435311756534	0.0	0.0	0.01293872675473066	0.02314245497822612	0.018154435311756534	0.0	0.0	0.0	0.018154435311756534	0.0	0.02338369636257676	0.0	0.022814664713340153	0.0	0.0	0.018154435311756534	0.0	0.020774122468812294	0.0	0.0	0.0	0.0	0.0	0.0	0.018154435311756534	0.0	0.0	0.0	0.0	0.0	0.02314245497822612	0.0	0.02314245497822612	0.02076088213377104	0.043295568808681566	0.0	0.0	0.0	0.0	0.0	0.0	0.018555243775149242	0.0	0.0	0.0	0.01938873676156637
CAPAR1507861_acpa-rejette	acpa-rejette	0.0	0.0	0.0	0.0	0.025491296153210607	0.044993290331074694	0.0	0.0	0.0	0.0	0.0	0.0	0.0	0.0	0.0	0.0	0.0	0.0	0.0	0.0	0.0	0.0	0.0	0.0	0.0	0.0	0.044993290331074694	0.0	0.0	0.0	0.0	0.0	0.0	0.03823694422981591	0.0	0.0	0.02999552688738313	0.0	0.0	0.0	0.0	0.030657759605390127	0.0	0.0	0.0	0.0	0.0	0.0	0.0	0.0	0.0	0.0	0.0	0.0	0.0	0.0	0.0	0.0	0.0	0.0	0.0	0.12681759714004429	0.0	0.0	0.0	0.0	0.0	0.0	0.02999552688738313	0.0	0.0	0.02393896040626485	0.02999552688738313	0.04611548986910702	0.04611548986910702	0.04611548986910702	0.0	0.0	0.0	0.0	0.0	0.0	0.03823694422981591	0.0	0.0	0.054075205113509314	0.0	0.0	0.0	0.0	0.054075205113509314	0.0	0.054075205113509314	0.044993290331074694	0.0	0.0	0.0	0.0	0.0	0.0	0.02999552688738313	0.044993290331074694	0.0	0.0	0.0	0.0	0.0	0.0	0.0	0.03823694422981591	0.0	0.0	0.0	0.0	0.0	0.0	0.0	0.026752126739111533	0.08921953653623711	0.0	0.0	0.0	0.0	0.0	0.06244066845753766	0.030657759605390127	0.0	0.0	0.02999552688738313	0.0	0.0	0.0	0.0	0.02999552688738313	0.02999552688738313	0.0	0.026752126739111533	0.0	0.04611548986910702	0.04611548986910702	0.03823694422981591	0.07133900463763075	0.054486064792458114	0.0	0.0	0.054075205113509314	0.0	0.0	0.0	0.0	0.0	0.0	0.06917323480366054	0.0	0.0	0.054486064792458114	0.0	0.0	0.0	0.0	0.0	0.0	0.0	0.0	0.0	0.0	0.0	0.0	0.0	0.0	0.0	0.0	0.0	0.0	0.0	0.0	0.0	0.0	0.0	0.0	0.0	0.0	0.0	0.0	0.0	0.0	0.0	0.0	0.03823694422981591	0.0	0.0	0.0	0.02999552688738313	0.0	0.0	0.0	0.047186316262513614	0.054075205113509314	0.0	0.0	0.0	0.0	0.0	0.0	0.0	0.0	0.0	0.0	0.0	0.0	0.0	0.0	0.0	0.0	0.0	0.025491296153210607	0.044993290331074694	0.0	0.0	0.0	0.0	0.0	0.0	0.0	0.0	0.0	0.0	0.0	0.0	0.0	0.025491296153210607	0.0	0.0	0.0	0.0	0.0	0.0	0.0	0.0	0.054075205113509314	0.0	0.0	0.0	0.0	0.0	0.0	0.0	0.0	0.0	0.0	0.0	0.0	0.0	0.0	0.0	0.0	0.0	0.0	0.0	0.0	0.0	0.0	0.0	0.0	0.0	0.044993290331074694	0.03926138833494303	0.0	0.04611548986910702	0.0	0.0	0.03823694422981591	0.0	0.0	0.0	0.0	0.0	0.0	0.0	0.0	0.0	0.0	0.0	0.0	0.0	0.0	0.0	0.03926138833494303	0.07153477241257696	0.0	0.0	0.0	0.0	0.0	0.02999552688738313	0.026752126739111533	0.0	0.0	0.0	0.0
CAROU1501728_acpa-rejette	acpa-rejette	0.0	0.0	0.0	0.0	0.0	0.0	0.036973579273560625	0.0	0.0	0.03302519215032718	0.0	0.0	0.0	0.033754312956990315	0.0	0.0	0.0	0.0	0.0	0.0	0.0	0.0	0.0	0.0	0.0	0.0	0.0	0.0	0.0	0.0	0.0	0.0	0.0	0.0	0.0	0.0	0.0	0.0	0.0	0.0	0.0	0.033754312956990315	0.0	0.0	0.04953778822549076	0.0	0.0	0.0	0.04953778822549076	0.0	0.0	0.0	0.0	0.0	0.0	0.0	0.0	0.0	0.0	0.0	0.0	0.0	0.0	0.0	0.03302519215032718	0.0	0.0	0.0	0.0	0.0	0.0	0.03302519215032718	0.03302519215032718	0.0	0.0	0.0	0.0	0.04953778822549076	0.0	0.0	0.0	0.0	0.0	0.0	0.0	0.0	0.0	0.04953778822549076	0.0	0.0	0.05953701184002774	0.045831613083447936	0.05953701184002774	0.0	0.0	0.0	0.0507733342958655	0.0	0.07876006356631073	0.0	0.0	0.0	0.0	0.0	0.0	0.0	0.0507733342958655	0.0	0.0	0.0	0.0	0.0	0.0	0.0	0.0	0.0	0.0	0.0	0.0	0.0	0.0	0.0	0.0	0.0	0.06874741962517192	0.0	0.0	0.0	0.0	0.0	0.0507733342958655	0.0	0.0	0.0	0.0	0.0	0.02724091144132218	0.0507733342958655	0.0507733342958655	0.0507733342958655	0.042099024803667395	0.09001150121864082	0.06874741962517192	0.0	0.0	0.0	0.0	0.0	0.0	0.0	0.0	0.0	0.07616000144379825	0.0	0.036973579273560625	0.06874741962517192	0.0	0.0	0.0	0.033754312956990315	0.0	0.0	0.0	0.0	0.0	0.0	0.0	0.0	0.04953778822549076	0.0	0.0	0.0	0.0	0.0	0.0	0.0	0.0	0.0	0.0	0.0	0.0	0.0	0.0	0.0	0.0	0.0	0.0	0.0	0.0	0.0	0.0	0.0	0.0	0.0	0.0	0.0	0.0522885372581462	0.05953701184002774	0.042099024803667395	0.0	0.0	0.042099024803667395	0.0	0.0	0.0	0.0	0.0	0.0	0.0	0.0	0.0	0.0	0.0	0.0	0.0	0.0	0.0	0.0	0.0	0.0	0.0	0.0	0.0	0.0	0.0507733342958655	0.03302519215032718	0.0	0.0	0.0	0.0	0.0	0.0	0.04953778822549076	0.0	0.0	0.0	0.0	0.0	0.0	0.0	0.0	0.0	0.0982310578752239	0.0	0.0	0.0	0.0	0.0	0.0	0.0	0.0	0.0	0.0	0.0	0.0	0.0	0.0	0.0	0.0	0.0	0.0	0.0	0.0	0.0	0.0507733342958655	0.0	0.04953778822549076	0.0	0.0	0.0	0.0	0.0	0.0	0.0	0.0	0.0	0.0	0.0	0.0	0.0	0.0	0.0	0.0	0.0	0.0	0.042099024803667395	0.042099024803667395	0.04953778822549076	0.0	0.0	0.0	0.03302519215032718	0.04953778822549076	0.04953778822549076	0.0	0.0	0.0	0.0	0.03302519215032718	0.042099024803667395
CALYO1504370_acpa-rejette	acpa-rejette	0.0	0.0	0.0	0.0	0.0	0.0	0.0	0.0	0.0	0.0	0.0	0.0	0.0	0.046957592649328805	0.0	0.0	0.0	0.0	0.05856640780049429	0.0	0.0	0.0	0.0	0.0689149052805584	0.0	0.0	0.0	0.0	0.0	0.0	0.0	0.0	0.0	0.05856640780049429	0.0	0.0	0.0	0.0	0.0	0.0	0.04594327018703893	0.046957592649328805	0.0	0.0	0.0	0.0	0.0	0.0	0.0	0.0	0.0	0.0	0.0	0.0	0.0	0.0	0.04594327018703893	0.04594327018703893	0.0	0.0	0.0	0.0	0.0	0.0	0.0	0.0	0.0	0.0	0.0	0.0	0.0	0.0	0.0	0.0	0.0	0.0	0.0	0.0	0.0	0.0	0.0	0.0	0.0	0.0	0.0	0.06292066148636219	0.0	0.0	0.0	0.0	0.08282540821093244	0.06375902896842998	0.08282540821093244	0.0	0.0	0.04594327018703893	0.0	0.0	0.10956771618176721	0.0	0.0	0.0	0.04594327018703893	0.0	0.0	0.0	0.0	0.0	0.0	0.05856640780049429	0.0	0.0	0.0	0.05856640780049429	0.0	0.0	0.0	0.0356726619901273	0.0	0.0	0.04594327018703893	0.0	0.0	0.0	0.0	0.0	0.0	0.0	0.0	0.05856640780049429	0.0	0.05856640780049429	0.05856640780049429	0.0	0.0	0.0	0.046957592649328805	0.07063374545206663	0.0	0.0	0.0	0.0	0.0	0.0	0.0	0.0	0.0	0.0	0.0	0.0	0.0	0.0	0.10595061817809995	0.0	0.0	0.0	0.04042268673007263	0.0	0.08282540821093244	0.046957592649328805	0.0	0.04594327018703893	0.0	0.0	0.04594327018703893	0.0	0.0	0.0	0.0	0.09563854345264498	0.0	0.0	0.0	0.0	0.0	0.0	0.0	0.0	0.0	0.0	0.04594327018703893	0.0	0.0	0.0	0.0	0.0	0.05856640780049429	0.037193352425645775	0.0	0.04594327018703893	0.0	0.0	0.0	0.0	0.0	0.0	0.0	0.0	0.0	0.0	0.0	0.0	0.0	0.0	0.0	0.0	0.0	0.0	0.0	0.0	0.05856640780049429	0.0	0.0	0.0	0.0	0.0	0.0	0.0	0.0	0.0	0.0	0.0	0.04594327018703893	0.04594327018703893	0.0	0.0	0.06375902896842998	0.0	0.0	0.0	0.0	0.0	0.0	0.04594327018703893	0.0	0.0	0.0	0.0	0.0	0.0	0.0	0.0	0.0	0.0	0.0	0.0	0.0	0.0	0.0	0.0	0.0	0.0	0.0	0.04594327018703893	0.0	0.0	0.0	0.05856640780049429	0.0	0.0	0.0	0.0	0.0	0.0	0.0	0.0	0.05235315490965948	0.0	0.0	0.0	0.0	0.0	0.0	0.05152901710712211	0.04042268673007263	0.0	0.0	0.0	0.0	0.0	0.0	0.0	0.0	0.0	0.05856640780049429	0.0	0.0	0.0689149052805584	0.10956771618176721	0.0	0.0	0.0	0.0	0.0	0.0	0.04131512731972805	0.04594327018703893	0.04594327018703893	0.0	0.0
CAAIX1416771_acpa-rejette	acpa-rejette	0.0	0.0	0.0	0.0	0.0	0.0	0.0	0.0	0.0	0.0	0.03680334032797314	0.04330637319178414	0.0	0.044262478991608706	0.0	0.04330637319178414	0.06657974776344126	0.0	0.0	0.0	0.0	0.05520501049195971	0.0	0.0	0.0	0.0	0.0	0.0	0.0	0.0	0.0	0.0	0.0	0.0	0.04330637319178414	0.0	0.0	0.07807167454867842	0.0	0.0	0.0	0.044262478991608706	0.0	0.0	0.0	0.0	0.0	0.0	0.0	0.0	0.0	0.0	0.0	0.0	0.04330637319178414	0.0	0.0	0.0	0.0	0.0	0.0	0.0	0.0	0.0	0.0	0.07807167454867842	0.0	0.0	0.0	0.0	0.0	0.0	0.0	0.0	0.0	0.0	0.0	0.0	0.0	0.0	0.0	0.0	0.0	0.0	0.0	0.06821865233541805	0.0	0.0	0.044262478991608706	0.04330637319178414	0.06245500382188817	0.048077884358408325	0.0	0.0	0.0	0.0	0.0	0.0	0.0	0.0	0.0	0.0	0.0	0.05520501049195971	0.0	0.0	0.06657974776344126	0.0	0.0	0.0	0.0	0.06657974776344126	0.06657974776344126	0.0	0.0	0.0	0.04330637319178414	0.0	0.0	0.0	0.0	0.0	0.05520501049195971	0.0	0.0	0.0	0.0	0.0	0.0	0.05520501049195971	0.06657974776344126	0.0	0.0	0.0	0.0	0.0	0.0	0.0	0.0	0.0	0.0	0.10313690791742387	0.07877211457921421	0.0	0.0	0.0	0.0	0.04330637319178414	0.04330637319178414	0.0	0.0	0.0	0.0798927093289137	0.0	0.0	0.07877211457921421	0.0	0.0	0.0	0.044262478991608706	0.0	0.0	0.0	0.0	0.0	0.060099603089019106	0.0	0.0	0.0	0.09014940463352868	0.0	0.0	0.0	0.04330637319178414	0.0	0.0	0.0	0.0	0.0	0.0	0.0	0.0	0.0	0.0	0.0	0.0649595597876762	0.0	0.0	0.0	0.0	0.0	0.0	0.0	0.0	0.0	0.0	0.0	0.0	0.0	0.0	0.0	0.0	0.0	0.0	0.0	0.0	0.09014940463352868	0.04330637319178414	0.0	0.0	0.0	0.0	0.0	0.0	0.0	0.0	0.0	0.0	0.0	0.0	0.0	0.0	0.0	0.0	0.06657974776344126	0.04330637319178414	0.0	0.0	0.0	0.0	0.0	0.06657974776344126	0.0	0.0	0.0	0.0	0.0	0.0	0.04330637319178414	0.07807167454867842	0.0	0.0	0.0	0.0	0.0	0.0	0.0	0.0	0.0	0.0	0.0	0.0	0.0	0.0	0.0	0.0	0.0	0.0	0.0	0.0	0.0	0.0	0.0	0.04330637319178414	0.0	0.0	0.05676134975501561	0.0	0.0	0.0	0.0	0.0	0.0	0.0	0.0	0.0	0.06657974776344126	0.0	0.0	0.0	0.0	0.0	0.0	0.0	0.0	0.0	0.0	0.05676134975501561	0.0	0.0	0.0	0.0	0.0	0.0	0.0	0.044262478991608706	0.04330637319178414	0.0	0.0	0.0
CAROU1501321_acpa-rejette	acpa-rejette	0.0	0.0	0.0	0.0	0.0	0.0	0.0	0.0	0.02671888837783758	0.0	0.0	0.0	0.0	0.0	0.0	0.0	0.04107794575264638	0.0	0.03406003330502532	0.02671888837783758	0.0	0.0	0.0	0.0	0.0	0.0	0.0	0.04107794575264638	0.0	0.0	0.0	0.0	0.0	0.0	0.0	0.03406003330502532	0.0	0.0	0.0	0.03406003330502532	0.0	0.0	0.02671888837783758	0.0	0.0	0.030401474386096475	0.0	0.02671888837783758	0.0	0.0	0.0	0.0	0.0	0.0	0.02671888837783758	0.0	0.0	0.02671888837783758	0.0	0.02671888837783758	0.03406003330502532	0.0	0.0	0.0	0.0	0.04816816103484612	0.0	0.02671888837783758	0.02671888837783758	0.03406003330502532	0.0	0.0	0.0	0.03666555767719355	0.03666555767719355	0.03666555767719355	0.0	0.0	0.0	0.0	0.0	0.020978868894992307	0.030401474386096475	0.0	0.02671888837783758	0.04299417739295589	0.0	0.0	0.02437540740119071	0.0	0.03996759098310543	0.03076706588394237	0.0	0.0	0.04816816103484612	0.02671888837783758	0.0	0.0	0.06372048760475722	0.0	0.02671888837783758	0.0	0.0	0.0	0.0	0.03666555767719355	0.0	0.0	0.0	0.0	0.02671888837783758	0.04107794575264638	0.04107794575264638	0.03406003330502532	0.03666555767719355	0.02671888837783758	0.0	0.0	0.0	0.0	0.0	0.0	0.0	0.02671888837783758	0.0556198014796753	0.0	0.0	0.0	0.0	0.0	0.0	0.0	0.030401474386096475	0.0	0.0	0.0	0.0	0.0	0.0	0.0	0.0	0.0	0.0	0.0	0.0	0.0	0.0	0.0	0.0	0.02671888837783758	0.02671888837783758	0.02671888837783758	0.05112671417163668	0.02671888837783758	0.0	0.0	0.0	0.0	0.0	0.0214420344003426	0.0	0.0	0.030401474386096475	0.0	0.0	0.0	0.0	0.04107794575264638	0.0	0.0556198014796753	0.0	0.0	0.0	0.0	0.022706688870016884	0.0	0.0	0.0	0.0	0.0	0.0	0.0	0.0	0.0	0.03406003330502532	0.0	0.0	0.0	0.0	0.0	0.0	0.04816816103484612	0.0	0.03707986765311687	0.0	0.0	0.03479360734121519	0.03996759098310543	0.0	0.023848878636414942	0.02671888837783758	0.03406003330502532	0.023848878636414942	0.03408447611442446	0.0	0.02671888837783758	0.04964539978281922	0.0	0.02671888837783758	0.022706688870016884	0.0	0.0	0.0	0.0	0.02671888837783758	0.0	0.0	0.02671888837783758	0.0	0.0	0.0	0.0	0.0	0.0	0.0	0.0	0.03076706588394237	0.0	0.02671888837783758	0.0	0.0	0.04107794575264638	0.0	0.0	0.02671888837783758	0.0	0.0	0.0	0.0	0.0	0.0	0.0	0.0	0.030401474386096475	0.0	0.02671888837783758	0.02671888837783758	0.02671888837783758	0.0	0.0	0.02671888837783758	0.0	0.040078332566756365	0.0	0.023848878636414942	0.023848878636414942	0.0	0.0	0.0	0.0	0.0	0.0	0.0	0.0	0.04107794575264638	0.0	0.03146830334248846	0.0	0.04107794575264638	0.0	0.0	0.0	0.02671888837783758	0.0	0.0	0.02671888837783758	0.04107794575264638	0.03406003330502532	0.02671888837783758	0.0	0.0	0.0	0.0	0.0	0.0	0.03406003330502532	0.0	0.03146830334248846	0.0	0.02671888837783758	0.02671888837783758	0.0	0.0	0.0	0.0	0.022659494195066677	0.0	0.0	0.02671888837783758	0.030401474386096475
CAVER1501683_acpa-rejette	acpa-rejette	0.0	0.07101700762960227	0.0	0.0	0.0	0.0	0.0	0.0	0.0	0.0	0.0334777384496457	0.03939314806746898	0.0	0.0	0.0	0.0	0.0	0.0	0.0	0.0	0.0	0.0	0.0	0.0	0.0	0.0	0.0	0.0	0.0	0.0	0.0	0.0	0.0	0.0	0.03939314806746898	0.0	0.0	0.0	0.03939314806746898	0.050216607674468554	0.0	0.0	0.0	0.0	0.0	0.0	0.0	0.0	0.0	0.0	0.0	0.0	0.0	0.0	0.0	0.0	0.0	0.0	0.0	0.0	0.0	0.0	0.0	0.0	0.0	0.0	0.0	0.0	0.0	0.0	0.0	0.0	0.0	0.0	0.0	0.0	0.0	0.0	0.0	0.0	0.03939314806746898	0.0	0.0	0.03939314806746898	0.0	0.07101700762960227	0.0	0.0	0.040262858795122335	0.03939314806746898	0.06197775474056605	0.04771049784431255	0.0	0.0	0.0	0.0	0.0	0.0	0.0	0.03939314806746898	0.0	0.0	0.0	0.050216607674468554	0.03939314806746898	0.0	0.0	0.0	0.0	0.0	0.0	0.0	0.0	0.0	0.0	0.0	0.03939314806746898	0.035138084113219774	0.0	0.0	0.0	0.0	0.050216607674468554	0.03939314806746898	0.0	0.040262858795122335	0.05908972210120346	0.0	0.0	0.0	0.0	0.0	0.0	0.0	0.0	0.0	0.035138084113219774	0.0	0.0	0.0	0.0	0.10736762345365955	0.08200337694398516	0.0	0.03939314806746898	0.0	0.0	0.0	0.0	0.0	0.0	0.0	0.07928221025280607	0.0	0.050216607674468554	0.08200337694398516	0.0	0.0	0.07101700762960227	0.0	0.0	0.0	0.0	0.0	0.0	0.05466891796265677	0.0	0.06056350760025223	0.0	0.0	0.0	0.0	0.0	0.03939314806746898	0.0	0.0	0.0	0.0	0.0334777384496457	0.0	0.0	0.0	0.0	0.0	0.0	0.0	0.050216607674468554	0.0	0.0	0.0	0.0	0.0	0.0	0.0	0.0	0.0	0.06197775474056605	0.07101700762960227	0.0	0.0	0.0	0.0	0.0	0.06056350760025223	0.0	0.0	0.07156574676646883	0.03939314806746898	0.0	0.0	0.0	0.0	0.0	0.0	0.0	0.0	0.0	0.0	0.0	0.0	0.0	0.0	0.03939314806746898	0.0	0.0	0.0	0.0	0.0	0.0	0.0	0.0	0.06056350760025223	0.0	0.0	0.0	0.06056350760025223	0.03939314806746898	0.0	0.0	0.07101700762960227	0.0	0.0	0.0	0.0	0.0	0.0	0.0	0.0	0.0	0.0	0.0	0.0	0.0	0.0	0.0	0.0	0.0	0.0	0.0	0.0	0.0	0.0	0.0	0.0	0.0	0.0	0.05908972210120346	0.0	0.0	0.0	0.0	0.0	0.0	0.0	0.0	0.0	0.06056350760025223	0.050216607674468554	0.0	0.0	0.0	0.0	0.0	0.0	0.0	0.0	0.0	0.05908972210120346	0.09394667052195213	0.0	0.0	0.0	0.0	0.0	0.0	0.0	0.0	0.0	0.0	0.0
CAFOR1400518_acpa-rejette	acpa-rejette	0.0	0.08941037317429372	0.062489938345253536	0.06928896797821914	0.0	0.0	0.0	0.0	0.0	0.0	0.0	0.0	0.0	0.0	0.0	0.0	0.0	0.0	0.0	0.0	0.0	0.0	0.0	0.0	0.0	0.0	0.0	0.0	0.0	0.0	0.0	0.0	0.0	0.0	0.0	0.0	0.0	0.09798939823763259	0.0	0.0	0.0	0.0	0.0	0.0	0.0	0.0	0.0	0.0	0.0	0.0	0.0	0.0	0.0	0.0	0.0	0.0	0.0	0.0	0.0	0.0	0.06928896797821914	0.0	0.0	0.0	0.0	0.11265533845219747	0.062489938345253536	0.0	0.0	0.07965935375641446	0.06928896797821914	0.0	0.0	0.07624942244152752	0.07624942244152752	0.07624942244152752	0.0	0.0	0.0	0.0	0.0	0.0	0.0	0.0	0.0	0.0	0.0	0.0	0.0	0.0	0.09798939823763259	0.07543227393363548	0.0	0.0	0.0	0.0	0.09607279543716898	0.062489938345253536	0.1490290047041633	0.0	0.0	0.0	0.0	0.0	0.0	0.09607279543716898	0.0	0.0	0.0	0.0	0.0	0.09607279543716898	0.09607279543716898	0.0	0.09607279543716898	0.0	0.0	0.050690916867570414	0.0	0.0	0.0	0.0	0.07965935375641446	0.0	0.0	0.0	0.0	0.0	0.0	0.0	0.09607279543716898	0.0	0.0	0.0	0.0	0.0	0.0	0.0	0.0	0.0	0.0	0.0	0.0	0.0937349075178803	0.0	0.0	0.0	0.0	0.0	0.0	0.0	0.0	0.12534845939711076	0.0	0.0	0.0	0.0	0.0	0.0	0.0	0.0	0.0	0.0	0.0	0.0	0.0	0.0	0.0	0.0	0.0	0.0	0.0	0.0	0.0	0.0	0.0	0.0	0.0	0.0	0.0	0.0	0.0937349075178803	0.0937349075178803	0.0	0.0	0.0	0.0	0.0	0.0	0.0	0.0	0.0	0.0	0.0	0.0	0.0	0.0	0.0	0.0	0.0	0.0	0.0	0.0	0.0	0.0	0.0	0.0	0.0	0.0	0.0	0.0	0.0	0.0	0.0	0.0	0.0	0.0	0.0	0.0	0.0	0.0	0.0	0.0	0.0	0.0	0.0	0.0	0.0	0.0	0.0	0.0	0.0	0.0	0.0	0.0	0.0	0.0	0.062489938345253536	0.0	0.0	0.0	0.0	0.0	0.0	0.0	0.0	0.0	0.0	0.0	0.0	0.0	0.0	0.0	0.0	0.0	0.0	0.0	0.0	0.0	0.0	0.0	0.0	0.0	0.0	0.0	0.0	0.08153210764561036	0.0	0.0	0.0	0.0	0.0	0.0	0.0	0.0	0.0	0.0	0.0	0.0	0.0	0.0	0.0	0.0	0.0	0.0	0.0	0.0	0.08153210764561036	0.0	0.0	0.0	0.0	0.0	0.0	0.0	0.05555476689806715	0.0	0.0	0.0	0.0
CAPAR1411380_acpa-rejette	acpa-rejette	0.0	0.15617771616826093	0.08663180980454246	0.0	0.0	0.0	0.11043432217280522	0.0	0.0	0.0	0.0	0.0	0.0	0.0	0.0	0.0	0.0	0.0	0.0	0.0	0.0	0.0	0.11043432217280522	0.0	0.0	0.0	0.0	0.0	0.13318880386342574	0.08663180980454246	0.0	0.0	0.0	0.0	0.0	0.0	0.0	0.15617771616826093	0.0	0.0	0.0	0.0	0.0	0.0	0.0	0.0	0.0	0.0	0.0	0.0	0.0	0.0	0.0	0.0	0.0	0.0	0.0	0.0	0.0	0.0	0.0	0.0	0.0	0.0	0.0	0.0	0.0	0.0	0.0	0.0	0.0	0.0	0.0	0.0	0.0	0.0	0.0	0.0	0.0	0.0	0.0	0.0	0.0	0.0	0.0	0.0	0.0	0.0	0.08854444228098211	0.0	0.0	0.0	0.0	0.0	0.0	0.0	0.0	0.0	0.2066036986556249	0.0	0.0	0.0	0.0	0.0	0.0	0.0	0.0	0.0	0.0	0.0	0.0	0.0	0.0	0.0	0.0	0.0	0.0	0.0	0.0	0.0	0.0	0.0	0.0	0.0	0.0	0.0	0.0	0.0	0.0	0.0	0.0	0.0	0.0	0.0	0.0	0.0	0.0	0.0	0.0	0.0	0.0	0.0	0.0	0.0	0.0	0.0	0.0	0.0	0.0	0.0	0.0	0.0	0.0	0.0	0.0	0.0	0.0	0.0	0.0	0.0	0.0	0.0	0.0	0.0	0.0	0.0	0.0	0.13318880386342574	0.0	0.18033849294233284	0.08663180980454246	0.0	0.0	0.0	0.0	0.0	0.0	0.0	0.0	0.0	0.0	0.0	0.0	0.0	0.0	0.0	0.0	0.0	0.0	0.0	0.0	0.0	0.0	0.0	0.0	0.0	0.13257878973333034	0.15617771616826093	0.11043432217280522	0.0	0.0	0.0	0.0	0.0	0.0	0.0	0.0	0.0	0.0	0.0	0.0	0.0	0.0	0.0	0.0	0.0	0.0	0.0	0.0	0.0	0.0	0.0	0.0	0.0	0.0	0.0	0.0	0.0	0.0	0.0	0.0	0.0	0.0	0.0	0.0	0.0	0.0	0.0	0.0	0.0	0.0	0.0	0.0	0.0	0.0	0.0	0.0	0.0	0.0	0.0	0.0	0.0	0.0	0.0	0.0	0.0	0.0	0.0	0.0	0.12994771470681368	0.12994771470681368	0.12994771470681368	0.0	0.0	0.0	0.0	0.0	0.0	0.0	0.0	0.0	0.0	0.0	0.0	0.0	0.0	0.13318880386342574	0.11043432217280522	0.0	0.0	0.0	0.0	0.0	0.0	0.0	0.0	0.0	0.0	0.0	0.0	0.0	0.0	0.0	0.0	0.0	0.0	0.0	0.0	0.0	0.0
CALYO1406491_acpa-rejette	acpa-rejette	0.0	0.05483787759369176	0.0	0.03877623511237729	0.02585082340825152	0.0	0.0	0.0	0.0	0.0	0.0	0.0	0.0	0.0	0.0	0.0	0.04676589914558545	0.0	0.0	0.0	0.0	0.03877623511237729	0.0	0.0	0.0	0.030418581461795918	0.0	0.04676589914558545	0.0	0.0	0.0	0.0	0.0	0.0	0.0	0.03877623511237729	0.0	0.0	0.0	0.0	0.0	0.031090154258466327	0.0	0.04562787219269387	0.0	0.0	0.0	0.0	0.0	0.0	0.030418581461795918	0.0	0.030418581461795918	0.0	0.0	0.030418581461795918	0.0	0.0	0.030418581461795918	0.0	0.03877623511237729	0.0	0.0	0.0	0.0	0.0	0.0	0.0	0.0	0.0	0.0	0.0	0.0	0.0	0.0	0.0	0.0	0.0	0.0	0.02696211259683384	0.0	0.0	0.0	0.0	0.0	0.05483787759369176	0.0	0.0	0.0	0.0	0.0	0.0	0.0	0.0	0.05483787759369176	0.0	0.0	0.0	0.0	0.0	0.0	0.0	0.0	0.0	0.0	0.0	0.041451881641459236	0.0	0.03877623511237729	0.0	0.0	0.0	0.0	0.0	0.0	0.0	0.0	0.0	0.0	0.0	0.0	0.0	0.0	0.0	0.056126113066606524	0.031090154258466327	0.0	0.0	0.0	0.0	0.0	0.0	0.0	0.0	0.0	0.030418581461795918	0.031090154258466327	0.04676589914558545	0.04676589914558545	0.04676589914558545	0.03877623511237729	0.08290707802257687	0.06332132678101138	0.0	0.0	0.0	0.0	0.0	0.0	0.0	0.0	0.0	0.07014884871837819	0.030418581461795918	0.0	0.06332132678101138	0.0	0.0	0.0	0.031090154258466327	0.04562787219269387	0.0	0.0	0.0	0.0	0.0	0.0	0.0	0.0	0.0	0.0	0.02585082340825152	0.030418581461795918	0.0	0.0	0.0	0.0	0.0	0.0	0.0	0.0	0.0	0.0	0.0	0.0	0.0	0.0	0.0	0.0	0.0	0.0	0.0	0.0	0.042214217854007585	0.0	0.0	0.03873036138648766	0.04496159924882044	0.0	0.030418581461795918	0.0	0.0	0.0	0.0	0.0	0.0	0.056126113066606524	0.0	0.030418581461795918	0.0	0.0	0.0	0.0	0.030418581461795918	0.0	0.02585082340825152	0.0	0.0	0.0	0.0	0.030418581461795918	0.0	0.0	0.0	0.04676589914558545	0.0	0.0	0.0	0.0	0.0	0.0	0.0	0.0	0.0	0.0	0.04676589914558545	0.0	0.0	0.0	0.048606639731358973	0.030418581461795918	0.030418581461795918	0.0	0.03877623511237729	0.030418581461795918	0.0	0.030418581461795918	0.030418581461795918	0.0	0.030418581461795918	0.030418581461795918	0.030418581461795918	0.0	0.0	0.0	0.0	0.0	0.0	0.0	0.0	0.0	0.0	0.0	0.0	0.0	0.0	0.03525846559780764	0.030418581461795918	0.04676589914558545	0.0	0.0	0.03877623511237729	0.0	0.03877623511237729	0.0	0.0	0.0	0.0	0.0	0.030418581461795918	0.030418581461795918	0.030418581461795918	0.030418581461795918	0.030418581461795918	0.0	0.0	0.0	0.0322256085914381	0.056057387525932464	0.0	0.0	0.0	0.0	0.0	0.0	0.0	0.0	0.0	0.0	0.0
CAPAR1305040_acpa-rejette	acpa-rejette	0.010290062679641243	0.0	0.0	0.0	0.0	0.0	0.01868057785790162	0.01362372948291274	0.01603099903414186	0.0	0.0	0.0	0.01603099903414186	0.014154657097496165	0.03696938095101066	0.01603099903414186	0.019731592748937953	0.020435594224369108	0.020435594224369108	0.0	0.01603099903414186	0.020435594224369108	0.017653959095366243	0.0	0.0	0.0	0.0	0.024646253967340444	0.02252962458970207	0.0	0.01603099903414186	0.013848904910683274	0.0	0.020435594224369108	0.0	0.020435594224369108	0.014654250926558409	0.02890029450725608	0.013848904910683274	0.020435594224369108	0.01327750281897496	0.012163496191761184	0.0	0.0	0.0	0.015898942728898757	0.014654250926558409	0.01603099903414186	0.0	0.024046498551212787	0.0	0.024046498551212787	0.0	0.0	0.0	0.01603099903414186	0.01603099903414186	0.0	0.014654250926558409	0.01603099903414186	0.0	0.0	0.0	0.01603099903414186	0.0	0.0	0.0	0.0	0.0	0.0	0.020435594224369108	0.0	0.0	0.0	0.0	0.0	0.0	0.0	0.0	0.012165978457883971	0.0	0.014654250926558409	0.01868057785790162	0.0	0.01603099903414186	0.02145439066432087	0.024046498551212787	0.0	0.014154657097496165	0.0	0.01875534274808249	0.014437869579132163	0.019450561625400417	0.0	0.02890029450725608	0.0	0.024646253967340444	0.01603099903414186	0.03494816106561166	0.01603099903414186	0.0	0.0	0.0	0.0	0.0	0.02252962458970207	0.0	0.0	0.020435594224369108	0.0	0.01603099903414186	0.0	0.0	0.016925561491434135	0.024646253967340444	0.0	0.0	0.0	0.0	0.0	0.0	0.0	0.0	0.0	0.0	0.013570639752797377	0.0	0.0	0.014654250926558409	0.01868057785790162	0.0	0.01868057785790162	0.020435594224369108	0.014654250926558409	0.014654250926558409	0.014654250926558409	0.0	0.0	0.024646253967340444	0.024646253967340444	0.0	0.043693138332986034	0.0	0.0	0.0	0.02890029450725608	0.01603099903414186	0.01603099903414186	0.01603099903414186	0.014654250926558409	0.01603099903414186	0.013848904910683274	0.02302401881156108	0.0	0.0	0.0	0.01603099903414186	0.01283428892356084	0.023137343399009067	0.011924387320122567	0.0	0.0	0.020435594224369108	0.0	0.01603099903414186	0.022247457084565013	0.03696938095101066	0.0	0.0	0.03337118562684752	0.0	0.01128370766095609	0.01603099903414186	0.0	0.01362372948291274	0.0	0.03379443688455311	0.024046498551212787	0.0	0.012453718571934416	0.01283428892356084	0.0	0.0	0.012472156803099826	0.020435594224369108	0.0	0.017653959095366243	0.0	0.01868057785790162	0.013848904910683274	0.0	0.02890029450725608	0.013848904910683274	0.022247457084565013	0.013848904910683274	0.0	0.018173407503718927	0.020655375451364	0.020435594224369108	0.0	0.0	0.017653959095366243	0.0	0.024646253967340444	0.014654250926558409	0.01603099903414186	0.023456697718055357	0.0	0.0	0.0	0.016360572416081114	0.014654250926558409	0.01603099903414186	0.0	0.01603099903414186	0.0	0.0	0.01603099903414186	0.024046498551212787	0.024046498551212787	0.0	0.0	0.0	0.0	0.02252962458970207	0.0	0.014973049320419114	0.01362372948291274	0.01283428892356084	0.03696938095101066	0.01362372948291274	0.024646253967340444	0.0	0.013848904910683274	0.0	0.02129147577585886	0.0	0.01603099903414186	0.01603099903414186	0.0	0.0	0.0	0.0	0.017653959095366243	0.013848904910683274	0.01603099903414186	0.0	0.0	0.024046498551212787	0.010652194800102256	0.0	0.01603099903414186	0.0	0.0	0.01603099903414186	0.01603099903414186	0.010524006603808062	0.01868057785790162	0.01603099903414186	0.0	0.0	0.0	0.01603099903414186	0.014654250926558409	0.024646253967340444	0.0	0.017186311223966085	0.013848904910683274	0.024646253967340444	0.0	0.020773357366024908	0.0	0.012165978457883971	0.015898942728898757	0.014654250926558409	0.01603099903414186	0.0	0.0	0.0	0.01603099903414186	0.01603099903414186	0.01603099903414186	0.01603099903414186	0.01603099903414186	0.01868057785790162	0.017653959095366243	0.020435594224369108	0.013131497297258838	0.03302753322749105	0.013848904910683274	0.0	0.013848904910683274	0.0	0.0	0.014654250926558409	0.014154657097496165	0.0	0.01603099903414186	0.0	0.0
CANIM1601140_acpa-rejette	acpa-rejette	0.0	0.0	0.0	0.0	0.0	0.0	0.0	0.0	0.0	0.0	0.0	0.0	0.0	0.0	0.0	0.0	0.0	0.05554385361192433	0.0	0.04357218360420664	0.0	0.0	0.0	0.0	0.0	0.0	0.0	0.0	0.0669884079422471	0.0	0.04357218360420664	0.0	0.06535827540630995	0.0	0.0	0.0	0.0	0.0	0.0	0.0	0.0	0.0	0.04357218360420664	0.0	0.0	0.0	0.0	0.0	0.0	0.0	0.04357218360420664	0.0	0.0	0.0	0.0	0.0	0.0	0.0	0.0	0.0	0.0	0.0	0.0	0.0	0.0	0.07855087108444919	0.04357218360420664	0.0	0.0	0.0	0.05554385361192433	0.0	0.0	0.0669884079422471	0.0669884079422471	0.0669884079422471	0.0	0.0	0.03809997301796467	0.0	0.0	0.0	0.0	0.0	0.0	0.06291494985300762	0.0	0.0	0.044534157890774376	0.0	0.0	0.0	0.0	0.0	0.07855087108444919	0.0	0.0	0.0	0.0	0.0	0.0	0.0	0.0	0.0	0.0	0.0669884079422471	0.0	0.0	0.0	0.0	0.0	0.0	0.0	0.0	0.0	0.0	0.0	0.0	0.0	0.0	0.0	0.0	0.0	0.0	0.09070273313137266	0.0	0.0	0.0	0.0	0.0	0.0	0.0	0.0	0.0	0.0	0.0	0.044534157890774376	0.0	0.0	0.0	0.0	0.11875775437539833	0.09070273313137266	0.0	0.0	0.0	0.0	0.0	0.0	0.0	0.0	0.0	0.0	0.0	0.0	0.09070273313137266	0.0	0.04357218360420664	0.07855087108444919	0.0	0.0	0.0	0.0	0.0	0.0	0.0	0.0	0.0669884079422471	0.0	0.0	0.0	0.0	0.0	0.0	0.0	0.0	0.0	0.0	0.03702923574128288	0.0	0.0	0.0	0.0	0.04357218360420664	0.0	0.0	0.0	0.0	0.0	0.0	0.0	0.0	0.0	0.06046848875424844	0.04357218360420664	0.0	0.06868570315503304	0.07855087108444919	0.0	0.0	0.0	0.0	0.04357218360420664	0.0669884079422471	0.0	0.0	0.0	0.0	0.0	0.0	0.0	0.0	0.0	0.0	0.0	0.0	0.0	0.0	0.0	0.0	0.0	0.0	0.0	0.04357218360420664	0.0	0.0	0.0	0.0	0.0	0.0	0.0	0.0	0.0	0.0	0.0	0.0	0.0	0.0	0.0	0.07855087108444919	0.04357218360420664	0.04357218360420664	0.0	0.0	0.0	0.0	0.0	0.0	0.0	0.0	0.0	0.0	0.0	0.0	0.0	0.0	0.0	0.0	0.0	0.0	0.0	0.0	0.0	0.0	0.0	0.0	0.048941643647584035	0.0	0.0	0.04357218360420664	0.0	0.0	0.0	0.0	0.0	0.0	0.0	0.0	0.0	0.0	0.0	0.0	0.0	0.0	0.0	0.0	0.0	0.05714995952694699	0.10391303507847353	0.0	0.04357218360420664	0.0	0.0	0.0	0.0	0.0	0.0	0.0	0.0	0.0
CAPAR1507851_acpa-rejette	acpa-rejette	0.0	0.0	0.0	0.0	0.0726692516394144	0.0	0.0	0.0	0.0	0.0	0.0	0.0	0.0	0.0	0.0	0.0	0.0	0.0	0.0	0.0	0.0	0.0	0.0	0.0	0.0	0.0	0.0	0.0	0.0	0.0	0.0	0.0	0.0	0.0	0.0	0.0	0.0	0.0	0.0	0.0	0.0	0.0	0.0	0.0	0.0	0.0	0.0	0.0	0.0	0.0	0.0	0.0	0.0	0.0	0.0	0.0	0.0	0.0	0.0	0.0	0.0	0.0	0.0	0.0	0.0	0.0	0.0	0.0	0.0	0.0	0.0	0.0	0.0	0.0	0.0	0.0	0.0	0.0	0.0	0.0	0.0	0.0	0.0	0.0	0.0	0.0	0.0	0.0	0.0	0.0	0.15415476185394467	0.0	0.0	0.0	0.0	0.0	0.0	0.0	0.0	0.0	0.0	0.0	0.0	0.0	0.0	0.0	0.0	0.0	0.0	0.0	0.0	0.0	0.0	0.0	0.0	0.0	0.0	0.07160637145229697	0.2543423807379504	0.0	0.0	0.0	0.0	0.0	0.0	0.0	0.0	0.0	0.0	0.0	0.0	0.0	0.0	0.0	0.0	0.0	0.08739753498898369	0.0	0.13146362262755815	0.13146362262755815	0.10900387745912161	0.23306009330395644	0.1780025865064752	0.0	0.0	0.0	0.0	0.0	0.0	0.0	0.0	0.0	0.1971954339413372	0.0	0.0	0.1780025865064752	0.0	0.0	0.0	0.0	0.0	0.0	0.0	0.0	0.0	0.0	0.0	0.0	0.0	0.0	0.0	0.0	0.0	0.0	0.0	0.0	0.0	0.0	0.0	0.0	0.0	0.0	0.0	0.0	0.0	0.0	0.0	0.0	0.0	0.0	0.0	0.0	0.0	0.0	0.0	0.0	0.0	0.0	0.0	0.0	0.0	0.0	0.0	0.0	0.0	0.0	0.0	0.0	0.0	0.0	0.0	0.0	0.0	0.0	0.0	0.0726692516394144	0.0	0.0	0.0	0.0	0.0	0.0	0.0	0.0	0.0	0.0	0.0	0.0	0.0	0.0	0.0	0.0	0.0	0.0	0.0	0.0	0.0	0.0	0.0	0.0	0.0	0.0	0.0	0.0	0.0	0.0	0.0	0.0	0.0	0.0	0.0	0.0	0.12826451497415484	0.0	0.0	0.0	0.0	0.0	0.0	0.0	0.0	0.0	0.0	0.0	0.0	0.0	0.0	0.0	0.0	0.0	0.0	0.0	0.0	0.0	0.0	0.0	0.0	0.0	0.0	0.0	0.0	0.0	0.0	0.0	0.0	0.0	0.0	0.12826451497415484	0.0	0.0	0.0	0.0	0.0	0.0	0.0	0.08739753498898369	0.0	0.0	0.0	0.0
